NODOS_0 1280
GRADO_0 19
NODOS_1 760
GRADO_1 32
N 0
 1504 1393 1570 2022 1714 1445 1398 1571 2023 1391 1739 1947 1515 1997 1517 1962 2011 1920 1940
N 1
 1774 1456 1570 1427 1887 1798 1650 1422 1929 1683 1625 1436 1490 1299 1834 1328 2002 1404 1395
N 2
 1715 1281 1631 1376 1799 1433 1968 1932 1739 1774 1844 2024 1690 1870 1655 1865 1728 1554 1318
N 3
 1789 1679 1756 1475 1546 2030 1709 1653 1668 1552 1706 1368 1493 1717 2019 2006 1715 1842 1963
N 4
 1563 1738 1330 1593 1676 1319 1886 1501 1782 1587 1906 1831 1315 1740 2019 1639 1972 1290 1852
N 5
 1716 1697 1785 1310 1520 1841 1831 1705 1636 1667 1304 1748 1408 1686 1542 1851 1807 1424 1996
N 6
 1761 1895 1572 1958 1521 1894 1610 1672 1968 1680 2004 1445 1816 1370 1644 1971 1967 1707 1780
N 7
 1893 1785 1646 1601 1623 1737 1721 2018 1323 1410 1536 1891 1321 1568 1972 1380 1734 1681 1466
N 8
 1983 1799 1474 1626 1918 1600 1924 1290 1776 1705 1955 1593 1683 1508 1316 2002 1496 1835 1345
N 9
 1385 1678 1291 1499 1781 1529 1919 1435 1890 1320 1339 1622 1756 1305 1755 1724 1931 1880 1473
N 10
 1775 1683 1755 1868 1361 1295 1499 1712 1515 1912 1610 1564 1392 1757 1367 1769 1783 1673 1587
N 11
 1286 1918 1697 1444 2000 1994 1790 1459 1925 1394 1732 1831 1406 1573 1715 1451 1416 1385 1612
N 12
 1981 1828 1689 1845 1492 1720 1921 1396 1566 1381 2021 1795 1486 1508 1410 1748 1291 1707 1400
N 13
 1450 1764 1368 1569 1801 1418 1692 1636 1805 1684 1617 1319 1446 1597 1280 1949 1404 1666 1809
N 14
 1876 1725 1319 1601 1875 1778 2025 1795 1523 1374 1654 1745 1969 1791 1478 1744 1975 1918 1817
N 15
 2000 2004 1742 1769 1403 1906 1313 1739 2020 1965 1288 1960 1420 1833 1914 1461 1587 1295 1496
N 16
 1511 1308 2004 1757 1951 1666 1727 1931 1922 1531 1717 2000 1603 1740 1375 1510 1847 1668 1576
N 17
 1881 1487 1711 1855 1812 1792 1538 1994 1964 1523 1314 1880 2032 1957 1804 1608 1749 1388 2034
N 18
 1597 1526 1483 1535 1752 1290 1457 1391 1333 1601 1720 1367 1706 1840 1575 1444 1412 1771 1943
N 19
 1446 1782 1429 1667 1432 1972 1914 1707 1519 2018 1697 1669 1684 1333 1420 1551 1613 1385 1374
N 20
 1710 1600 1382 1592 1480 1723 1931 1902 1615 1467 1357 1857 1765 1679 1353 1963 1762 1577 1882
N 21
 1687 1431 1743 1699 1461 1319 1982 1290 1969 1363 1568 1719 2033 1724 1968 1965 1325 1976 1693
N 22
 1281 1952 1699 1358 1835 1354 1547 1355 1891 1823 1359 1801 1968 1636 1857 1710 1607 1422 1678
N 23
 1583 1365 1577 1819 1630 1359 1488 1506 1390 1764 1651 1281 1576 1411 1350 1309 1805 1505 1295
N 24
 1963 1723 1981 1749 1999 1887 1928 2020 1727 1920 1720 1541 1333 1485 1655 1854 1650 1327 1814
N 25
 1360 1812 1288 1830 1965 1319 1972 1315 1637 1329 1435 1440 1733 1549 1636 1716 1346 2026 2014
N 26
 1693 1535 1326 1396 1330 1636 1874 1740 1922 1960 1645 1316 1871 1503 1439 2024 1630 1461 1577
N 27
 1889 1604 1798 1931 1702 1708 1324 2013 1442 2015 1999 1605 1717 1895 2028 1471 1936 1704 1589
N 28
 1398 1879 1886 1477 1547 1894 1323 1424 1975 1653 1746 1558 1985 1592 1649 2038 2027 2015 1469
N 29
 1811 1897 1533 1386 1384 1884 1329 1591 1843 1491 1693 2018 1941 1699 1530 1771 1506 1893 1482
N 30
 1608 1762 1288 1320 1463 1752 1439 1666 1888 1351 1886 1642 1923 1481 1501 1915 1791 1437 1384
N 31
 1506 1658 1329 1394 1830 1295 1871 1426 1770 1467 1840 1781 1323 1813 1540 1629 1734 1310 1454
N 32
 1859 1927 1666 1381 1575 1800 1355 1342 1813 1508 1879 1325 1920 1412 1793 1617 1972 1734 1331
N 33
 1468 1399 1294 1349 1293 1940 2011 1718 1556 2018 1528 1557 1778 1532 1423 1466 1382 1335 1284
N 34
 1771 1713 1796 1398 1972 1289 1793 1892 1403 1314 1549 1376 1290 1418 1918 1306 2019 1309 1765
N 35
 1355 1471 1890 1293 1680 1596 1699 1963 2003 2021 1580 1747 2023 1972 1510 1927 1632 1784 1762
N 36
 1566 1836 1975 1453 1349 1736 1857 1371 1482 1682 2002 1679 1611 2016 1622 1929 1928 1638 1768
N 37
 1529 1865 2026 2013 1457 1637 1837 1982 1799 1361 1614 1948 1898 1500 1894 1806 1397 1597 1561
N 38
 1539 1513 1625 1812 1612 1494 1534 1647 1973 1407 2008 1359 2038 1436 1688 1860 1397 1545 1357
N 39
 1746 2030 1570 1701 1485 1923 1546 1983 1914 1995 2002 1767 1831 1686 1818 1636 1777 1462 1991
N 40
 1664 1412 1635 1305 1818 1838 1338 1484 1293 1510 1313 1938 1460 1948 1825 1516 1860 1743 1807
N 41
 1451 1560 1980 1598 2008 1449 1518 1607 1564 1713 1992 1417 1806 1906 1959 1286 1963 1955 1530
N 42
 1877 1551 1494 1293 1693 1939 1904 1953 1974 1576 1499 1485 1367 1527 1339 1750 1914 1924 1288
N 43
 1332 1554 1512 1853 1468 1460 1975 1352 1547 1438 1585 1948 1630 1943 1928 1636 1845 1877 1545
N 44
 1395 2024 1699 1494 1478 1765 1580 2017 1819 1723 1750 1721 1533 1908 1793 1832 1731 1892 1449
N 45
 1956 1351 1859 1703 1649 1380 1547 1517 1830 1604 1685 1618 1460 1922 1317 1678 1768 1525 1595
N 46
 1960 1856 1550 1632 1613 1294 1937 1538 1379 1735 1911 2035 1717 1744 1564 1400 1890 1645 2028
N 47
 1428 1853 1305 1332 1803 1311 1856 1978 1506 1929 1300 1497 2039 1658 1449 1291 1595 1616 1612
N 48
 1454 1489 1619 1981 1643 1835 1853 1910 1657 1425 1787 1712 1736 1546 2029 1815 1702 1771 1649
N 49
 1329 1486 1698 1386 1335 1869 1932 1692 1523 1634 1764 1632 1934 2038 1893 1639 1548 2001 1389
N 50
 1483 1932 1308 1337 1415 1979 1806 1367 1668 2010 1899 2021 1355 1942 2007 1672 1951 1879 1653
N 51
 1551 1671 1442 1786 1347 1591 1356 1646 1396 1385 1298 1647 2012 1462 1599 2017 1973 1828 1802
N 52
 1676 1557 1441 1723 1628 1665 1349 1925 1718 1811 1709 1637 1796 1837 1346 1368 1355 1331 1868
N 53
 1867 1798 1601 1821 1669 1922 1839 1336 1325 1675 1544 1811 1627 1477 1941 1816 1806 1902 1936
N 54
 1517 1363 1379 1784 1771 1578 1989 1423 1945 1359 1330 1581 1533 1394 1800 1952 2011 1619 1561
N 55
 2034 1907 1896 1379 1980 1340 1978 1476 1434 1582 1923 1588 1442 1406 1486 1418 1876 1777 1545
N 56
 1626 1828 1744 1937 1829 2013 1373 1887 1366 1632 1369 1775 1438 1411 1602 1895 1598 1930 1530
N 57
 1732 1448 1467 1749 1824 1883 1721 1900 1565 1402 1751 1631 1447 1444 1719 1753 1495 1640 2026
N 58
 1598 1655 1740 1509 1323 1429 1455 1526 1559 1414 1769 1562 1594 1539 1283 1681 1965 1453 1879
N 59
 1725 1488 1648 1888 2001 1474 1723 1625 1620 1447 1605 1592 1926 1600 1579 2010 1559 1348 1325
N 60
 1758 1999 1890 1324 1787 1702 1985 1363 1921 1424 1835 1918 1877 1316 1874 1735 1982 1776 1789
N 61
 1286 1324 1646 1894 1403 1970 1287 1326 1401 1310 1591 1301 1773 1666 1594 2031 1949 1992 1693
N 62
 1959 1690 2024 1505 1790 1763 1816 1989 1354 1832 1877 1554 1933 1498 1814 1537 1874 1369 1819
N 63
 1455 1530 1484 1614 1709 1429 1478 1914 1343 1724 1421 2039 1290 1839 1483 1881 2037 2015 1618
N 64
 1286 1770 1908 1807 1655 1915 2022 1739 1525 1442 2033 1617 1670 1694 1664 1719 1942 1699 1900
N 65
 1581 1411 2014 1864 1597 1336 1524 1731 1633 1309 1402 1622 1311 1639 1607 1768 1940 1738 1756
N 66
 1433 1781 1589 1592 1464 1593 1533 1419 1818 1706 1777 1691 1500 1752 1800 1735 1987 1879 1354
N 67
 1955 1935 1608 1736 1397 1747 1445 1644 1939 1480 1296 1409 1312 1593 1848 1964 1314 1841 1815
N 68
 1596 1708 1658 1908 1403 1591 1375 2006 1892 1398 1716 1828 1966 1667 1492 1921 1858 1888 1965
N 69
 1982 1733 1796 1649 1484 1687 1862 1458 1387 1454 1564 1616 1632 2017 1659 1615 1281 1887 1357
N 70
 1488 1845 1640 2009 1893 1894 1299 1873 1342 1773 1358 1343 1726 1892 1925 1809 1888 1832 1389
N 71
 1437 1870 1953 1362 1418 1323 2039 1877 1606 1410 1823 1591 2025 2003 1465 1622 1447 1983 1327
N 72
 1909 1654 1280 1364 1847 1428 1630 1489 1605 1739 1361 1962 1743 1692 1810 1442 1588 1983 2014
N 73
 1487 1734 1520 1312 1836 1626 1978 1425 1838 1806 1515 1554 1567 1446 1557 1701 1504 1666 1937
N 74
 1374 1788 1959 1627 1589 1422 1716 2037 1439 1671 1751 1368 1286 1820 1379 1502 1329 1782 1307
N 75
 1330 1677 1361 1973 1965 1684 1945 1358 1689 1435 1907 1412 1429 1912 1544 1922 1666 1869 1294
N 76
 1303 1428 1677 1813 1716 1434 1991 1500 1512 1680 1666 1780 1562 1341 1563 1462 1928 1572 1450
N 77
 1304 1655 1679 1748 2007 1404 1576 1769 1852 1303 1359 1680 1383 1910 1376 1734 1706 1445 1313
N 78
 2008 1293 1852 1867 1952 1453 1861 1684 1719 1947 1899 1357 1766 1428 1798 1394 1809 1462 1891
N 79
 1512 1521 1555 1600 1578 1471 1852 1541 1661 1576 1318 1726 1749 1821 1743 1845 1863 1682 1443
N 80
 1592 1797 1307 1793 1407 1448 1459 1773 2037 1353 2005 1740 1608 1523 1363 1338 1507 1460 1406
N 81
 1614 1654 1942 1458 1900 1664 1548 1895 1377 1433 2015 1332 2012 1744 1436 1665 1780 1728 1373
N 82
 1662 1984 1609 1998 1797 1581 1869 1445 2009 1885 1350 1944 1731 1605 1808 1981 1352 1696 1670
N 83
 1943 1652 1583 1440 1369 1567 1731 1905 1617 1743 1957 1302 1304 1506 1704 1796 1961 1385 1653
N 84
 1876 1971 1481 1555 1890 1709 1628 1614 1758 1719 1955 2039 1432 1938 1987 1364 1866 2027 2016
N 85
 1308 1316 1862 1416 1827 1876 1888 1317 1960 1949 1466 1601 1558 1747 1489 1449 1559 1325 1299
N 86
 1940 1905 1612 1460 1431 1999 1994 1487 1927 1829 1761 1329 1407 1591 1341 1376 1562 1387 1950
N 87
 1862 1875 1336 1643 1962 1522 1401 1860 1665 1767 1626 1353 2020 1523 2023 1289 1821 1485 1851
N 88
 1793 1969 1674 1324 1326 1487 1321 1441 1904 1377 2007 1950 1939 1940 1816 1712 2001 1531 1339
N 89
 1319 1910 1476 1629 1664 2018 2005 1889 1960 1986 1336 1478 1417 1367 1552 1436 1820 1405 1732
N 90
 2035 1835 1493 2031 1948 1397 1588 1709 1494 1936 1752 1591 1599 1292 1837 1788 1923 1733 1295
N 91
 1601 1982 1838 1718 1416 1851 1809 1351 1745 1695 1643 1385 1958 1819 1413 1865 1803 1915 1305
N 92
 1494 1491 1404 1360 1337 1938 1701 1675 1512 1666 1428 1955 1856 1899 1575 1909 1591 1884 1800
N 93
 1826 1496 1470 1679 1700 1332 1393 1303 1484 1541 1754 1549 1690 1693 1451 1414 1428 1566 2005
N 94
 1603 1283 1517 1941 1881 1617 1703 1652 1781 1792 1319 1572 1460 1533 1484 1550 1656 1580 1957
N 95
 1810 1491 1958 1486 1846 1995 1374 2022 1826 1563 1422 1978 1944 1554 1289 1387 1997 1378 1335
N 96
 1512 1463 1702 1440 1460 1914 1298 1921 1695 1666 1850 1986 1536 1810 1993 1809 1825 1862 1772
N 97
 1321 1884 1465 1721 1388 2015 1314 1589 2023 1890 1398 1809 1653 1466 1996 1635 1492 1928 1619
N 98
 1293 1508 1586 1789 1484 1366 1732 1693 1344 1820 1831 1680 1411 1573 1301 1438 1897 1868 1891
N 99
 1616 1719 1335 1873 1629 1767 1940 1583 1883 1841 1298 1487 1751 1628 1620 1452 1377 1905 1928
N 100
 1386 1354 1327 1932 1917 1946 1834 1392 1623 1679 2017 1727 1935 1553 1444 1742 1739 1803 1717
N 101
 1851 1452 1604 1387 1670 1860 1980 1920 1534 1763 2020 1432 1634 1952 1546 1632 1731 1988 1481
N 102
 1983 1487 1305 1977 1828 1972 1707 1897 1425 1737 2032 1938 1723 2033 1968 1638 1402 2039 1820
N 103
 1362 1661 1995 1410 1840 1720 1715 1933 1931 1591 1863 1807 1824 1515 2004 1732 1641 1628 1457
N 104
 1521 1964 1472 1956 1679 1841 1461 1611 1451 1849 1716 1524 1481 1520 1328 1392 1335 1626 1761
N 105
 1569 1387 2031 1768 1291 1391 1902 1334 1889 1491 1892 1583 1970 1878 1761 1562 1532 1809 1652
N 106
 2025 1812 1507 1501 1560 1703 1668 1347 1699 1939 1886 1498 1489 2019 1932 1540 1962 1905 1623
N 107
 1459 1609 1936 1445 1680 1951 1765 1418 1491 1878 1733 1705 1943 1480 1668 1567 1548 1996 1631
N 108
 1751 1769 1431 1537 1927 2003 1493 1451 1645 1838 1672 1987 1864 1910 1604 1391 1824 1347 1290
N 109
 1892 1405 1631 1568 1393 1817 1306 1300 1564 1390 1587 1918 1478 1487 1610 1998 1745 1427 1575
N 110
 1464 1927 1822 1377 1455 1722 1612 1954 1965 1390 1816 1633 1563 1682 1474 2037 1792 1631 1712
N 111
 1652 1304 1789 2005 1788 1513 1606 1711 1729 1977 1306 1817 1771 1589 1617 1529 1904 1696 2017
N 112
 1770 1552 1875 1496 1893 1821 1971 1840 1712 1938 1900 1640 1522 2010 1916 1458 1568 1975 1756
N 113
 1323 1827 1785 1930 1925 1285 1653 2036 1881 1712 1747 2024 1715 1411 1962 1844 1942 2004 1796
N 114
 1917 1830 1344 1894 1739 1606 1966 1369 1486 1774 1388 1791 1998 1407 1699 1661 1308 1618 1724
N 115
 1683 1572 2003 1453 1537 1799 1682 1642 1329 1356 1785 1513 1592 1702 1436 1648 1856 1727 1735
N 116
 1444 1307 1486 1673 1688 1685 1343 1960 1886 1691 1874 1641 1753 1662 1630 1644 1581 1953 1947
N 117
 2031 1577 1345 1560 1659 1517 1655 2022 1666 2033 1634 1624 1811 1733 1298 1363 1428 1522 1450
N 118
 1304 1881 1420 1456 1437 1715 1589 1298 2022 2015 2030 1923 1405 1297 1786 1413 1901 1669 1372
N 119
 1363 1826 1690 1483 1983 1992 1366 2025 1497 1505 2027 1615 1369 1732 1282 1452 1806 1751 1337
N 120
 1933 1483 1658 1371 1667 1855 1482 1379 1443 1837 1811 1312 1469 1730 1614 1615 1353 1731 1554
N 121
 1342 1700 1973 1589 2013 1845 1970 1602 1985 1861 1305 1715 1351 1991 1617 1471 1421 1911 1496
N 122
 1807 1818 1788 1626 1322 1952 1897 1611 1706 1802 1725 1559 1543 1778 1325 1686 1925 1820 1412
N 123
 1842 1857 1484 1448 1580 1978 1460 1948 1787 1682 1636 1627 1684 1855 1809 1289 1974 1926 1673
N 124
 1495 1364 1518 1368 1813 1650 1741 1355 1797 1531 1907 1382 1675 1393 1872 1602 1404 1753 1567
N 125
 1711 1532 1649 1894 1431 1615 1756 1479 1346 2010 1621 1692 1318 1997 1322 1874 1572 1426 1747
N 126
 1996 1380 1555 1486 2035 1540 1879 1297 2025 1412 1300 1598 1749 1991 1854 1351 1752 1562 1309
N 127
 1355 1795 1607 1727 1387 1967 1414 1757 1626 1341 1752 1743 1308 1426 2035 1573 1292 1326 1685
N 128
 1391 2030 1433 1649 1360 1371 1366 1762 1807 1797 1984 1764 1982 1322 1623 1295 1552 1897 1859
N 129
 1546 1920 1704 1888 1563 1328 1401 1424 1330 1459 1686 1526 1817 1348 1473 1646 1576 1522 2019
N 130
 1947 1635 2032 1927 1993 1287 1979 1943 1394 1759 2003 1844 1671 1983 1572 1283 1550 1765 1281
N 131
 2031 1762 2000 1315 1415 1595 1900 1723 1930 1373 1970 1357 1763 1753 1517 1474 1651 1295 1675
N 132
 1902 1938 1806 1575 1661 1906 1923 1540 1478 1836 1740 1688 1856 1835 1439 1553 1941 1419 1352
N 133
 1311 1496 1505 1594 1284 1350 1566 1541 1979 1896 1905 2020 1867 1627 1515 1982 1534 1692 1642
N 134
 1598 1319 1737 1815 1961 1810 1320 1375 1600 1795 1594 1586 1861 1831 1648 1791 1770 1618 1456
N 135
 1588 2001 1899 1932 1511 1632 1422 1859 1400 1609 1309 1694 1896 1957 1613 1490 1711 1375 1676
N 136
 1854 1810 1630 1555 1687 1983 1766 1855 1496 1543 1402 1406 1804 1912 1993 2016 1631 1950 1428
N 137
 1963 1830 1746 1712 1499 1925 1983 1310 1479 1533 1826 1640 1806 1358 1637 1526 1825 1383 1727
N 138
 2002 1669 1644 1411 1352 2035 1413 1427 1501 1770 1464 1613 1593 1792 1848 1432 1895 1280 1558
N 139
 1910 1474 1987 2019 2026 1913 1834 1315 1764 1810 1738 1430 1465 1693 1457 1517 1362 1354 1758
N 140
 1671 1915 1620 1580 1852 1440 1568 1391 1934 1894 1504 1413 1315 1893 1495 2004 1748 2020 1370
N 141
 1365 2010 1504 1383 1510 1961 1532 2038 1468 1354 2000 1660 1678 1398 1325 1327 1644 1392 1522
N 142
 2029 2037 2023 1476 1939 1472 1771 1733 1923 1438 1937 1901 1462 1813 1855 1503 1414 1634 1367
N 143
 2018 1700 1954 1942 1280 2016 1761 1975 1671 1496 1924 1461 1513 1908 1686 1890 1537 1524 1377
N 144
 2033 1713 1323 2032 1308 1704 1480 1925 2031 1671 1748 1967 1838 1804 1581 1643 1476 1970 1313
N 145
 1409 1759 1782 1416 1791 1994 1814 1467 1644 1410 1500 1849 1634 1294 1528 1315 1913 1534 1721
N 146
 1687 1556 1765 1866 1450 1877 1734 1845 1332 2019 1428 1894 1946 1620 1384 1810 1757 1752 1896
N 147
 1480 1307 1937 1571 1805 1360 1441 2003 1958 1310 1298 1527 1282 1793 1488 1536 1374 1427 1403
N 148
 1956 1900 1436 1849 1292 1861 1968 1987 1953 1381 1666 1528 1705 2002 1837 1737 1643 1718 2033
N 149
 1696 1412 1474 1875 1517 1311 1715 1734 1968 2029 1355 1808 1457 1541 1435 1500 1802 1654 1587
N 150
 1311 1946 1565 1350 1484 1551 1368 2027 1672 1654 1788 1495 1750 1863 1889 1285 1715 1321 1515
N 151
 1593 1908 1830 1852 1781 1906 1401 1748 1567 1399 1924 1700 1579 1358 1353 1470 1713 1377 1898
N 152
 1494 1545 1768 2019 1837 1604 1861 1698 1348 1679 2001 1681 1401 1977 1549 1809 1928 1864 1570
N 153
 1670 1489 1414 2006 1370 1846 2011 1803 1969 1993 1758 1935 1528 1667 1900 1903 1817 1548 1557
N 154
 1470 1990 1522 1471 1665 1460 1768 1936 1662 1911 1525 1587 1554 1432 1745 1721 1417 1810 1603
N 155
 1839 1392 1679 1387 1513 1882 2027 1326 2032 1943 1358 1378 1905 1357 1886 1552 1959 1509 2005
N 156
 1754 1334 1737 1967 1923 1699 2004 1557 1862 1659 1405 2014 1748 1570 1500 1746 1738 1385 1506
N 157
 2036 1839 1850 1615 1825 1385 1733 1532 1715 1778 1403 1837 1641 1754 1621 1696 1688 1420 1968
N 158
 1883 1520 1604 1967 1422 2002 1495 1961 1416 1868 1562 1692 1972 1434 1915 1458 1805 1849 1844
N 159
 1413 1661 1322 1910 1508 1536 1806 1689 1369 1902 1564 2028 2011 1408 1906 1860 1951 1359 2014
N 160
 1815 1651 1958 1798 1728 1412 1556 1684 1782 1977 1862 1749 1628 1741 1328 1397 1538 1666 1504
N 161
 1554 1760 1549 1514 1505 1297 1821 1695 1784 1541 1632 1631 1869 1492 1353 1931 1427 1644 1581
N 162
 1709 1551 2009 1809 1962 1291 1797 1817 1941 1352 1513 1453 1511 1690 1759 2015 1615 1309 1415
N 163
 1376 1823 1779 1645 1611 1320 1856 1651 1867 1692 1526 1343 1576 1863 1920 2013 1409 1985 1454
N 164
 1847 1688 1654 1493 1624 1702 1392 1350 1767 1590 1680 1879 1386 1423 1685 1838 1857 1342 1505
N 165
 2003 1972 1871 1395 1819 1988 1601 1838 1967 1295 2016 1971 1801 1517 1605 1695 2037 1805 1923
N 166
 1683 1602 1433 1926 1392 1996 1358 1378 1802 1562 1822 1875 1744 1288 1388 1780 1618 1998 1660
N 167
 1894 1391 1722 1548 1755 1294 1567 1375 1317 1836 1797 1478 1725 2036 1579 1885 1937 1863 1832
N 168
 1628 1926 2033 1945 1984 1805 1454 1496 1748 1294 1721 1467 1293 1866 1427 1508 1643 1957 1556
N 169
 1334 1757 1479 1310 1840 1889 1322 1847 1971 1446 1484 1726 1339 1645 1773 1829 1727 1956 1549
N 170
 1516 1495 1492 1815 1723 1999 1530 1780 1377 1741 1318 1834 1880 1816 1349 1378 2004 2010 1778
N 171
 1837 1976 1430 1928 1363 1943 1531 1295 1339 1352 1652 2031 2035 1863 1482 1951 1969 1408 2027
N 172
 1537 1557 1568 2010 1924 2021 1483 1909 1690 1372 1978 1558 1983 1682 1425 2003 1499 1949 1906
N 173
 1908 1980 1970 1825 1355 1869 1384 1962 2012 1924 1882 1611 1739 1332 1977 1756 1503 1895 1369
N 174
 1578 1282 1638 1790 1343 1823 1815 1974 1440 1700 1286 1342 1860 1460 1725 1405 1803 1355 1418
N 175
 1898 1500 1970 1880 1301 1442 1459 1490 1862 1412 1463 1450 1843 1990 1464 1516 1654 1592 1757
N 176
 1678 1704 1405 1595 1435 1498 1464 1587 1572 1706 1842 1401 1410 1724 1674 1468 1409 1362 1920
N 177
 1491 1997 1782 1688 1400 1779 2005 1904 1498 1864 1750 1525 1448 1493 1308 1727 1442 1407 1638
N 178
 1634 1566 1654 1313 1465 1921 1721 1360 1593 1416 1800 1917 1606 1741 1311 1709 1537 1685 1829
N 179
 1446 1994 1354 1614 1567 1744 1647 1303 1833 1444 1414 1995 1554 1372 1550 1676 1846 1907 1949
N 180
 1602 1826 1516 1633 2025 1402 1847 1447 1347 1827 1366 1359 1524 1802 1663 1705 1789 1391 1511
N 181
 1288 1374 1429 1461 1450 1636 1961 1694 1626 1499 1801 1448 1397 1612 1533 1879 1742 1632 1666
N 182
 1311 1641 1443 1414 1849 1840 1495 1348 1990 1711 1458 1553 1397 1494 2008 1756 1903 1799 1374
N 183
 1669 1490 1955 1570 1884 1303 1842 1287 1717 1875 1565 1996 1610 1768 1846 1774 1573 1943 1328
N 184
 1451 1960 1726 1942 2008 1410 1466 1771 1599 1326 1734 1357 1944 1972 1609 1449 1964 1540 1614
N 185
 1810 1552 1792 1975 1930 1546 1295 1614 1880 1917 1394 1987 1932 1754 1973 1738 1770 1300 1334
N 186
 1663 1873 1402 1923 1613 1686 1497 1926 1438 1692 1561 1752 1536 1657 1458 1404 1776 1866 1766
N 187
 1710 1311 1378 1640 2025 1737 1740 2027 1659 1864 1887 1758 1459 1704 1643 1699 1553 1867 1465
N 188
 1401 1697 2001 1917 1547 1939 1493 1978 1584 1751 1552 1482 1925 1348 2030 1937 1714 1346 1984
N 189
 1780 1465 1616 1997 1584 1994 1781 1773 1636 1756 1824 1345 1727 1529 1303 1518 1862 1281 1797
N 190
 1562 1355 1605 1736 1589 1881 1727 1450 1788 1391 1886 1760 1725 1931 1281 1496 1435 1864 1971
N 191
 1609 1422 1441 1837 1669 1651 1463 1904 2031 1542 1961 1927 1993 1504 1430 1834 1958 1347 1589
N 192
 1328 2001 1654 1557 1393 1283 1507 1572 1607 1747 1908 1725 1849 1473 1563 1298 1782 1517 1330
N 193
 1651 1958 1798 1718 1517 1991 1722 1360 1997 1297 1789 1605 1886 1837 1358 1374 1959 1286 1458
N 194
 1686 1381 1995 1394 1406 1939 1575 1333 1543 1289 1806 1701 1346 1620 1616 1537 2007 1491 1448
N 195
 1987 1773 1584 1389 1993 1675 1934 1638 2007 1543 1926 1610 1409 1528 1659 1506 1978 1356 1561
N 196
 1782 1496 1943 1838 1923 1540 1891 1728 1799 1732 1712 1744 1490 1492 1894 1973 1417 1745 1726
N 197
 1314 1804 1946 1586 1824 1329 1895 1411 1851 1964 1701 1538 1464 1392 1507 1573 1652 1353 1716
N 198
 1336 1460 1607 1428 1923 1789 1372 1663 1640 1986 1329 1456 1608 1285 1385 1882 1618 1884 1600
N 199
 1477 1582 1646 1717 1407 2022 1878 1875 1632 1731 1707 1486 2035 2005 1347 1360 1472 1733 1822
N 200
 1441 1674 1661 1909 1944 1407 1364 1824 1785 1778 1670 1664 1965 2036 2033 1527 1442 1352 1910
N 201
 1566 1445 1750 1386 1545 1670 1556 1963 1672 1359 2010 1979 2024 1324 2025 1768 1551 1743 1312
N 202
 1676 1993 1351 1837 1490 1690 1969 1483 1630 2001 2023 1700 1322 1559 1766 1501 1495 1866 2032
N 203
 1358 1648 1388 1314 1498 1757 1399 1667 1959 1417 1535 1802 1985 1628 1799 1900 1844 1997 1957
N 204
 1326 1403 2027 1818 1707 1998 1653 2034 1846 1621 1872 1871 1647 1887 1321 1338 1654 1944 1705
N 205
 1319 1518 1725 1638 1721 1536 1428 1282 1659 1983 2013 1623 1677 1417 1434 1921 1642 1565 1689
N 206
 1435 1300 1625 1749 1557 1893 1853 1551 1550 1726 1964 1419 1755 1566 1930 1526 1445 1705 1303
N 207
 1421 1909 1327 1346 1333 1660 1496 1368 1494 1910 1771 1551 1761 1742 1814 1405 1504 1608 1711
N 208
 1400 1893 1416 1637 1641 1461 1895 1377 1433 1596 1300 1964 1328 1760 1375 1920 1289 1822 1419
N 209
 1473 1541 1752 1319 1363 1374 1876 1689 1761 1924 1566 1956 1399 1939 1666 1570 1861 1395 1819
N 210
 1893 1463 1470 1561 1413 1634 1338 2003 1956 1601 1333 1384 1569 1714 1367 1485 2000 1698 1831
N 211
 1757 1890 1832 1756 1504 1330 1633 1519 1348 1772 1473 1698 1924 1652 1454 1724 1738 1651 1887
N 212
 1786 1987 1915 1772 1704 1858 1298 1685 1306 1539 1819 1674 1328 1287 1896 1442 1596 1747 1673
N 213
 1843 1414 1322 1585 1307 1814 1961 1476 1601 1684 1449 1972 1490 1357 1872 1913 1606 1925 1895
N 214
 1741 1338 1583 1988 1360 1703 1821 1398 1661 1794 1950 1574 1592 1575 1594 1331 1346 1751 1522
N 215
 1419 1656 1685 1864 1897 1628 1836 1877 1861 1916 1940 1531 1904 2023 1909 1925 1707 1566 1571
N 216
 1416 1950 1905 1701 1826 1816 1729 1535 1531 1442 1768 1581 1345 1680 1656 1929 1641 1499 1313
N 217
 1342 1724 1494 1444 1459 1443 1608 1441 1950 2006 1687 1629 1578 1881 1717 1840 2023 2024 1295
N 218
 1910 1550 1725 1387 1419 1431 2023 2029 1584 1731 1785 1813 1486 1469 1585 1569 1734 1677 1796
N 219
 1684 1334 1500 1370 1444 1630 1413 1864 1507 1874 1292 2034 1409 1321 1614 1678 1739 1651 1415
N 220
 1646 1920 1664 1757 1707 1362 1631 2026 1730 1958 1571 1653 1626 1431 1381 1492 1543 1758 1858
N 221
 1810 1459 1383 1923 1795 1472 1563 1885 1573 1440 1554 1802 1309 1589 1939 1922 1827 1959 1650
N 222
 1339 1656 1727 1849 1499 1922 1746 1510 1784 1873 1944 1327 1875 1377 1968 1547 1736 2031 1677
N 223
 1979 1735 1646 1311 1537 1525 2023 1789 1343 1686 1760 1284 1928 1373 1843 1535 1926 1559 1294
N 224
 1651 1398 1535 1447 1594 1500 1380 1637 1289 1681 1664 2024 2018 1916 1814 1678 1511 1945 1958
N 225
 1432 1797 1505 2018 1396 1537 2010 1944 1908 1602 1644 2005 1326 1345 1947 1413 1449 1544 1906
N 226
 1323 1429 1722 1407 1514 1414 1929 1306 1732 1921 1902 1364 1899 1740 1858 1342 1559 2020 1966
N 227
 2036 1790 1363 1633 1833 1347 2038 1351 1913 1581 1454 1371 1961 1781 1600 1967 1847 1373 1439
N 228
 1962 1945 1698 1805 2025 1500 1953 1752 1339 1537 1812 1483 1351 1394 1766 1344 1863 1570 1676
N 229
 1669 1473 1648 1951 1520 1884 1562 1937 1797 2017 1528 1561 1765 1556 1563 1605 1677 1435 1754
N 230
 1892 1971 1842 1794 1422 1987 1577 1339 1584 1426 1808 1772 1904 1462 1924 1498 1402 1859 1384
N 231
 1555 1282 1929 1740 1464 1677 1479 1482 1916 1655 1694 1472 1489 1426 1994 1384 1966 1927 1533
N 232
 1856 1927 1360 1869 1284 1531 1533 1672 1914 1753 1704 1998 1712 1598 1398 1521 1988 1316 1511
N 233
 1376 1898 1663 1847 1714 1599 1549 1479 1438 1801 1453 1932 1593 1393 1926 1361 1908 1679 1871
N 234
 2005 1833 1861 2006 1592 1647 1794 1578 1551 1818 1346 1834 1817 1344 1895 1539 1397 1429 1686
N 235
 1328 1655 1309 1345 1862 1605 1927 1676 1659 1878 1859 1942 1596 1995 1297 2030 1912 1432 1290
N 236
 1343 1381 1620 1642 1358 1712 1878 1657 1704 1773 1286 1591 1417 1998 1337 1432 2016 1395 1944
N 237
 1353 1886 1635 1504 1968 1401 1842 1466 1936 1728 1771 2018 1356 1818 1944 1473 1878 1870 1362
N 238
 1894 1431 1792 1497 1700 1860 1878 1714 1488 1921 1585 1850 1861 1704 1705 1925 1692 1903 1491
N 239
 1661 1334 1604 1778 1835 1642 1910 1643 1818 1374 1817 2036 1772 1386 1638 1621 1831 1333 1419
N 240
 1951 1596 1296 1653 1642 1487 1325 1893 1284 1987 1456 2035 1618 1853 1519 1762 1780 1829 1599
N 241
 1658 1421 1441 1928 1503 1982 1462 1789 1609 1398 1381 1527 2023 1805 1936 1365 1830 1546 1433
N 242
 1781 1875 1539 1501 1329 1522 2022 1396 1316 1485 1570 1784 1792 1412 1656 1639 1902 1997 1837
N 243
 1817 1362 1304 1302 1499 1625 2000 1933 1461 1338 1914 1367 1500 1392 1488 1691 1295 1315 1442
N 244
 1340 1597 1385 1900 1502 1765 1955 1731 1925 1320 1695 1952 1381 1953 1437 1352 1398 1902 2003
N 245
 1696 1568 1956 1804 1784 1672 1653 1864 1319 1546 1902 1411 1408 1381 1708 1320 1691 1435 1399
N 246
 1729 2027 1642 1404 1787 1373 1889 1720 1748 1327 2019 1995 1560 1811 1754 1444 1833 1701 1782
N 247
 1720 1959 1396 1582 1988 2016 1288 1497 1286 1479 1557 1321 1301 1347 1473 1695 1547 1449 1930
N 248
 1884 1483 1460 1501 2038 1457 1395 1845 1481 1462 1633 1610 1638 1485 1825 1709 2039 2021 1882
N 249
 1662 1513 1922 1415 1852 1900 1492 1677 1363 1650 1839 1759 1847 1702 1915 1518 1787 1360 1595
N 250
 1379 1667 1734 1594 1709 1691 1966 1801 1844 1576 1743 1760 1827 1756 1354 1318 1655 1325 1896
N 251
 1871 1336 1754 1912 1327 1868 1347 1739 1784 1929 1875 1547 1495 1398 1301 1291 1991 1655 1581
N 252
 1849 1478 2026 1378 1855 1456 1621 1750 1552 1935 1964 1358 1498 1315 1828 1795 2034 1727 1936
N 253
 1699 2021 2031 1920 1433 1666 1345 1605 1603 1777 1735 1859 1648 2012 1332 2006 1948 1916 1799
N 254
 1571 1575 1573 1482 1535 1553 1660 1785 1948 2033 1874 1705 1841 1898 1900 2026 1592 2002 1975
N 255
 1428 1565 1695 1775 1552 1680 1288 1740 1664 1666 1617 1937 1626 1285 1788 1662 1457 1555 1462
N 256
 1317 1786 1520 1818 1852 1937 1522 1404 1339 1345 1915 1730 1814 1693 2028 1613 1843 1963 1406
N 257
 1510 1531 2035 1734 1451 1634 1703 1945 1329 1443 2008 1651 1485 1771 2014 1691 1319 1500 1656
N 258
 1763 1596 1960 1597 1765 1364 1583 1723 1716 1745 1677 1848 1709 1542 1361 2029 1738 1946 1789
N 259
 1974 1786 1420 1617 1482 2001 1780 1958 2015 1826 1956 1609 1714 1816 1309 1567 1650 1494 1631
N 260
 1904 1552 1398 1984 1918 1976 1618 2029 1845 1286 1915 1406 1609 1856 1400 1357 1457 1784 1836
N 261
 1310 1872 1777 1361 1973 1333 1705 1914 1432 1712 1540 2036 2002 1461 1350 1768 1443 1891 1977
N 262
 1441 1851 1556 1670 1396 1316 1660 1823 1966 1516 1837 1884 1704 1354 1708 1982 1444 1992 1649
N 263
 1770 1387 1477 1999 1660 1824 1453 2031 1794 1599 1580 1740 1744 1803 1334 1494 1519 1461 1471
N 264
 1636 1618 1791 1895 2034 1360 1684 1461 1952 1871 1392 1502 1653 1849 1733 1555 1977 1567 1430
N 265
 1880 1453 1931 1708 2032 1907 1383 1811 2033 1947 1368 1380 2026 1814 1781 1862 1286 1578 1586
N 266
 1518 1291 1565 1467 1519 1717 1641 1284 1468 1359 1782 1318 1912 1678 1341 1859 1469 1537 2002
N 267
 1311 1598 1550 1852 1949 1652 1625 1890 1370 1620 2037 1656 1840 2038 1762 1417 1812 1974 1718
N 268
 1437 1732 1696 1642 1377 1607 1745 1312 1990 1330 1336 1400 1463 1352 1979 1982 2012 1369 2007
N 269
 1714 1545 1461 2015 1302 1830 1434 1340 1523 1548 1485 1520 1789 1703 1425 1932 1799 1837 1563
N 270
 1296 1354 1738 2019 1687 1544 1790 1359 1697 1315 1877 1854 1622 1647 1708 1964 1333 1377 1355
N 271
 1363 1516 1645 1981 1398 1483 1583 1465 1421 1491 1339 1303 1315 1644 1396 1621 1559 1669 1939
N 272
 1591 1719 1760 1317 1657 1499 2027 1386 1364 2001 1436 1684 1509 1635 1771 1590 1659 2019 1473
N 273
 1368 1452 1921 1565 1581 2004 1622 1383 1936 1400 1449 1473 1999 1389 1312 1972 1659 1564 1904
N 274
 1666 1659 1509 1362 1623 1479 1705 1469 1300 1949 1498 1615 1861 1825 1852 1575 1783 1586 1715
N 275
 2039 1722 1589 1285 1976 1597 1671 1724 1548 1622 1355 1679 1725 1603 1379 1688 1341 1636 1393
N 276
 1884 1615 1955 1748 1842 2001 1707 1986 1399 1893 1352 1605 1536 1981 1888 1528 1645 1498 1519
N 277
 1938 2024 2011 1324 1687 1643 1288 1995 1867 1538 1404 1329 1505 1472 1781 1801 2002 1787 1611
N 278
 1475 1904 1902 1767 1497 1371 1334 1838 1865 1355 1447 1348 1711 1560 2020 1498 1925 1551 1370
N 279
 1509 1827 1935 1626 1457 1877 1479 1482 1321 1312 1526 1792 1285 1686 1393 1937 1776 1984 1501
N 280
 1477 1611 1816 1947 1335 1604 1722 1707 1849 1955 1499 2025 1650 1422 1348 1561 1530 1380 1740
N 281
 2019 1763 1767 1856 1292 1427 1527 1833 1943 1622 1610 1972 1929 1298 1981 1838 1848 1299 1713
N 282
 1435 1820 1741 1771 1664 1566 1902 1990 1505 1544 1730 1628 1485 1440 1896 1779 1340 1940 1773
N 283
 1569 1537 1927 1877 1676 1286 1599 1754 1460 1487 1939 1879 1827 1287 1690 1687 1663 1654 1999
N 284
 1885 1437 1284 1514 1874 1282 1777 1818 1773 1685 1721 1549 1904 1914 1747 1484 1907 1382 1895
N 285
 1945 1417 1996 1630 1935 1285 1988 1373 1543 1807 1561 1763 1648 1844 1447 1714 1520 1486 1346
N 286
 1535 1340 1942 1696 1425 1685 1834 1514 1372 1694 1614 1793 1608 1714 1716 1746 1536 1879 1921
N 287
 1404 1836 1621 1543 1878 1975 1698 1994 1941 1913 1834 1725 1289 1964 1603 1573 1468 2037 1877
N 288
 1420 2011 1654 1294 1444 1337 1671 1600 2036 1853 1477 1984 2006 1564 1338 1915 1503 2031 1423
N 289
 1838 1615 1335 1530 1284 1658 1609 2004 1702 1902 1965 1786 1426 2017 1726 1509 2033 1876 1368
N 290
 1716 1762 1952 1720 1943 1955 2015 1571 1570 1371 1705 1748 1367 1657 1478 1331 2024 1345 1745
N 291
 2010 1298 1973 1576 1800 1644 1354 1836 1864 1684 1691 1938 1747 1732 1285 1463 1288 1858 1428
N 292
 1992 1954 1873 1338 1411 1836 1495 1970 1817 1634 1285 1824 1392 1313 1316 1630 1968 1390 1351
N 293
 1433 1483 1435 1451 1896 1350 1894 2021 1398 1291 1370 2016 1517 1899 1974 1706 1399 1916 1394
N 294
 2029 1467 1551 1947 1420 2010 1586 1587 1845 1813 1764 1995 1885 1398 1336 1884 1558 2023 1388
N 295
 1385 1713 1313 1445 1843 1588 1815 1982 1616 1770 1684 1315 1329 1782 1985 1858 1711 1917 1384
N 296
 1334 1712 1777 1682 1929 1904 1849 1863 1364 1654 1721 1345 1380 1638 2001 1837 1988 1631 1727
N 297
 1635 1653 1660 1349 1507 1705 1784 1671 1327 1837 1819 1568 1935 1909 1838 1614 1644 1846 1288
N 298
 1946 1542 1770 1953 1746 2001 1919 1979 1958 1350 1498 1855 1831 1932 1322 2017 1705 1841 1380
N 299
 1873 1400 1457 1891 2014 1422 1653 2001 1393 1953 1674 1718 1784 1463 1538 1880 1689 1475 1906
N 300
 1282 1639 1942 1729 1513 1419 1409 1641 1300 1511 1979 1692 1285 1617 1664 1869 1782 1649 1990
N 301
 1379 1509 1813 1466 1755 1785 1526 1827 1387 1396 1862 1758 1664 1336 1893 1685 1520 1923 1438
N 302
 1515 1386 1680 1390 1916 1580 1315 1749 1591 1753 1878 1669 1964 1588 1933 1713 1943 1760 1852
N 303
 1691 1312 1313 1477 1797 1701 1803 1534 1933 1702 1635 1839 1672 1589 1966 1479 1901 1944 1330
N 304
 1914 1990 1667 1423 1938 1427 1715 1753 1567 1579 1969 1303 1957 1746 1680 1428 1950 1314 1772
N 305
 1404 1752 1643 1815 1391 1972 1547 1857 1288 1699 1785 1891 1308 1372 1633 1280 1665 1628 1354
N 306
 1357 1944 1634 1386 1724 1308 1822 1876 1303 1835 1820 1759 1645 1297 1740 1986 1417 1579 1533
N 307
 1460 1605 1583 1677 1898 1527 1622 1472 1983 1346 1709 1887 1882 1789 1788 2037 1461 1324 1835
N 308
 2037 1782 1936 1777 1910 1849 1457 1413 1482 1941 1299 1441 1640 1313 1420 1746 1933 1622 1602
N 309
 1558 1914 1509 1294 1443 1552 1880 1815 1742 1996 2001 1766 1957 1935 1498 1541 1760 1931 1840
N 310
 1456 1439 1979 1322 1962 1641 1858 1613 1990 1508 1902 1298 1883 1375 1907 2009 1926 1786 1737
N 311
 1461 1596 1947 1894 1992 1554 1525 1902 1977 1328 1684 1940 1945 1746 1563 1510 1302 1400 1728
N 312
 2028 1883 1939 1586 1369 1321 1629 1814 1760 1888 1471 1582 1917 1737 1619 1482 1845 1311 1489
N 313
 1582 1565 1543 1834 1849 1995 1431 1948 1289 1911 1732 1380 1709 2010 1280 1583 1937 2029 1580
N 314
 1517 1767 1590 1603 1820 1573 1500 1932 1936 1709 1473 1608 2006 1949 1432 1811 1972 1527 1531
N 315
 1804 1573 1518 1531 1472 1986 1626 1647 1770 2037 1731 1625 1529 1668 1854 1678 1586 1412 1447
N 316
 1313 2026 1652 1563 2033 1662 1966 1312 1501 1721 1725 1330 1855 1729 1690 1334 1976 1942 1870
N 317
 2036 1332 1782 1668 1870 1664 1904 1601 1911 1883 1505 1942 1349 1783 1984 1694 1384 1490 1567
N 318
 1714 1652 1951 1370 1411 1438 1649 2036 1321 1889 1474 1521 1508 1895 1520 1338 1995 1949 1992
N 319
 2005 1369 1382 2024 1776 1585 1812 1559 1371 1806 1344 1467 2014 1284 1470 1869 1694 1906 1428
N 320
 1726 1887 1641 1451 1731 1313 1867 1331 1633 1955 1835 1601 2021 1292 1814 1884 2038 1989 1743
N 321
 1415 1937 1458 1605 1807 1626 1729 1670 1378 1511 1364 1344 2031 1972 1706 1831 1291 1973 1744
N 322
 1335 1799 1564 1352 1917 1772 1686 1938 1807 1386 1468 1324 1545 1874 1950 1315 1343 1423 1661
N 323
 1518 1719 1949 1385 1620 1752 1363 1830 1911 1804 1337 1600 1624 1824 1614 1843 1682 1505 1589
N 324
 1296 1926 1834 1402 2030 1561 1477 1920 1655 1860 1933 1519 1492 1479 2023 1618 1724 1598 1648
N 325
 1971 1535 1284 1316 1967 1342 2018 1919 1582 1656 1448 1825 1953 1758 1833 1974 1694 1362 1593
N 326
 1434 1312 1288 1627 1791 1910 1574 1861 1592 1492 1469 1353 1888 1623 1830 1813 1653 1605 1794
N 327
 1361 1801 1823 1852 1754 1860 1690 1882 1840 1778 1344 1489 1331 1691 1787 1879 1619 1469 1526
N 328
 1876 1574 1464 1877 1399 1359 1826 1476 1968 1782 1325 1581 1982 1883 2021 1784 1554 1772 1943
N 329
 1509 2009 1790 1577 2015 1547 1904 1811 1542 1540 1963 1503 1303 1465 1386 1884 1708 1553 1976
N 330
 1635 1556 1930 1969 1816 1739 2002 1430 1391 1753 1344 1650 2018 1881 1326 1458 1518 1461 1715
N 331
 1410 1778 1641 1602 1918 1337 1577 1773 1624 1913 1473 1454 2017 1800 2022 1534 1480 1644 1759
N 332
 1401 1975 1513 1342 1903 1329 1371 1457 1803 1699 1869 1590 1780 1523 1595 1911 1605 1635 1468
N 333
 1689 1838 1770 1955 1772 1538 1668 1672 1820 1719 1701 1536 1831 1614 1290 1360 1637 1666 1304
N 334
 2022 1609 1844 1364 1878 1615 1810 2020 1696 1437 1847 1636 1325 1608 1913 1519 1819 1532 1477
N 335
 1675 1409 1937 1888 1663 1361 1832 1449 1416 1805 1345 1306 1969 1875 1786 1670 1468 1910 1583
N 336
 1489 1814 1871 1424 1874 1398 1435 1797 1500 1375 1606 1689 1809 1406 1985 1458 1521 1712 1522
N 337
 1634 1861 1769 1932 1719 1965 1286 1444 1587 1957 1559 1896 1309 1353 1447 1709 1728 1486 2015
N 338
 1891 1750 1739 1879 1427 1905 1486 1987 1764 1641 1711 1637 1320 1998 1871 1416 1334 1421 1823
N 339
 2019 1333 1624 1407 1818 2026 2030 1793 1484 1954 1662 1906 1881 1829 1949 1698 1592 1541 1318
N 340
 1810 1920 1413 2004 1946 2031 1748 1743 1901 1796 1799 1587 1792 1885 1385 1528 1456 1452 1289
N 341
 1892 1806 1679 1618 1285 1667 1516 1884 1767 1885 1378 1976 1519 1621 1914 1528 2032 1421 1532
N 342
 1469 1369 1655 1461 1802 1458 1350 1495 1772 1592 1578 1358 1898 1963 1871 1805 1591 1424 1411
N 343
 1938 2009 1721 1394 1900 1442 1847 1812 1970 1297 1539 1774 1649 1823 1953 1669 2039 1755 1764
N 344
 1773 1477 1606 1930 1927 1758 1586 1802 1869 1610 1957 2009 1982 1590 1657 1444 1892 1394 1466
N 345
 1612 1295 1558 1895 1310 1824 1394 1364 1675 1687 1638 1868 1830 2038 1414 1403 1820 1786 1568
N 346
 1750 1520 1595 1346 1756 1808 1606 1565 2008 1805 1314 1992 1534 1887 1316 1622 1695 1886 1823
N 347
 1747 1982 1387 1895 1524 1791 1510 2035 1852 1711 1989 1472 1689 1452 1724 1650 1780 1530 1859
N 348
 1484 1903 1563 1505 1828 1697 1852 1961 1453 1991 1469 1349 1410 1542 1387 1887 1637 1547 2017
N 349
 1924 1323 1753 1602 1491 1493 1841 2037 1538 1392 1757 1758 1435 1635 1395 1304 1860 1725 1932
N 350
 1415 1724 1920 1466 1506 1990 1928 1547 1960 1874 1379 1401 1720 1914 1789 1833 1923 1607 1719
N 351
 1471 1941 1733 1563 1965 1458 1922 1375 1566 1637 1514 1633 1919 1343 1588 2034 1457 1356 1787
N 352
 1854 1556 1323 1748 1510 1615 1996 1384 1519 1619 1508 1672 1572 1992 1379 1311 1885 1371 2000
N 353
 1332 1310 1484 1891 1353 1517 1327 1553 1550 1673 1779 1539 1769 1566 1965 1452 1560 1425 1453
N 354
 1545 1731 1843 1947 1737 1932 1893 1926 1404 1722 1841 1743 1502 1507 1637 1569 1296 1980 1435
N 355
 1776 1390 1795 1634 1447 1644 1748 1999 1938 1462 1446 1797 1551 1354 1952 1700 1991 1612 1464
N 356
 1643 1336 1657 1884 1953 1795 1429 1933 1823 1873 1835 1801 1794 1542 1809 1305 1777 1673 1759
N 357
 1307 1425 1877 1606 1751 1617 1409 1976 1511 1646 1455 1622 1881 1761 1439 1661 1754 1959 1427
N 358
 1560 1468 1316 1605 1332 1356 1399 1760 1602 1576 1767 1376 1492 1946 1899 1435 1313 1969 1486
N 359
 1281 2012 1404 1920 1857 1341 1870 1903 1663 1929 1347 1831 1860 1829 1922 1907 1878 1466 1795
N 360
 2001 1537 1993 1330 1755 1388 1894 1343 1885 1367 1948 1999 1431 1320 1686 1549 1538 1439 1440
N 361
 1437 1616 1453 1509 1768 1984 1899 1404 1754 1607 1678 1916 1770 1868 1464 1304 1379 1636 1911
N 362
 1733 1539 1667 2038 1308 1672 1526 1676 1352 1501 1833 1479 1986 1893 1754 1368 1654 1538 1379
N 363
 1986 1786 1483 1710 1738 1787 1412 1605 1920 1473 1666 1562 1664 1564 1689 1784 1785 2026 1581
N 364
 1796 1949 1920 1558 1901 1589 1882 1607 1711 1981 1320 1662 1302 1710 1943 1945 1313 1671 1631
N 365
 1726 1448 1531 1780 1516 1313 1319 1378 1851 1648 1304 1944 1362 1583 1934 1729 1599 1878 1639
N 366
 1495 1996 1453 1735 1757 1623 1776 1814 1538 1459 1346 1876 1488 1549 2025 1838 1865 1529 1649
N 367
 1549 1531 1416 1657 1578 1415 2022 1421 1336 1548 1685 1921 1703 1812 1382 1413 1332 1305 1739
N 368
 1538 1619 1951 1970 1707 1684 1607 1494 1864 1434 1805 1736 1356 1524 1367 1907 1318 2006 1327
N 369
 1941 1744 1610 1850 1844 1595 1683 1861 1356 1679 1419 1319 1365 1638 1881 2028 1435 1394 1966
N 370
 1682 1895 1727 1297 1600 1525 1672 1683 1840 1466 1530 1477 1383 1333 1472 1749 1444 1831 1710
N 371
 1573 1439 1712 1695 1574 1463 1547 1430 1334 1544 1572 1515 1548 1834 1362 1454 1904 1644 1909
N 372
 1723 1622 1651 1878 1676 1347 1979 1922 1800 1302 1568 2015 1957 1432 2014 1610 1765 1420 1525
N 373
 1769 1441 1427 1673 1810 1551 1960 1799 1402 1459 1854 1708 1505 1590 1391 1826 1901 1654 1827
N 374
 1743 1713 1624 1514 1281 1807 1528 1781 1397 1415 1285 1363 1857 1892 1804 1759 1446 1716 1955
N 375
 1493 1708 1504 1435 1360 1298 1870 1385 1387 1930 1904 1663 1690 1283 1386 1653 1614 1371 1317
N 376
 1888 1916 1380 1859 1737 1882 1305 1722 1713 1400 1597 1429 1554 1717 1514 1687 1646 1508 1606
N 377
 1916 1622 2016 1388 1861 1552 1621 1695 1583 1401 1796 1618 1665 2035 1574 1949 1500 1775 1544
N 378
 1961 1993 1367 1311 1294 1526 1671 2008 1324 1944 1308 1361 1430 1954 1864 2030 1755 1552 1643
N 379
 1848 1820 1936 1693 1873 1695 1902 1939 1742 1827 1687 1916 1798 1636 1347 1363 1778 1748 1529
N 380
 1622 1959 1988 1768 1545 1281 1808 1479 1425 1595 1633 1368 1431 1947 1834 1360 1422 1940 1409
N 381
 1766 1817 1951 1400 1866 1949 1818 1527 1318 1975 1719 1875 1569 1493 1401 1985 1925 1629 1371
N 382
 1829 1338 1866 1499 1443 1828 1834 1868 1624 1690 1715 1762 1537 1660 1343 1518 1787 1921 1847
N 383
 1956 1821 1873 1300 1901 1643 1911 1946 1741 1928 1800 1918 1984 1493 1718 1586 1691 2025 1817
N 384
 1562 1851 1353 1847 1574 1944 1333 1872 1658 1889 1956 1415 1591 1434 1612 1399 1741 1667 1614
N 385
 1540 1606 1376 1755 1550 2025 1590 1544 1357 1377 1872 1944 1474 1582 1605 1905 1282 1307 1338
N 386
 1669 1941 1970 1535 1584 1303 1641 1406 1578 1737 1830 1879 1563 2017 1466 1351 1365 1884 1319
N 387
 2039 1991 1627 1737 2034 1547 1497 2012 1473 1860 1642 1416 1924 1601 1432 1904 1873 1341 1669
N 388
 2006 1600 1612 1560 1676 1399 1752 1763 1984 1619 1810 1459 1325 1985 1293 1733 1858 1800 1857
N 389
 1565 1299 1941 1527 1297 1691 1877 1750 1808 1380 1449 1927 1616 1319 1338 1907 1416 1390 1954
N 390
 1308 1731 1573 1783 1400 1434 1839 1830 1805 1997 1463 1329 1541 1439 1405 1374 1644 1884 1612
N 391
 1295 1807 1480 1434 2030 2029 1667 1732 1301 1771 1344 1940 1521 1795 1463 1831 1939 1415 1722
N 392
 1408 1534 1544 1493 1707 1957 1905 1471 1569 1530 1358 1965 1603 1590 1600 1476 1816 2031 1526
N 393
 2020 1695 1361 1581 2000 2015 1443 1960 1413 1439 1858 2013 1634 1490 1790 1372 1887 1870 1521
N 394
 1946 1296 1642 1952 1543 2028 1854 1549 1737 1744 1766 1761 1874 2034 1583 1672 1281 1531 1637
N 395
 1662 1663 1988 1788 1929 1532 1304 1776 1476 1641 1378 1521 1657 1891 1811 1593 1700 1303 1485
N 396
 1877 1575 1730 1513 2030 1955 1311 1583 1294 1586 1857 1716 1838 1908 1865 1291 1429 1540 1992
N 397
 1332 1864 1480 1299 1854 1305 1568 1921 1613 1918 1875 1515 1578 2032 1790 1447 1843 1936 1590
N 398
 1600 2000 1934 1454 1507 1698 1997 1988 1759 1644 1369 1788 1489 1964 1430 1758 1820 1625 1722
N 399
 1566 1444 1846 1353 1602 1565 1462 1285 1930 1500 1470 1724 1307 1434 1542 1677 1473 1460 1698
N 400
 1850 1625 1725 1475 1341 1632 1519 1663 1717 2013 1889 1380 2037 1463 1345 1713 1422 1884 1415
N 401
 1680 1534 1584 1783 1429 2011 1821 1383 1851 1474 1857 1603 1545 1735 1428 1298 1544 1458 1724
N 402
 1569 1432 1964 1402 1678 1630 1904 1778 1446 1766 1436 1811 1325 1361 1501 1465 1344 1280 1556
N 403
 1297 1971 1922 2024 1931 1921 1934 1764 1917 1638 2038 1304 1522 1633 1382 1956 1336 1800 1655
N 404
 1905 1613 2005 1504 1970 1792 1941 1788 1886 1626 1818 1596 1694 1754 1679 1572 1809 1284 1537
N 405
 1791 1291 1370 1697 1313 1550 1374 1997 1876 1726 1978 1328 1557 1771 1980 1961 1962 1282 1899
N 406
 1747 1293 1961 1889 1713 1336 1312 2000 1301 1478 1857 1995 1859 1520 1320 1830 1300 1702 1801
N 407
 1353 2005 1425 1401 1915 1424 1524 1704 2021 1789 1327 1668 1953 1961 1503 1405 1388 1956 1853
N 408
 1816 1994 1715 1341 1942 1914 1525 2006 1636 1507 1859 1692 2030 1909 1621 1423 1775 2021 1663
N 409
 1619 1714 1337 1734 1968 2032 1312 1986 1569 1481 1933 1515 1625 2036 1831 1892 1551 1317 1894
N 410
 1749 1813 1853 1981 1343 1682 1650 1945 1309 2007 1530 1934 1716 1403 1419 1511 1871 1778 1340
N 411
 1651 1312 1779 1974 1470 1419 1562 1560 1773 1494 1582 2028 1520 1841 1712 1463 1612 1372 1718
N 412
 1807 1303 1917 1288 1925 1349 1865 1938 1795 1630 1424 1662 1433 1636 2027 1596 1706 2022 1494
N 413
 1806 1741 1606 1381 1636 1396 1990 1454 1872 1669 1766 1731 1647 1507 2013 1416 1583 1520 2001
N 414
 1867 2026 1582 1313 1419 1919 1449 1703 1480 1933 1597 1688 1586 1445 1734 1742 1657 1491 1756
N 415
 1363 1390 1464 1881 1861 1313 1674 1818 1754 1810 1465 1604 1375 1691 1991 1570 1725 1961 1418
N 416
 1956 1645 1621 2021 1415 1780 1405 1726 1342 1794 1828 1730 1435 1817 1656 1648 1336 1973 1395
N 417
 1330 1777 1550 1558 1582 1560 2036 1675 2005 1750 1783 1293 1874 1583 1788 1989 1296 2030 1980
N 418
 1511 1434 1847 1804 1610 1627 1781 1546 1394 2017 1440 1760 1987 1409 1444 1810 1677 1311 1660
N 419
 1954 1899 1980 1485 2006 1440 1389 1626 1644 1740 1944 1977 1960 1694 1434 1799 1668 1717 1876
N 420
 1823 1405 1667 1504 1949 1351 1432 1499 1520 1789 1448 1865 1635 1705 1858 1799 1709 1623 1642
N 421
 1761 1643 1817 1532 1497 1979 1657 1873 1432 1408 1912 1579 1840 1639 1909 1388 1997 1438 1990
N 422
 1905 1911 1287 1553 1609 2012 1791 1469 1608 1847 1382 2027 1711 1919 1666 1872 1565 1851 1607
N 423
 1605 1667 1577 1652 1761 1514 2022 1900 1928 1524 1353 1446 1441 1490 1846 1945 1755 1897 1971
N 424
 1570 1318 1691 1872 1286 1352 1411 1840 1991 1897 1287 1594 1304 1760 1615 1753 1904 1617 1805
N 425
 1957 2038 1411 1684 1410 1437 1841 1992 1920 1844 1751 1571 1801 2000 1579 1900 1711 1831 1584
N 426
 2005 1580 1959 1919 1648 1700 1984 1726 1645 1640 1476 1805 1472 2034 1834 1793 1773 1667 1531
N 427
 1915 1620 1989 1714 1470 1774 1496 1865 1468 1890 1982 1420 1400 1409 1897 1848 1441 1448 1517
N 428
 1372 1390 1471 1661 1366 1473 1444 1457 1804 1775 1529 1525 1908 1743 1642 1734 1355 1614 1927
N 429
 1851 1373 2023 1547 2031 1620 1408 1764 1417 1554 1611 1393 1551 1519 1866 1755 1989 1353 1487
N 430
 1335 1541 1325 1717 1572 1456 1922 1290 1421 1432 2032 1679 2000 1934 1721 1360 1329 1971 1320
N 431
 1317 1556 1530 1610 1876 1825 2024 1678 1542 1860 1490 1851 1287 1839 1359 1541 1991 1777 1792
N 432
 1718 1995 1691 1765 1600 1383 1513 1453 1529 1680 1885 1334 1969 1369 1872 1840 1838 1936 1399
N 433
 1870 1935 1393 2008 1307 1973 2018 1917 1282 1964 1482 1858 1843 1379 1634 1851 1706 1931 1387
N 434
 1825 1889 1468 1913 1441 1960 1765 1479 1952 1337 1388 1951 1381 1749 1293 1826 1792 1932 1852
N 435
 1962 1439 1503 1486 1505 1645 1861 1917 1755 1777 1347 1570 1604 1420 1337 1334 1860 1867 1490
N 436
 1894 1400 1891 1924 1817 2033 1991 2011 1381 1599 1857 1964 1321 1305 1561 1996 1560 1662 1739
N 437
 1624 1690 1741 1421 1457 1889 1775 1620 1349 1383 2036 1994 1390 1611 1361 1436 1638 1297 1850
N 438
 1302 1949 1315 1839 1731 1380 1470 1321 1718 1542 1505 1972 1734 1798 1947 1749 1924 1678 1507
N 439
 1577 1955 1578 1964 1908 2037 1896 1543 1703 1533 1618 1814 1691 1862 1810 1550 1974 1570 1413
N 440
 1616 1612 1742 1823 1355 1397 1773 2032 1348 1567 1724 1653 1940 1541 1594 1883 1284 1776 1333
N 441
 1815 1401 1770 1795 1759 1800 1970 1369 1670 1575 1715 1852 1939 1625 1936 1695 1989 2021 1668
N 442
 2021 1464 1488 1979 1793 1911 1602 1340 1534 1327 1283 1364 1396 1891 1945 1389 1551 1434 1921
N 443
 1947 1957 1987 1351 2030 1743 1700 1719 1582 1513 1672 1358 1594 1992 1823 1769 1762 1930 1450
N 444
 1948 1311 1437 1359 1692 1635 1793 1649 1834 1469 1662 1887 1905 1864 1790 1669 1416 1921 1538
N 445
 2017 1778 1480 1496 1606 1402 1883 1599 1495 1951 1736 2036 1882 1864 1329 1830 1977 1653 1423
N 446
 1425 1597 1512 1557 1648 1677 1791 1405 1451 1545 1881 1521 2010 1343 1867 1342 1796 1752 1351
N 447
 1294 1553 1883 1855 1357 1631 1665 1760 1603 1857 1659 1492 1698 1806 1470 1874 1411 2011 1910
N 448
 2007 2004 1651 1468 1662 1802 2001 1420 1497 1431 2012 1809 1443 1390 1335 1416 1440 1870 1918
N 449
 1422 2023 1875 1352 2003 1328 1571 1786 1380 1375 1827 1997 1521 1487 1688 1288 1821 1321 1779
N 450
 1805 1566 1954 1904 1923 1418 1870 1344 1987 1467 1404 1849 1523 1998 1786 1822 1986 1319 1497
N 451
 1293 2023 1485 2015 1542 1876 1313 1336 1563 1370 1581 1663 1643 1514 1657 1780 1325 1645 2014
N 452
 1497 1630 1516 1565 1848 1368 1945 1980 1450 1633 1869 1505 2035 1960 1284 1281 1457 1877 1425
N 453
 1786 1554 1499 1428 1342 1977 1593 1795 1812 1638 1424 1526 1697 1480 1941 1690 1884 1939 1721
N 454
 1917 1438 1471 1551 1873 1743 1422 1635 1497 1944 1964 1868 1517 1610 1451 1443 1555 1539 1524
N 455
 1383 1536 1752 1916 1673 1708 1479 1358 1656 1766 1290 1745 1825 1376 1813 1293 1553 1824 1717
N 456
 1849 1544 1670 1296 1647 1439 2034 1470 1349 2000 1826 1703 1770 1431 1812 1581 1577 1367 1925
N 457
 1858 1769 1971 1387 1825 1331 1500 2028 1403 2031 1904 1649 1634 1903 1761 1546 1743 1479 1794
N 458
 1777 1456 1479 2000 1778 1900 2025 1653 1396 1893 1855 1477 1511 1685 1802 1765 1309 1607 1779
N 459
 1799 2028 1558 1517 1414 1873 1954 1697 1403 1482 1364 1793 1696 1599 1346 1427 1370 1527 1399
N 460
 1760 1867 1533 1881 1678 1976 1673 1746 1770 1973 1804 1562 1559 1384 1534 1847 1363 1840 1556
N 461
 1390 1513 1754 1951 1697 1527 1840 1730 1677 1795 1350 1451 1463 1970 1552 1375 1336 1807 1448
N 462
 1755 1785 2017 1367 1943 1558 1460 1608 1497 1616 1686 1365 1749 1665 1835 1939 1515 1978 1737
N 463
 1347 1311 1327 1538 2003 1342 1325 1651 1394 1621 1597 1691 1365 1462 1779 1607 1460 1362 1476
N 464
 1743 1514 1456 1857 1487 1993 1581 1686 1972 1556 1675 1703 1690 1544 1961 1957 1343 1719 1603
N 465
 1580 1313 1779 1471 1829 1898 1341 1764 1437 1742 1963 1335 1543 1711 1699 1467 1601 1372 1365
N 466
 1919 1419 1927 1523 1302 1440 2010 1794 1816 1918 1947 1594 1379 1596 1802 1528 1304 1515 1314
N 467
 1956 1951 1820 1374 1417 1619 1912 1695 1973 1907 1649 1947 1611 1839 1698 1596 1642 1827 1452
N 468
 1781 1420 1669 1351 1488 1356 1661 1702 1364 1840 1326 1555 1700 1313 1695 1981 1668 1492 1780
N 469
 1423 1943 1656 1918 1718 1829 1839 1989 1787 1759 1948 1662 1421 2034 1875 1532 2006 1587 1814
N 470
 1711 1949 1353 1722 2028 1567 1472 1634 1571 1885 1729 1541 1346 1993 1807 1829 1942 1396 2014
N 471
 1810 1550 1294 2025 2029 1954 1772 1913 1466 1728 1649 1703 1529 1777 2012 1808 2034 1931 1749
N 472
 1431 1384 1484 1788 1382 1821 1911 1759 1496 1935 1565 1901 1897 1675 1801 1492 1348 1680 1306
N 473
 1496 1821 1449 1485 1935 1882 1745 1846 1931 1815 1845 1657 1284 1366 1513 1800 1294 1369 1899
N 474
 1561 2017 1498 1362 1907 1571 1448 2014 1340 1924 1480 1819 2013 1853 1424 1344 1530 1534 1919
N 475
 1350 1532 1766 1900 1441 1851 1743 1952 1385 1768 1725 1424 1408 1564 1389 1692 1978 1697 1650
N 476
 1999 1736 1769 1565 1470 2002 2023 1574 1767 1742 1639 1497 1708 1803 1381 1353 1642 1827 1595
N 477
 1953 1835 1465 1588 1492 1900 1974 1730 1851 1887 1968 1509 1762 2025 1682 1578 1958 1957 1343
N 478
 1880 1588 1924 1430 1901 1538 1771 1668 1494 1885 1788 1717 1375 1298 1756 1760 1440 1402 1297
N 479
 1964 1778 1360 1562 1569 1773 1753 2030 1420 1696 1317 1519 1886 1313 1709 1494 1818 1595 1660
N 480
 1584 1938 1760 1520 1583 1937 1411 1429 1927 1307 1854 1408 1542 1905 1488 1933 1609 1430 1978
N 481
 1321 1477 1604 1421 1808 1551 1582 1667 1779 1647 1614 2008 1464 1846 1812 1983 1502 1626 1327
N 482
 1595 2007 1983 1450 1491 1362 1697 1967 1855 1739 2022 1721 1845 1999 1520 1972 1558 1673 1833
N 483
 1989 1613 1884 1322 1350 1911 1592 1609 1908 1796 1585 1700 1829 1432 1801 1906 1942 1748 1892
N 484
 2015 1950 1309 1333 1767 1936 1739 1360 1683 1633 1915 1287 1995 1352 1826 1844 1361 1459 1601
N 485
 1661 1495 1825 1753 1474 1452 1962 1334 1316 1509 1857 1947 1323 1377 1900 1938 1432 1980 1284
N 486
 1326 1690 1787 2008 1396 1325 1495 1877 1657 1479 1913 1677 1959 1504 1432 1842 1763 2017 1977
N 487
 1707 1995 1307 1584 1532 1446 1903 1375 1470 1384 2014 2001 1296 1422 1657 1947 1686 1800 1765
N 488
 1669 1388 1687 1418 1776 1917 1683 1658 1467 1593 1756 1365 1440 1631 1287 1299 1311 1523 1867
N 489
 2021 1722 1778 1901 1616 1521 1302 1825 1557 1587 1356 1832 1627 1884 1942 1696 1574 1878 1487
N 490
 1618 1886 1827 1950 1974 1947 1438 1451 1518 1472 1895 1934 1701 1444 1283 2020 1463 1798 1478
N 491
 1766 1411 1421 1569 1748 1797 1793 1532 2030 1883 1823 1511 2020 1389 1660 1722 1364 1459 1486
N 492
 1869 1855 1888 1318 1315 1726 1719 1400 1337 1576 1444 1567 1593 1682 1558 1769 1626 1969 2015
N 493
 1703 1336 1942 1658 1359 1931 1337 1846 1804 1427 1913 1990 1577 1674 1451 1688 1512 1631 1720
N 494
 1880 1871 1659 1425 1873 1312 1993 1524 1576 1654 1538 1944 1571 1900 1776 1716 1477 1954 1667
N 495
 1947 1533 1740 1810 1340 1662 1848 1481 1317 1781 1742 1306 1376 1916 1772 1561 1463 1648 1943
N 496
 1407 1513 1534 2006 1868 1596 1325 1485 1465 1611 1575 1835 1376 1516 1972 1577 1764 1819 1779
N 497
 1789 1620 1848 1439 1933 1706 1402 1662 1975 1639 1339 1675 1846 1393 1839 1564 1866 1297 1331
N 498
 1922 1365 1660 1571 1372 1806 1482 2027 1485 1493 1394 2033 1577 1448 1570 1787 1409 1846 1723
N 499
 1385 1479 1716 1408 1737 1883 1443 1486 1874 1299 1533 1986 1996 1987 1576 1311 1740 1937 1391
N 500
 1915 1492 1624 1736 1584 1641 1535 1922 2019 1876 1400 1436 1502 1919 1312 1592 1377 1611 2011
N 501
 1388 1951 1282 1674 1876 1742 1322 1333 1795 1834 1556 1409 1748 1810 1363 1848 1392 1990 1386
N 502
 1742 1400 1691 1720 1792 1625 1702 1929 2039 1974 1591 1431 2017 1996 1328 1670 1934 1596 1883
N 503
 1703 1637 1289 1789 1763 1890 1469 1976 1837 1537 1428 2033 1901 1907 1348 1826 1716 1739 1793
N 504
 1728 2033 1974 1808 2004 1951 2001 1615 1657 1540 2019 1451 1454 1482 1590 1307 1931 1855 1854
N 505
 1658 1987 1620 1822 1677 1406 1314 1833 1747 1943 1340 1292 1728 1516 1365 1326 1443 1476 1508
N 506
 1795 1602 1905 1325 1331 1764 1727 1657 1886 1558 1694 1360 1412 1976 1586 1492 1317 1794 1486
N 507
 1396 1949 1530 1977 1837 1286 1940 1852 1762 1963 1701 1880 1598 1730 1713 1515 1715 1711 1538
N 508
 1358 1732 1902 2012 1693 1840 1392 1994 1461 1441 1767 1919 1314 1736 1588 1471 1603 1674 1378
N 509
 1420 2010 1728 1687 1297 1750 1558 1404 1912 2029 1444 1799 1578 1951 1813 1286 1364 1647 2037
N 510
 1729 2011 1664 1435 1616 1805 1450 1378 1380 1403 1812 1393 1925 1281 1612 1537 1390 1669 1797
N 511
 1785 1845 1917 1482 1574 1764 1617 1796 1823 1645 1361 1294 1508 1827 1571 1454 1593 1794 1739
N 512
 2039 1423 1306 1454 1800 1531 1914 1958 1666 1436 1608 1284 1716 1311 1321 1647 1409 1389 1672
N 513
 1381 1333 1341 1393 1338 1412 1725 1757 1659 1772 1954 1945 1525 1797 1353 1645 1596 1853 1640
N 514
 1463 1791 1299 1760 1342 1620 1543 1569 1337 1655 1345 1647 1631 2000 1943 1685 1806 1382 1618
N 515
 1853 1895 1363 1993 1563 1519 1559 2038 1483 1435 1822 1936 1463 1450 1907 1391 1585 1975 1807
N 516
 1508 1467 1703 2005 1971 1857 1938 1414 1470 1497 1582 1919 1370 1436 1758 1503 1457 1925 1914
N 517
 1615 1579 1638 1617 1721 1567 1365 1764 1728 1726 1587 1756 1908 1612 1529 1408 1287 1828 2016
N 518
 1347 1485 1858 1547 1796 1928 1724 1385 1929 1656 1645 1312 1318 1835 1534 1875 1903 1884 1642
N 519
 2014 1700 1508 1455 1433 1558 1420 1603 1729 2004 1660 1855 1685 1969 1686 1389 1675 1286 1917
N 520
 1519 1887 1480 1626 1548 1515 1434 1893 1499 1804 1700 1536 1858 1296 1872 1754 2016 2036 1317
N 521
 1805 1588 1626 1453 1380 1497 1888 1301 1395 1477 1285 1720 1762 1994 1433 1899 1644 1662 1310
N 522
 1944 1440 1943 1390 1652 1319 1735 1755 1607 1789 1936 1672 1536 1940 1497 1718 1770 1858 1981
N 523
 1998 1357 1807 1698 1832 1697 1436 1669 1773 1499 1867 1933 1892 1445 1525 1860 1901 1932 1886
N 524
 1692 1916 1736 1346 1468 1724 1810 1770 1522 1553 1935 1544 1314 1402 1441 1840 1591 2028 1379
N 525
 1500 1429 1474 1404 1745 1336 1321 1909 1864 1836 2001 2004 1821 1392 1447 1774 1296 1557 1763
N 526
 1557 1709 1520 1920 1650 1699 1504 1948 1685 1727 1670 1565 2010 1389 1575 1509 1406 1978 1355
N 527
 1734 1653 1479 1968 1713 1844 1371 1509 1493 1476 1995 1909 1624 1337 1391 1908 1331 1517 1835
N 528
 1736 1613 1831 1514 1420 1927 1714 1441 1919 1335 1754 1943 1294 1735 1652 1864 1930 1384 1354
N 529
 1917 1591 1792 1736 2014 1721 1507 1557 1896 1586 1635 1396 1834 1430 1921 1492 1694 1811 1612
N 530
 1913 1604 1288 1500 1383 1405 1515 1840 1447 1845 1745 1301 1442 1710 1821 1875 1868 1678 1648
N 531
 1462 1510 1850 1550 1698 1332 1399 1574 1293 1680 1797 1518 2037 1630 1959 1298 1741 1542 1437
N 532
 1542 1798 1764 1349 1736 1923 1918 1626 1491 1691 1841 1538 1793 1418 2038 1995 1771 1882 1484
N 533
 1934 1776 1323 1415 1917 1464 1294 1768 1550 1665 1426 1490 1502 2034 1830 1706 1663 1409 1707
N 534
 1382 1761 1686 1976 1746 1523 1373 1658 1927 1342 1328 1391 1622 1882 1935 1984 1470 1613 1973
N 535
 1776 1777 1981 1952 1392 1870 1523 1951 1618 1363 1368 1419 1425 1547 1622 1409 1620 1725 1464
N 536
 2035 1665 1789 1884 1367 1900 1430 1683 1286 1547 1611 1359 2034 1814 1657 1497 1883 1946 1456
N 537
 1994 1759 1525 1446 1894 1837 1634 1430 1452 1439 1682 1758 1503 2017 1379 1348 1751 1420 1299
N 538
 1873 1294 1979 1323 1737 1403 1859 1486 1422 1532 1922 1465 1998 1430 1900 1670 1928 1637 1779
N 539
 2009 1572 1603 1578 1891 1600 1282 1476 1445 1930 1296 1681 1351 1698 1640 1515 1577 1813 1422
N 540
 1439 1328 1375 1730 1756 1624 1316 1956 1480 1775 1694 1565 1681 1580 1941 1656 2032 1448 1766
N 541
 1836 1374 1328 1765 1900 1430 1893 1580 1458 1610 1927 1924 1602 1313 1878 2005 1943 1415 1965
N 542
 1577 1875 1608 1473 2017 1480 1823 1533 1536 1424 1301 1785 1447 1472 1604 1468 1676 1684 1561
N 543
 1416 1841 1289 1387 1794 1960 1311 1665 1843 1953 1657 1349 1555 1516 1425 1791 1367 1754 1997
N 544
 1933 1699 1599 1282 1551 1938 1639 1857 1889 1682 1387 1354 1674 1903 1735 1683 1939 1517 1338
N 545
 1515 1953 1592 1931 1596 1886 1686 1893 1721 1971 1386 1349 1694 1321 1727 1841 1682 1558 1867
N 546
 1602 1697 1713 1588 1531 1818 1931 1354 1562 1905 1299 1351 1987 1765 1828 1424 1577 1708 1649
N 547
 1892 1357 1535 1684 1521 1798 1372 1735 1473 1425 1764 1793 1810 1940 1524 1646 1675 1657 1676
N 548
 1989 1865 1765 2010 1334 1867 1976 1435 1423 1635 1699 1398 1602 2039 1775 1415 1368 1733 1515
N 549
 1383 1292 1428 1326 1599 1905 1327 1643 1624 1888 1641 1548 1496 1692 1563 1972 1904 1322 1387
N 550
 1901 1324 1466 1423 1563 1855 1734 1475 1858 1384 1711 1859 2032 1793 1641 2028 1959 1455 1304
N 551
 1554 1324 1786 1665 1501 1307 1702 1417 1926 1522 1393 1296 1379 1405 1600 1729 1740 1678 1668
N 552
 1999 1545 1302 1576 1990 1751 1572 1568 1674 1389 1647 1690 1819 1984 1784 1501 1441 1739 1352
N 553
 1783 1346 1843 1738 1692 1634 1491 1572 1815 1988 1559 1546 1982 1790 1486 1510 1899 1332 1799
N 554
 1705 1599 1498 1885 2038 1339 1743 1786 1620 1503 1832 1590 1523 1845 1645 1932 1761 1525 1437
N 555
 1477 1559 1693 1345 1688 1744 1344 1399 1848 1366 2012 1302 1428 1641 1969 1404 1329 1643 1484
N 556
 1509 2029 1948 1501 1440 1633 1681 1487 1667 1300 1924 1933 1830 1548 1774 1828 1892 1802 1905
N 557
 1715 1702 1983 1804 1978 1711 1582 1346 1284 1751 2013 1648 1430 1668 1641 1601 1862 1367 1575
N 558
 1993 1607 1506 2029 1871 1373 1929 1975 1750 1959 1887 1842 1787 1861 1890 1567 1442 1287 1532
N 559
 1403 1364 2009 1908 1302 1836 1990 1477 1582 1308 1898 1930 1639 1795 1880 1863 1965 1335 1975
N 560
 1856 1730 1901 1416 1422 1950 1618 1467 2013 1764 1736 1446 1282 1345 1609 1654 1775 1944 1662
N 561
 1823 1890 1987 1456 1807 1404 2032 1791 1617 1955 1998 1393 1675 1796 1876 1361 1893 1649 1396
N 562
 1895 1315 1757 1810 1313 1300 1985 1917 1844 1636 1891 1528 1395 1344 1532 1949 1569 1658 1401
N 563
 1539 1686 1702 1811 1639 1481 1462 1628 1994 1387 1309 1966 1819 1585 1611 1941 1906 1944 2036
N 564
 1382 1798 1566 1700 1546 1472 1337 1971 1710 1933 1959 1630 1315 1758 1998 1733 1968 1349 1488
N 565
 1476 2038 1366 1763 1843 1293 1806 1652 1386 1689 1438 1870 1802 1300 1981 1523 1930 1767 1510
N 566
 1395 1954 1480 1482 1494 1956 1656 1857 1735 1634 1352 1828 1604 1897 1565 1804 1782 1394 1695
N 567
 1376 1334 1301 2029 1527 2033 1388 1746 1857 1788 1308 1465 1796 1650 1988 1790 1667 1675 2011
N 568
 1707 1631 1747 1832 1880 1580 1963 1834 1391 1512 1361 1436 1578 1953 1507 1704 1874 1780 1753
N 569
 1311 1749 1801 1561 1293 1857 1571 1910 1593 1862 1916 1886 1822 1324 1598 1394 1612 1580 1784
N 570
 1922 1492 1880 1469 1689 1501 1491 1640 1945 1793 1819 1966 1779 1316 1829 1956 1574 1999 1303
N 571
 1568 1765 1508 1625 1368 1904 1543 1741 1285 1809 1331 1773 1544 1521 1994 2019 2027 1768 1816
N 572
 1973 1355 1673 1549 1639 1646 1694 1775 1322 1481 1575 1891 1670 1700 1281 1803 1323 1654 1523
N 573
 1824 1965 1889 1588 1829 1980 1462 1649 1699 2028 1348 1658 1798 1322 1524 1684 1498 1813 1663
N 574
 1923 1567 1600 1703 1284 1613 1639 1903 1302 1295 1510 1848 1292 1461 1974 1926 1981 1963 1502
N 575
 1480 1704 2015 1988 1648 1377 1427 1546 1856 1624 1305 1301 1515 1698 1651 1723 1607 1523 2022
N 576
 1475 1973 1454 1432 1709 1630 1674 1497 1370 1611 1979 1712 1620 1568 1838 2021 1897 1436 2012
N 577
 1349 1333 1540 1705 1605 1617 1821 1854 1317 1888 1736 1445 1781 1510 1506 1725 2000 1308 1673
N 578
 1757 1411 1824 2016 1729 1452 1864 1823 1885 1314 1373 1360 1482 1393 1606 1782 1727 1871 1380
N 579
 1793 1893 1833 1475 1307 1682 1501 1425 1464 1376 1967 1476 1282 1287 1745 2013 1563 1864 1452
N 580
 1655 1892 1926 1951 1500 1382 1409 1330 1362 1446 1389 1467 1860 1510 1820 1732 1643 1481 1524
N 581
 1534 1598 1650 1283 1992 1834 2009 1322 1940 1391 1754 1450 1297 2011 1303 1567 1804 1538 1491
N 582
 1579 1689 1331 1280 1761 1536 1304 1868 1295 1788 1375 1645 1842 1739 1672 2024 1564 2013 1693
N 583
 1478 1814 1627 1902 1614 1606 2034 1409 2039 1299 1508 1705 1810 1485 1930 1926 1812 1398 1870
N 584
 1690 1967 1946 1509 1633 1984 1387 1641 1366 1956 1385 1935 2020 1594 1845 1587 1998 1993 1888
N 585
 1689 2029 1531 1505 1958 1989 2019 1449 1499 1695 1569 1779 1890 1705 1384 1542 1301 1376 1402
N 586
 2007 1629 1307 1562 1816 1485 1849 2035 1916 1891 1292 1462 1323 1335 1283 1520 1305 1692 1900
N 587
 1991 1686 1684 1639 2000 1854 1955 1476 1939 1343 1732 1598 1382 1823 1558 1784 1345 1673 1427
N 588
 1425 1579 1940 1953 1355 1592 1930 1912 1417 1525 1989 2022 1365 1825 1899 1588 2020 1298 1691
N 589
 1697 1608 1978 1858 1342 1317 1595 1472 1308 1497 1512 1988 1916 1548 1632 1558 1885 1991 1288
N 590
 1778 1387 1655 1953 1637 1787 1365 1502 1450 1991 1662 1712 1918 1572 2039 1846 1724 1304 1915
N 591
 1681 1738 1644 2029 1940 1526 1958 1300 1368 1985 1367 1828 1504 1675 1696 1316 1716 1794 1701
N 592
 1885 1484 1707 1729 1905 1894 1798 1740 1301 1616 1415 1981 1816 1554 1780 1364 1621 2027 2004
N 593
 1931 1775 1392 1429 1709 1881 1966 2035 1318 1298 1789 1934 1632 1960 1375 1840 1431 1724 1308
N 594
 1617 1655 1547 1624 1476 1543 1452 1900 1909 1306 1689 1728 1911 1709 1292 1521 1477 1609 1896
N 595
 1293 1367 1778 1390 1588 1535 2037 1919 1329 1372 1728 1555 1932 1912 1549 1714 1975 1963 1972
N 596
 1783 1336 1853 1642 1527 1338 1339 1660 1674 1484 1726 1397 1736 1607 1502 1896 1354 1875 1585
N 597
 1367 2001 1312 1393 1587 1978 1919 1758 1349 1826 1731 1547 2011 1489 1762 1572 1480 1482 1746
N 598
 1429 2020 1612 1324 1377 1389 1691 1933 1411 1714 1812 2032 1723 1829 1694 1888 2009 1317 1467
N 599
 1330 1431 1552 2007 1490 2000 1923 1494 1464 1672 1816 1415 1622 1553 1826 1419 1643 1479 2003
N 600
 1569 1343 2032 1383 1436 1963 1689 1949 1319 1868 1704 1424 1978 1936 1676 1606 1585 1971 1596
N 601
 1757 1619 1447 1904 1608 1505 1422 1350 1638 1529 1475 1643 1316 1870 1955 1865 1648 1606 1517
N 602
 2018 1850 1338 1699 1859 1364 1822 1331 1417 1663 1882 1780 1690 1535 1307 1949 1574 1403 1464
N 603
 1366 1284 1949 1929 1524 1900 1348 1850 1650 1761 1675 1883 1709 1562 1517 2034 1317 1329 1652
N 604
 1597 1638 1607 1438 1733 1412 1554 1730 1728 1315 1391 1709 1552 1814 1579 1292 1693 1742 1765
N 605
 1471 1551 1999 1718 1630 1604 1968 2031 1390 1293 1518 1878 1886 1772 1645 1562 1627 2033 1696
N 606
 1697 1954 1603 1596 1735 1411 1787 1515 1513 1961 1500 1332 2039 1385 1457 1806 1442 1357 1689
N 607
 1347 2028 1590 1630 1979 1632 1449 1900 1650 1313 1629 1658 1871 1841 1967 1754 1767 1992 1582
N 608
 1496 1708 1791 1596 1655 1500 1298 1792 1859 1408 1561 1405 1793 1571 1576 1340 1752 1992 1799
N 609
 1851 1282 1603 1391 1566 1961 1400 1485 1364 1872 1876 1869 2015 1477 1788 1802 1294 2006 1619
N 610
 1411 1424 1582 1586 1725 1286 1717 1383 1679 1992 1898 1373 1716 1985 1610 1314 1844 1971 1913
N 611
 1935 1421 1942 1972 1938 1475 1442 1463 1559 1794 1530 1832 1365 1308 1551 1978 1417 1455 1318
N 612
 1351 1302 1577 1741 1923 1913 1447 1281 1655 1475 1452 1506 1346 1941 1895 1385 1902 1550 1471
N 613
 1518 1300 1474 1891 1893 1452 1388 1986 1461 1286 1408 1405 2005 1957 1422 1950 1954 1330 1914
N 614
 1397 1889 2019 1541 1683 1942 1769 1833 1861 1937 1918 1687 1474 1588 1931 1367 1449 1436 1772
N 615
 1979 1471 1710 1936 1287 1689 1928 1661 1687 1476 1592 1652 2036 1635 1738 1899 1669 1926 1386
N 616
 2020 1686 1293 1394 1961 1906 1945 1707 1324 1836 1875 1366 1722 1747 1846 1901 1674 1392 1765
N 617
 1818 1939 1511 1643 1504 1825 1442 1369 1808 1729 1497 1287 1373 1699 1344 1677 1485 1324 1370
N 618
 1535 1735 1966 1438 1634 1325 1710 1822 1898 1303 1393 1536 1631 1614 1455 1533 1504 1962 1549
N 619
 1828 1411 1393 1713 1691 1902 1895 1542 1986 1574 1316 1520 1445 1805 1490 1635 1835 1892 1609
N 620
 1631 1488 1898 1939 1374 1368 1783 2008 1952 1797 1650 1308 1698 1946 1835 1882 1458 2025 1317
N 621
 1539 1803 1916 1998 1687 1434 1796 1518 1888 1744 1306 1516 1948 2025 1868 1684 1618 1702 1782
N 622
 1540 1996 1650 1338 1563 1522 1408 1773 1681 1959 1888 1930 1730 1593 1688 1628 1314 1952 1819
N 623
 1935 1967 1738 1864 1577 1374 1992 1308 1820 1877 2007 1301 1989 1760 1385 1976 1521 1901 1371
N 624
 1933 1455 1356 1744 1320 1680 2038 1777 1427 2009 1513 1819 1787 1454 1288 1391 1855 1812 1637
N 625
 1345 1873 1447 1513 1714 1758 1929 1971 1515 1777 1828 1854 1583 1997 1631 1498 1786 1685 1863
N 626
 1676 1480 1420 1885 1889 1962 1428 1519 1518 1883 1652 1514 1318 1529 1338 1478 1959 2011 1658
N 627
 1938 2028 1793 1324 1673 1863 1386 1990 1507 1374 1410 1487 1623 1753 1957 1968 1885 1395 1902
N 628
 1283 1650 1359 1889 2028 1631 1553 1744 1707 1824 1559 1985 1798 1714 1990 2003 1866 1435 1580
N 629
 1534 1652 1436 1555 1836 1304 1452 1609 1823 1675 1326 1677 1343 1761 1357 2011 2030 1821 1395
N 630
 1831 1481 1477 1590 1485 1880 1413 1409 1484 1678 1495 1469 1558 1962 1857 1473 1914 1710 1696
N 631
 1356 1676 1681 1408 2027 1491 1864 1325 1615 1437 1376 1400 1753 1919 1341 1820 1912 1878 1991
N 632
 1434 1742 1571 1967 1402 1326 1414 1480 1839 2012 1956 1756 1354 1650 1613 1340 1405 1790 1879
N 633
 1348 1586 1447 1722 1474 2030 1994 1840 1292 1414 1637 1459 2022 1974 1777 1892 1456 1502 1609
N 634
 2030 1530 1365 1597 1527 1641 1538 1959 1758 1317 1351 1955 1541 1643 1750 1321 1334 1503 1746
N 635
 1361 1608 1488 1691 1793 1706 1370 1819 1652 1446 1529 1428 1574 1517 1376 1844 1369 1739 1968
N 636
 1863 1340 1658 1860 1786 1992 1712 1542 1282 1719 1564 1800 1373 1449 1467 1533 1302 1814 1572
N 637
 1729 1988 1980 1682 1397 1571 1449 1880 1290 1322 1595 1532 1611 1835 1942 1295 1862 1679 1491
N 638
 1455 1811 1992 1484 1548 1866 1737 1954 1642 1868 1386 1375 1475 1843 1641 1709 1309 1757 1387
N 639
 1718 1481 1364 1457 1805 1436 1297 1572 1451 1657 1588 1724 1894 1961 1653 1639 1505 1911 1525
N 640
 1823 1357 1382 1592 2016 1465 1963 1485 1597 1518 1555 1853 1600 1469 1877 1655 1443 2021 1854
N 641
 1822 1461 1419 1830 1769 1561 1585 1619 1573 1880 1301 1735 1866 1716 1753 1983 1887 1400 2018
N 642
 1422 1716 1693 1525 1302 1977 2014 1321 1959 1398 1613 1841 1880 1828 1781 1665 1579 1849 1519
N 643
 1885 1414 1465 1583 1372 2009 1772 1730 1660 1352 1306 1321 1870 1472 1671 1800 1731 1533 1547
N 644
 1913 1899 1887 1573 1984 1946 1724 2027 1295 1504 1894 1448 1627 1722 1783 1599 1612 1693 1912
N 645
 1779 1887 1534 1490 1489 1402 1563 1591 1459 1531 1705 1985 1937 1550 1293 1445 1661 1360 2004
N 646
 1509 1432 1474 1330 1405 1994 2039 1597 1419 1700 1493 1335 1424 1365 1598 2012 1535 1386 1873
N 647
 1467 1331 1794 1751 1281 1575 1621 1816 1886 1726 1848 1818 1462 1340 2024 1678 1509 1502 2034
N 648
 1631 1832 1685 1372 1423 1964 1463 1621 1788 1897 1804 1444 1918 1819 1613 1785 1322 1746 1839
N 649
 1450 1545 2036 1650 1377 1293 1527 1339 1687 1487 1834 1560 1490 1403 1665 1910 1898 1699 2004
N 650
 1731 1417 1780 1458 1896 1330 1799 1803 1320 1512 2036 1786 1866 1400 1475 1446 1987 1595 1383
N 651
 1589 1311 1785 1648 1973 1722 2019 1313 2003 1378 1721 1622 1637 1883 1331 1305 1500 1862 1317
N 652
 1292 2037 1933 1466 1925 1790 1289 1966 1688 1657 1514 1350 1697 1345 1284 2024 1717 1460 1701
N 653
 1931 1914 1900 1606 1744 1963 1806 1663 1576 1986 1808 1945 1883 1901 1531 1832 1972 1401 1548
N 654
 1748 1405 1500 1818 1443 1524 1711 1426 1292 1680 1555 1771 1598 1888 1998 1882 1594 1827 1983
N 655
 1953 1298 1780 1732 1335 1597 1919 1648 1582 1774 1287 1686 1465 1761 1312 1284 1529 1697 1527
N 656
 1334 1946 1657 1729 1458 1288 1647 2003 1549 1767 1398 1593 2017 1553 1908 1775 2020 1556 2010
N 657
 1512 1686 1542 1903 2028 1812 1623 1885 1955 1790 1640 1705 1959 1639 1723 1414 1570 1872 1921
N 658
 1958 1302 1639 1966 1399 1440 1954 1739 1379 1443 1421 1412 1588 1806 1868 1524 1708 1596 1573
N 659
 1899 1574 1512 1778 1582 1305 1426 1610 1902 1421 1883 1683 1801 1820 1769 1475 1442 1616 1562
N 660
 1569 1491 2034 1381 1809 1481 1735 1496 1307 1607 1592 2011 2027 1428 2022 1804 1715 1690 1631
N 661
 1358 1281 1362 1802 1315 1862 2014 1676 1283 1716 1869 1913 1522 1845 1386 1629 1470 1426 1996
N 662
 1664 1514 1511 1327 1536 1809 2035 1515 2039 1608 1540 1440 1737 1451 1788 2019 1705 1673 1401
N 663
 1665 1608 1695 1397 1696 1805 1880 1413 1333 1636 1846 1882 1683 2005 1570 1426 1967 1389 1462
N 664
 1600 1320 1289 1296 1449 1887 1501 1759 2017 1494 1863 1656 1330 1951 1464 1824 1682 1617 1380
N 665
 1312 1557 1772 1558 1580 1981 1650 2034 1920 1459 1538 1556 1513 1965 1788 1372 1410 1437 1691
N 666
 1454 1410 1508 1466 1819 1778 1804 1339 1465 1985 1712 1903 1570 1792 1930 1524 1883 1681 1782
N 667
 2012 2036 1405 1304 1438 1414 1720 1971 1937 1300 2025 1968 1519 1406 1789 1811 1384 1623 1947
N 668
 1462 1741 1295 1593 1791 1924 2011 1410 1751 1351 1537 1672 1526 1546 1727 1636 1995 1452 1882
N 669
 1522 1633 1586 1508 1921 1740 1598 2029 1638 1597 1473 1375 1526 1854 1984 1435 1461 1763 1511
N 670
 1700 1469 1376 1302 1602 1308 1713 1341 1984 1844 2007 1965 1584 1521 2003 1591 1669 1492 2018
N 671
 1536 1742 1686 1735 1337 1802 1314 1890 1617 1642 1845 2035 1419 1475 1707 1529 1625 1401 1584
N 672
 1332 1531 1704 1891 1497 1346 1775 1578 1613 1519 1957 1304 1950 1710 1927 1871 1745 1385 1820
N 673
 2018 1424 1335 1384 1692 1455 1769 1456 1632 1864 1915 1406 1550 1729 1733 1674 1815 1556 1951
N 674
 1515 1723 1971 1813 1297 1367 2027 1417 1811 1878 1772 1930 1589 1780 1775 1957 1585 1660 1331
N 675
 1318 1315 1967 1394 2037 1555 1583 1613 1991 1803 1644 1939 1936 1899 1356 1989 1374 1535 1325
N 676
 1993 1713 1608 1794 1816 1898 1582 1573 2001 1502 1586 1746 1695 1811 1418 1343 1926 1428 1681
N 677
 1962 1390 1790 2029 1330 1891 1489 1555 1327 1462 1568 1633 1503 1459 2038 1858 1896 1719 1523
N 678
 2020 1579 1438 1865 1329 1482 1690 1659 1937 1458 2002 1545 1430 1996 1961 1867 1566 1416 1572
N 679
 1663 1379 1910 1985 1306 1759 1554 1799 1865 1407 1424 1530 1421 1902 1542 1604 1303 2016 1738
N 680
 1967 1456 1455 1997 1309 1755 1291 1471 1653 1601 1561 1983 1298 2000 1817 1557 1875 1943 1633
N 681
 1842 1759 1489 1744 1335 1474 1695 1685 1767 1600 1602 1616 1531 1353 1628 1606 1356 1388 1287
N 682
 1617 1299 1926 1896 1884 1301 1564 1776 1548 1841 1975 1515 1498 1637 1725 1953 1703 1833 2034
N 683
 2007 1931 1945 1505 1315 1983 1680 1589 1406 1856 1655 1575 1819 1627 1790 1426 1542 1559 1690
N 684
 1853 1390 1814 1586 1627 1959 1497 1707 1632 1640 1916 1750 1552 1870 1499 1544 1628 1909 1393
N 685
 1814 1304 1597 1656 1426 1402 1968 1926 1984 1481 1475 1613 1522 2001 1932 1564 1467 1596 1951
N 686
 1471 1374 1463 1314 1922 2010 1460 1934 1997 1671 1970 1475 1547 1479 1631 1850 1555 1377 1989
N 687
 1929 1323 1918 1569 1521 1374 1863 1589 2009 1771 1811 1700 1414 1927 1520 1361 1702 1952 1401
N 688
 1916 1942 1969 1662 1483 1937 1701 1633 1404 1381 1874 1676 1490 1995 1964 1773 1824 1480 1358
N 689
 1789 1281 1631 1647 1723 1586 2023 1446 1400 1424 1596 1686 1312 2012 1791 1625 1497 1758 1524
N 690
 1858 1399 1663 1850 1479 1549 1303 1632 1656 1683 1753 1880 1744 1686 1404 1849 1879 2003 1594
N 691
 1642 2012 1696 1303 1407 1543 1489 1430 1925 1985 1802 1319 1620 1585 1764 1769 1934 1389 1524
N 692
 1468 1540 1586 1661 1699 1534 1787 1460 1406 2022 2030 1781 1562 1732 1729 1898 1976 1483 1296
N 693
 1629 1771 1809 1394 2007 1899 1600 1584 1802 1897 1622 1552 1851 1975 1382 1822 1846 1471 1765
N 694
 1572 1736 2035 1323 1723 1757 1933 1769 1697 1692 1832 1445 2030 1817 1507 1516 1638 1518 1393
N 695
 1714 1484 1473 1746 1630 1798 1751 1306 1572 1617 1842 1448 1384 1443 1776 1952 1427 1367 1629
N 696
 1326 1808 1984 1466 1357 1615 1828 1530 1519 1623 2009 1372 1437 1413 1483 1854 1639 1976 1800
N 697
 1768 1658 1507 1756 1941 1567 1643 1842 1660 1846 1678 2022 1351 1895 1403 1688 2018 1460 1741
N 698
 1672 1813 1975 1757 1406 1986 1321 2003 2007 1507 1980 1917 1993 1377 1901 1912 1303 1792 2019
N 699
 1939 1879 1583 1570 1782 1913 1813 1795 1558 1683 1581 2009 1907 1890 1323 1897 1830 1307 1410
N 700
 1290 1670 1944 1528 1791 1978 1898 1732 1390 1773 1517 1487 1417 1801 1469 1672 1455 1366 1475
N 701
 1835 2037 1918 1822 1798 1574 1657 1345 1421 1371 1560 1346 1390 1867 1919 1532 1286 1978 1966
N 702
 1514 1496 1612 1445 1523 1522 1590 1762 1516 1506 1558 1571 1935 1987 2019 1758 1851 1532 1508
N 703
 1929 1568 1471 1992 1799 1841 1629 1623 1563 1466 1562 1577 1492 1988 1448 1983 1588 1311 1339
N 704
 2030 2014 1778 1865 1372 1583 1604 1887 1559 2007 1795 1285 1602 1643 1562 1485 1417 1373 1443
N 705
 1632 1942 1683 2013 1881 1589 1543 1380 1451 1901 1917 1720 1890 1903 1386 1758 1408 1671 1955
N 706
 1968 1412 1383 1970 1651 1717 1997 1649 1735 1867 1433 1320 1487 1931 1544 1947 1912 1815 1460
N 707
 1838 1948 1976 1340 1796 1499 1921 1987 1836 1570 1479 1634 1722 2024 1915 1285 1720 1824 1653
N 708
 2021 2006 1928 1669 1348 1745 1376 1452 1662 1450 1698 1319 1330 1316 1784 1946 1495 2039 1388
N 709
 1952 1810 2008 1879 1572 1530 1934 1346 1673 1447 1723 1935 1936 1310 1598 1757 1944 1865 1614
N 710
 1480 1861 1870 1742 1358 2039 1953 1771 1306 1723 1527 1913 1414 1883 1681 1357 1516 1549 1638
N 711
 1796 1586 1541 1692 1670 1767 2013 1390 1809 1831 1848 1651 1845 1421 2010 1698 1785 1881 1602
N 712
 1921 1848 1940 1398 1871 1536 1733 1533 2019 1826 1572 1792 1492 1789 1457 1514 1325 1384 1997
N 713
 1330 1727 1333 1947 1811 2027 1898 2003 1927 1640 1354 1487 1629 1906 1553 1471 1443 1769 2011
N 714
 1851 1736 1985 1715 1515 1723 1662 1730 1908 1718 2033 1826 1804 1970 1714 2012 1670 1682 1565
N 715
 1991 1612 1513 1792 1912 1704 2022 2014 1448 1954 1547 1904 1437 1416 1847 1438 1601 1589 1299
N 716
 1936 1753 1657 1459 1586 1744 1345 1703 1809 1364 1687 1697 1461 2028 1979 2004 1945 1454 1328
N 717
 1314 1627 1349 1869 1598 1967 1506 1381 1688 1531 1983 1839 1560 1579 1552 1776 1934 1840 1734
N 718
 1499 1823 2032 1930 1545 1752 1364 1914 1980 1720 1881 1308 1526 1330 1448 1984 1724 1635 1967
N 719
 2006 1327 1465 1753 2001 1656 1512 1681 1527 1807 1536 1368 1585 1717 1704 1365 1903 1429 1887
N 720
 2016 2021 1306 1631 1883 1813 1912 1667 1418 1803 1566 1685 1805 1445 1366 1316 1974 1496 1896
N 721
 1499 1604 1776 1909 1365 1483 1313 1469 1974 1854 1929 1611 1457 1544 1955 1550 1553 2022 1869
N 722
 1715 1288 1623 1689 1613 1716 1718 1498 1800 1385 1531 1464 1546 1868 1688 1678 2034 1934 1659
N 723
 1774 1762 1910 1688 1620 1476 1739 1644 1309 2026 1282 1449 1723 1605 1519 1647 1372 1841 1367
N 724
 1501 1939 1514 1428 1603 2005 1986 1368 1305 1486 1528 1525 1999 1641 1442 1555 1619 1962 1509
N 725
 1967 1429 1504 1344 1879 1957 1694 1720 1568 1785 1479 2013 1590 1802 1852 1885 1430 1679 2008
N 726
 1410 1962 1616 1334 1561 1668 1726 1489 1683 1361 1821 1702 1751 1630 1796 1281 1542 1948 1890
N 727
 1960 1455 1470 1401 1485 1384 1667 1736 1684 1535 1749 1722 1806 1847 1746 1529 1393 1834 1631
N 728
 2038 1801 1668 1334 1698 1947 1799 1523 1378 1598 2031 1285 1300 1622 2026 2016 1783 1658 1281
N 729
 1416 1493 2014 1680 1420 1660 1817 1514 1853 1524 1915 1974 1656 1482 1706 1534 1295 1994 1399
N 730
 1374 1820 1577 1965 1416 1551 1504 1522 1973 1425 1535 2000 1689 1511 1873 1777 1415 1500 1915
N 731
 1305 1762 1532 1836 1489 1388 1306 2006 1290 1417 1592 1342 1840 1547 1679 1574 1317 1901 1622
N 732
 1855 1726 1919 1417 1337 1595 1784 1721 2017 1537 1885 1495 1850 1587 2027 1808 1374 1456 1421
N 733
 1387 1661 1597 1631 1748 1556 1296 1438 1540 1287 1844 1703 1539 1298 1418 1815 1958 1358 1800
N 734
 1710 1836 1807 1777 1871 1707 1559 1952 2018 1981 1459 1715 2023 1616 1999 1892 1362 1671 2039
N 735
 1944 1347 1502 1707 1730 1735 1406 1528 1358 1674 1994 1450 1982 1292 1751 1710 1578 1391 1616
N 736
 1474 1916 1887 1437 1475 1435 1450 1847 1750 1695 1499 1372 1926 1564 2019 1679 1534 1723 1932
N 737
 1407 1591 1997 1399 1366 1660 1590 1303 1363 1504 1390 1377 1444 1555 1539 1510 1747 1285 1355
N 738
 1464 1766 2014 1577 1706 1864 1875 2025 1401 1998 1417 1917 1702 1575 1346 1830 2026 1984 1785
N 739
 1870 1437 2003 1383 1443 1977 1630 1812 1852 1500 1458 1786 1693 1388 1282 1668 1598 1878 1652
N 740
 1682 1728 1381 2009 1913 1856 1516 1830 1392 1754 1636 1595 1572 1521 1326 1403 1812 1647 1774
N 741
 1316 1581 1599 1848 1456 1874 1459 1754 1465 2013 1306 1689 1797 1681 1280 1559 1872 1598 1778
N 742
 1775 1861 1373 1708 1785 1825 1394 1529 2021 1530 2013 1584 1650 1742 1387 1338 1536 1971 1433
N 743
 1408 2004 1671 1333 1535 2025 1852 1551 1322 1737 1345 1527 1907 1846 1398 1288 1876 1540 1736
N 744
 1874 1664 1715 1402 1305 1429 1852 1933 1677 1798 1413 1286 1477 1315 1291 2020 1900 1386 1598
N 745
 1798 1647 1782 1557 1574 1691 1645 1663 1370 1670 1344 1821 1637 1449 1569 1737 1318 2029 1346
N 746
 1578 1574 1781 1912 1522 1829 1850 2024 1430 1990 1884 1838 1322 1354 1895 1842 2001 1931 1886
N 747
 1282 1704 1799 1861 1910 1592 1305 2038 1853 1619 1628 1501 1451 1349 1492 1493 2023 1866 1863
N 748
 1329 1641 1629 1588 1871 1964 1448 1813 1561 1720 1810 1426 2015 1631 1769 1365 1731 1577 1786
N 749
 2033 1301 1509 1599 1921 1684 1679 1411 1974 1982 1673 1539 1407 1775 1343 1885 1471 1708 1320
N 750
 1625 1588 1565 1788 1859 1840 1543 1993 2033 1349 1384 1376 1365 1374 1718 1302 1824 1871 1386
N 751
 1766 1735 1778 1393 1341 1974 1866 1858 1899 1585 1547 1325 1696 1519 1612 1295 2018 1425 1874
N 752
 1438 1752 1802 1618 1806 1897 1847 1309 1973 1410 1793 1947 1495 1333 1784 1590 1506 2022 1992
N 753
 1405 1443 1733 1918 1496 1534 1671 1486 1793 1543 1838 1512 1488 1309 1851 1621 1359 1581 1791
N 754
 1998 1723 1300 1944 1697 2018 1954 1897 1608 1681 1332 1766 1740 1438 2025 1423 1366 1609 2003
N 755
 1795 1638 1361 1699 1679 1671 1523 1475 1732 2019 1355 1349 1954 1735 1920 1325 1441 1630 1958
N 756
 1898 1584 1623 1755 1321 1486 1317 2007 1864 1819 1730 1464 1734 1339 1640 1995 1804 1892 2031
N 757
 1444 1926 1761 1873 1922 1658 1581 1483 1734 1351 1409 1908 1436 1639 1675 2035 2023 1316 1594
N 758
 1990 1310 1780 1713 1685 1627 1534 1461 1736 1434 1650 1361 1327 1514 1311 1702 1646 1768 1934
N 759
 1680 1866 1392 1861 1714 1506 1578 1926 1677 1292 1380 1335 1414 1995 2023 1684 1598 1944 1874
N 760
 1637 1423 1306 2016 1732 1372 1412 1772 1802 1830 1468 1465 1762 1841 2009 1987 1631 1351 1320
N 761
 1940 1833 1803 1928 1558 1361 1787 1517 1401 1958 1719 1668 1842 1750 1792 1955 1352 1788 1902
N 762
 1530 1621 1764 1990 1414 1673 1831 1683 1351 1586 1448 1549 1456 1627 1920 1342 1419 1592 2029
N 763
 1549 1741 1594 1430 1970 1328 1447 1801 1604 1812 2009 1501 1649 2025 1494 1685 1399 1418 1655
N 764
 1848 1878 1539 1709 1554 1711 1433 1964 1467 2037 1283 1891 1819 1912 1541 1742 1769 1359 1753
N 765
 1706 1397 1343 1927 2005 1392 1676 1763 1692 1614 1663 1603 1739 1801 1911 1361 1617 1443 1299
N 766
 1678 1676 1569 1865 2034 1870 1505 1412 1552 1880 1882 1399 1722 1943 1450 1656 1310 1939 1323
N 767
 1706 1991 1502 1466 1620 1737 1978 1546 1454 1720 1862 1694 1833 1807 1359 1465 1688 1884 1795
N 768
 2039 2036 1860 1452 1674 1458 1601 1494 1307 1321 1953 1403 1920 1890 1613 1733 1481 1397 1759
N 769
 2034 1367 1750 1528 1602 1500 1946 1563 1639 1641 1817 1369 1357 1828 1408 1975 1876 1429 1953
N 770
 1744 1717 1638 1903 1616 1980 1426 1916 1901 1287 1963 1745 1302 1315 1604 1911 1499 1747 2031
N 771
 1703 1850 2012 1284 1732 1717 1298 1327 1881 1388 1817 1879 1777 1833 1659 1642 1843 1763 1609
N 772
 1643 1847 2004 1588 1439 1733 1349 1891 1924 1878 1452 1337 1583 1392 1363 2015 1775 1391 1923
N 773
 1523 1642 1985 1447 1509 1950 1947 1319 1357 1483 1776 1865 1789 1970 1566 1554 1772 1595 1773
N 774
 1998 1602 1987 1856 1713 1836 1830 1673 1348 1291 1640 1367 1668 1715 1864 1886 1491 1919 1971
N 775
 1665 1705 1672 1989 1573 1749 1631 1886 1415 1916 1768 1827 1360 1787 1389 1371 1406 1939 1466
N 776
 1967 1870 1667 1348 1730 1290 1918 1732 1991 1777 1706 1391 1916 1811 1656 1353 1371 1915 1907
N 777
 1467 1635 1418 1405 1732 1737 1553 1730 1643 1482 1560 1565 1379 2002 1665 1707 1457 1550 1786
N 778
 1547 1482 1841 1656 1300 1397 1396 1685 1578 1933 1649 1434 1454 1605 1627 1658 1304 1441 1867
N 779
 1599 1690 1375 1517 1609 1789 1825 1369 1752 1709 2003 1969 1943 1756 1496 1673 1654 1572 1721
N 780
 1309 1845 1469 1460 2016 1654 1882 1909 1289 1380 1590 1533 1435 1873 1462 1969 1929 1772 1470
N 781
 1811 1995 1494 1917 1629 1330 1784 1896 1883 1803 1628 1352 1865 1937 1510 1906 1338 1696 1807
N 782
 1909 1320 1593 1531 1907 1756 1781 1994 1681 1784 1762 1472 1975 1332 1672 1954 1336 2028 1326
N 783
 1803 1435 1559 2021 1664 1637 1972 1488 1778 1985 1843 1975 1423 1378 1551 1772 1681 1364 1468
N 784
 1860 1831 1899 1298 1692 1478 1700 1920 1922 1902 1318 1573 1488 1288 1430 1729 1326 1800 1499
N 785
 1400 1728 1454 1830 1977 1949 1893 1719 1349 1589 1438 1630 2024 1574 1363 1602 1407 1494 1802
N 786
 1559 1527 1785 1801 1853 1305 1629 1600 1696 1610 1328 1691 1376 1555 1854 2024 1283 1483 1832
N 787
 1960 1734 1655 1773 1495 1561 1411 1622 1548 1647 1999 1468 1756 1963 1868 1836 1447 1556 1636
N 788
 2030 1392 1922 1860 1724 1681 1735 1582 1872 1976 1344 1757 1717 1853 1762 1406 1466 1799 1292
N 789
 1935 1742 1834 1904 1567 1510 1585 1504 1481 1963 1385 1940 1980 1737 1878 1527 1862 1508 1406
N 790
 1943 1452 1584 2033 1670 1299 1805 1351 1776 1486 1712 1995 1285 1950 1939 1463 1874 1767 1755
N 791
 1491 1574 1800 1786 1915 1283 1527 1935 1530 2019 1496 1437 1301 1429 1287 1388 1345 1892 1384
N 792
 1726 1990 1627 1941 2007 1488 1766 1511 1622 1708 1616 1576 1682 1836 1338 1782 1931 1957 1503
N 793
 1440 1723 1600 1924 1468 1904 1491 2016 1302 1919 1390 1726 1782 1377 1561 1283 1538 1641 1513
N 794
 1679 1645 1576 1401 1529 1694 1808 1478 1365 2039 1361 1293 1283 1463 1372 1860 1905 1991 1358
N 795
 1492 1656 1284 1862 1710 1397 1491 1495 1300 1343 1465 1822 1818 1982 1902 1979 1803 1559 1446
N 796
 1993 1530 1280 1840 1805 2012 1565 1870 1779 1389 1814 1302 1571 1379 1542 1761 1602 1330 1922
N 797
 1561 1835 1488 1553 1460 1462 2029 1887 1885 1405 1675 1652 1796 2004 1413 1665 1503 1564 1594
N 798
 1890 1289 1490 1528 1421 1988 1918 1838 1465 1533 2018 1984 2005 1539 1859 1599 1746 1616 1678
N 799
 1719 1285 2031 1502 1965 1972 1827 1384 1428 1831 1644 1365 1574 1645 2017 1910 1589 1753 1983
N 800
 1418 1849 1433 1827 1422 2039 1659 1487 2019 1370 1446 1753 1777 2007 1818 1290 1544 1539 1311
N 801
 1821 1868 1593 1468 1741 1344 1987 1877 1558 1562 1283 1688 1634 1396 1698 1559 1706 1754 1527
N 802
 1503 1867 1896 1393 1909 1585 1621 1351 1741 1769 1475 2005 1599 1944 1485 1384 1337 1847 1658
N 803
 1329 1873 1798 1355 1871 1808 1687 1610 1574 2030 1914 1372 1353 1928 1451 1838 1524 1549 1795
N 804
 1861 1760 1918 1567 1819 1554 1454 1511 1460 1810 1301 1763 1910 1938 1940 1747 1699 1426 1528
N 805
 1625 1766 1844 1526 1661 1326 1793 1899 1682 1742 2001 1397 1478 1706 1743 1647 1858 1637 1435
N 806
 1527 1664 1909 1779 1511 1852 1684 1502 1925 2027 1987 1501 1347 1288 1389 1617 1846 1297 1955
N 807
 1778 1546 1588 1822 1920 1408 1297 2016 1957 1541 1591 1445 2030 1898 1442 1559 1675 1790 1909
N 808
 1658 1944 1959 1839 1757 2004 1638 1414 1607 1879 2020 1623 1292 1877 1744 1713 1660 1764 1412
N 809
 1293 2018 1692 1619 1803 1841 1349 1698 1777 1886 1368 1988 1877 1843 1774 1570 1464 1627 1375
N 810
 1373 1714 2002 1457 1356 1447 1516 1531 1377 1350 1747 1325 1993 1340 1383 1395 1580 1371 1866
N 811
 1317 1908 1363 1851 1633 1387 1566 1384 1818 1929 1747 1897 1371 1849 1724 1375 1322 1676 1503
N 812
 1412 1698 1870 1366 1889 1681 1478 1431 1885 1437 2033 1993 1466 1488 1915 1602 1707 1961 2022
N 813
 1610 1503 1790 1975 1476 2018 1722 1456 1793 1800 2008 1831 1952 1535 1611 1725 1843 1333 2032
N 814
 1545 1524 1908 1945 2013 1960 1780 1304 1905 1453 1893 2015 1303 1441 1742 1984 1505 1733 1726
N 815
 1307 1450 2006 1585 1923 1329 1851 1726 1395 1632 1534 1704 1383 1656 1968 1397 1422 1298 1817
N 816
 1508 1399 1501 1646 1632 2039 1733 1926 1652 1705 1806 1728 1522 1839 1775 1329 1498 1834 1713
N 817
 1606 1474 1986 1299 1743 1796 1362 1462 2023 1671 1505 1899 1437 1626 1766 1354 1815 1760 1957
N 818
 1873 1781 1913 1809 1718 1423 1650 1671 1557 1518 1489 1740 1353 1915 1396 1843 2011 1985 2002
N 819
 1406 1652 2001 1762 1696 1382 1855 1770 1338 1795 1340 1702 1599 1730 1698 1532 1940 1612 1300
N 820
 1772 2006 1720 1859 1763 1898 1532 1813 1520 1750 1506 1504 1579 1337 2009 1530 1808 1529 1558
N 821
 1344 1451 1388 1931 1845 1315 1852 1803 2033 1606 1663 1427 1355 1946 1294 1418 1867 1467 1322
N 822
 1945 1668 1381 1362 1876 1874 1560 1406 1711 1456 1556 1923 1859 1458 1606 1808 1289 1709 1759
N 823
 1642 1287 1284 1529 1764 1696 1379 2009 1342 1987 2018 1525 1352 1622 1353 1595 1398 1683 1358
N 824
 1949 1766 1998 1921 1869 1903 2035 1425 1713 1328 1810 1545 1502 1531 1554 1511 1306 1942 1528
N 825
 1620 1502 1649 1447 1651 1617 1414 1451 1865 1911 1777 1628 1391 1993 1304 1853 1918 2026 1526
N 826
 1640 1708 1678 1885 1963 1388 1598 1537 1903 1770 1533 1359 1759 1384 1396 1837 1712 1546 1465
N 827
 1689 1377 1284 1358 1462 1660 1557 1966 1436 1440 1374 1819 1375 1950 1529 1793 1877 1742 1871
N 828
 1300 2003 1633 1649 1878 1590 1850 1690 1492 1467 1294 1803 1720 1488 1671 1344 1312 1325 1835
N 829
 1497 1567 1684 1994 1400 1436 1538 1946 1495 2008 1307 1513 1914 1782 1512 1809 2038 1675 1960
N 830
 1329 1975 1441 1500 1489 1477 1727 1401 1767 1866 1478 1652 1543 1710 1979 1585 1934 1436 1351
N 831
 1530 1621 1395 1790 1453 1989 1828 1319 1946 1343 1720 1948 1912 1838 1393 1368 1571 1973 1594
N 832
 1768 1510 1366 1598 1894 1681 1736 1723 1338 1303 1589 1823 1835 1414 1990 1806 1321 1649 1866
N 833
 1659 1779 1748 1719 1535 1646 1388 1984 1962 1974 1618 1295 1859 1873 1994 1354 1903 1645 1383
N 834
 2035 1461 1707 1897 1289 1678 1545 1581 1301 1821 1504 1671 1381 1736 1361 1440 1674 1524 1299
N 835
 1694 2008 1781 1302 1580 1650 1422 1710 1491 1832 1909 1431 1980 1605 1648 1836 1646 1933 2015
N 836
 1725 1817 1617 1584 1838 1635 1409 1481 1853 1608 1365 1544 1857 1512 1294 1371 1518 1744 1650
N 837
 1981 1821 1700 1953 1309 1670 1937 1846 1844 1859 1889 1649 1902 1314 1908 1811 1489 1524 1283
N 838
 1614 2013 1848 1391 1601 1764 1928 1832 1889 1787 1562 1663 1484 1760 1434 1346 1609 1379 1295
N 839
 1806 1534 1542 1303 1441 1720 1862 1856 1372 1920 1958 1634 1339 1855 1615 1566 1819 2016 1997
N 840
 1762 1354 1557 1627 2031 2007 1359 1656 1593 1738 2022 1341 1553 1986 1356 1821 1360 1603 1618
N 841
 1646 1694 1827 1484 1536 2017 1714 1708 1852 1367 1991 1996 1507 1548 1592 1854 1350 1553 1850
N 842
 1884 1282 1916 1795 1594 1576 1822 1496 1801 1333 1855 1494 1324 1341 1745 1398 1423 1924 1996
N 843
 1939 1337 1573 1603 1689 1854 1366 1512 1693 1793 2036 1592 1418 1656 1752 2004 1590 1388 1653
N 844
 1332 1433 1396 1526 1964 1825 1807 2032 1590 1959 1889 1726 1642 1837 1857 1463 1402 1923 1566
N 845
 1691 1472 1316 1991 1888 1486 1517 1350 2026 1910 1673 1618 1703 2007 1879 1336 1712 1892 1487
N 846
 1677 1381 1510 1356 1908 1929 1671 1926 1499 1781 2026 1431 1899 2039 1675 1407 1379 1301 1350
N 847
 1618 1434 1347 1863 1876 1685 1992 1566 1843 1997 1597 1862 1701 1322 1292 1896 1687 1315 1857
N 848
 1612 1351 1956 1396 1521 1445 1639 2029 2011 1487 1332 1458 1982 1818 1348 1948 1417 1853 1407
N 849
 1928 1702 1797 1912 1922 1727 1655 1975 1372 1948 1774 1377 1527 1512 1826 1932 1644 1855 1618
N 850
 1453 1800 1465 1969 1318 1592 1692 1789 1293 1290 2020 1477 1932 1518 1704 1350 1696 1374 1292
N 851
 1510 1359 1503 1645 1390 1540 1556 1790 1917 1908 1599 1324 1798 1354 1675 1911 1979 1961 1582
N 852
 1887 1488 1979 1658 2011 1345 1977 1768 1821 1436 1787 1393 1923 1950 1427 1866 1474 1484 1411
N 853
 1334 1697 1323 1599 1642 1823 1938 1866 1487 1848 1453 1833 1516 1569 1916 1978 2018 1450 1920
N 854
 2013 1854 1624 1805 1422 1661 2024 1989 1889 1533 1595 1877 1655 1489 1760 1468 1679 1692 1586
N 855
 1970 1638 1749 1747 1570 1772 1488 1839 1664 1287 1509 1776 1873 1981 1869 1865 1580 1314 1925
N 856
 1532 1327 1572 1815 1415 1996 1884 1680 1608 1587 1936 1301 1594 1628 1518 1694 1289 1488 1430
N 857
 2027 1731 1804 1565 1808 1614 1611 1714 1752 1983 1419 1397 1609 1587 1778 1392 1357 1619 1708
N 858
 1526 1508 1992 1512 1421 1611 1567 1829 1840 1466 1701 1985 2028 1906 1905 1504 1591 1774 2002
N 859
 1551 1483 1801 1756 1960 1442 1711 1970 1506 1872 1495 1823 1651 1891 1987 1349 1768 1646 1763
N 860
 1801 1790 1543 1472 1776 1433 1949 1340 1520 1850 1998 1584 1424 1985 1962 1545 1314 2008 1444
N 861
 1575 1676 1476 1482 1538 1886 1842 1784 2020 1553 1491 1665 1720 1721 2008 1873 1791 1661 1756
N 862
 1791 1661 1330 1883 1729 1707 1586 1900 1420 1763 1682 1945 1849 1750 1775 1591 1895 1333 1374
N 863
 1418 1750 1966 1938 2006 1823 1295 1432 1608 1501 1683 1907 1555 1462 1343 1455 1563 1706 1604
N 864
 1579 1941 1758 1285 1712 1438 1371 1501 1769 1552 1927 1959 1457 1576 1416 1292 1529 1449 1524
N 865
 1529 1423 1695 1472 1591 1993 1657 1863 1607 1792 1907 1421 1983 1673 1323 1442 1963 1306 1426
N 866
 1385 1974 1797 1711 1917 1373 1408 1815 1483 1399 1960 1773 1979 1439 1822 1775 1297 2026 1689
N 867
 1363 1510 1830 1951 1800 1350 1923 1668 1950 1847 1625 1720 1381 1376 1672 1473 1898 1766 1768
N 868
 1813 1992 1416 1543 1648 1619 1853 1616 1673 1418 1906 1881 1656 1740 1814 1692 1967 1560 1971
N 869
 1697 1600 1740 1357 1383 1468 1835 1778 1628 1964 1358 1661 1729 1482 1607 1910 1404 1675 1581
N 870
 1928 1665 1437 1763 1469 1537 1669 1757 1592 1309 1427 1322 1449 1869 1894 1971 1922 1452 1939
N 871
 1584 1610 1763 1848 1354 1501 1761 1555 1562 1671 1802 1666 1930 1309 1986 1877 1991 1342 1701
N 872
 1677 1713 1356 1645 1462 1956 1826 1625 1698 1902 1810 1983 1808 1761 1594 1798 1293 2017 1301
N 873
 1461 1439 1838 1577 1887 1996 1982 1546 1960 1889 1550 2003 2008 1864 1997 1976 1903 1608 1502
N 874
 1753 1903 1920 1919 1799 1837 1703 1809 1461 1530 1897 1690 1806 1510 1908 1796 1679 1772 1288
N 875
 2015 1659 1797 1946 1815 1564 1459 1585 1827 1699 1516 1990 1367 1568 1339 1385 1530 1981 1905
N 876
 1468 1820 1617 1519 1616 1445 1607 1601 1520 1382 1379 1630 1557 1533 1455 1821 1431 1749 1499
N 877
 1732 1897 1931 1626 1404 1945 1467 1773 1956 1807 1612 1902 1328 1834 1790 1283 1847 1977 1858
N 878
 1654 1383 1651 1507 1941 1760 1292 1912 1812 1913 1378 1925 1647 1795 1365 1370 1859 1671 1342
N 879
 1745 1611 1398 1445 1628 1756 1518 1861 1564 1544 1967 1573 2033 1660 1981 1782 1310 1866 1672
N 880
 1661 1795 2012 1958 1459 1653 1624 1408 1610 1637 1341 1579 1296 1648 1387 1332 1830 1856 1536
N 881
 1694 1586 1280 1544 1750 1855 1861 1375 1621 1738 2016 1475 1760 1624 1797 1309 1407 1703 1929
N 882
 1989 1995 1528 1375 1776 1913 1896 1667 1937 1548 1496 1490 1413 1665 1481 1698 1794 1559 1299
N 883
 1545 1751 1808 1305 1826 1362 1845 1729 1376 1909 1988 1367 1818 2034 1856 1672 1627 1604 1623
N 884
 1998 1853 1457 1489 1752 1576 1785 1757 1871 1646 1639 1427 2037 1294 1567 1406 2004 1817 1632
N 885
 1568 1833 1808 2030 1779 1627 1688 1675 1853 1912 1451 1669 1896 1821 1925 1505 1334 1840 1841
N 886
 1347 1326 1729 1292 1409 1830 1667 1545 1514 1495 1577 1474 1865 1372 1697 1925 1905 1975 2011
N 887
 1321 1728 1420 1439 1464 1941 1455 1709 2015 1820 1961 1577 1525 1575 1990 1569 1559 1353 1788
N 888
 1527 1816 1464 2032 1968 1870 1970 1839 1559 1738 1959 1393 1664 1850 1330 1422 1478 1681 1382
N 889
 1360 1785 1597 1456 1433 1594 1405 1299 1645 1388 1683 1570 1852 1553 1483 1909 1493 1545 1374
N 890
 1472 1571 1588 1784 1831 1382 1980 1780 1807 1598 1901 1725 1707 1815 1550 1493 1688 1921 1983
N 891
 1304 1459 1664 1555 1680 1628 1837 1911 1445 1771 1494 1926 1676 1672 1582 1516 1611 1980 1451
N 892
 1522 1704 1977 1877 1338 1605 1387 1862 1346 1963 1557 1543 1345 1849 1694 1959 1416 1565 1645
N 893
 1603 1814 2000 1735 1991 2027 1415 1535 1968 1761 1757 1833 1347 1629 1508 1561 1646 1683 1785
N 894
 1295 1990 1947 1291 1769 1450 1729 1991 1850 1890 1319 2011 1873 1640 1464 1531 1710 1993 1634
N 895
 1312 1314 1538 1590 1745 1960 1945 1932 1934 1425 2006 1995 1855 1568 1961 1397 1453 1719 2008
N 896
 1805 1299 1419 1732 1427 1730 1696 1505 1558 1822 1490 1974 1474 1295 1390 1877 1714 1516 1865
N 897
 1615 1524 1612 1583 1557 2018 1775 1559 1527 1852 1980 1588 1280 1925 1978 1917 2038 1589 1298
N 898
 1892 1765 1599 1430 1865 1831 1351 1766 1441 1851 1326 1642 1952 1880 1944 1988 1687 1906 1999
N 899
 1883 1680 1825 1481 1406 1935 1875 1822 1646 1860 1824 1918 1963 1803 1712 1606 1708 1940 1535
N 900
 1668 1689 1700 1842 1333 1466 2016 1826 1585 1558 1863 1860 1355 1337 1710 1564 1965 1350 1762
N 901
 1357 1728 1694 1738 1420 1360 1514 2008 1526 2036 1668 1502 1967 1412 1394 1870 1996 1302 1546
N 902
 1838 1665 1356 1701 2010 1651 1730 1906 2014 1348 1986 1824 1563 1429 1573 1395 1322 1287 1850
N 903
 1763 1426 1769 1928 1588 1382 1355 1424 1896 2035 1536 1743 1416 1291 1594 1953 1651 1723 1410
N 904
 1659 1863 2019 1774 1441 1875 1777 1882 1816 1656 1401 1846 1857 1979 1806 1924 1589 1556 1922
N 905
 1726 1549 1350 1619 1661 2007 1890 1701 1552 1715 1358 1772 1643 1986 1860 1892 1828 1616 1584
N 906
 1847 1507 1607 1371 1963 1708 1291 1336 1977 1819 1871 1341 1571 1528 1931 1561 1704 1717 1660
N 907
 1866 1741 1488 1447 1942 2021 1311 1948 2017 1797 1857 1288 1965 1313 1702 1844 1938 1625 1908
N 908
 1811 1620 1664 1525 1815 2025 1317 1428 1344 2029 2014 1925 1748 1679 1670 1746 1946 1688 1844
N 909
 1993 1351 1824 1398 1353 1802 1973 1352 1600 1528 1297 1825 1410 1545 1452 2026 1356 1639 1794
N 910
 1441 1444 1402 1331 1967 1927 1843 1774 1456 1973 1448 1846 1332 1665 2005 1952 1887 1950 1502
N 911
 1590 1992 1402 1543 1586 1498 1677 1906 1305 1945 1764 1361 1529 1823 1512 1893 1433 1583 1411
N 912
 1832 1829 1726 1470 1844 1933 1625 1487 1365 1993 1320 1475 1557 1586 1359 1544 1717 1914 1974
N 913
 1947 1857 1618 1935 1415 1970 1401 1301 1470 1579 2028 1896 1920 1775 1682 1348 1458 1899 1941
N 914
 1646 1584 1753 1418 1339 1709 1811 1342 1766 1328 1329 1992 1872 1470 1775 1934 1789 1713 2024
N 915
 1481 1475 1290 1471 1430 1596 1625 1695 2009 1533 1938 1917 1446 1703 1683 1296 1935 1580 1818
N 916
 1753 1729 1681 1943 1965 1548 1732 1601 2024 1307 1795 1750 1434 1792 1541 1492 1930 1571 1999
N 917
 1282 1500 1701 1363 2039 1456 1661 1633 1362 1508 1663 1510 1459 1958 1792 1912 1891 1646 1832
N 918
 1470 2024 1688 1539 1580 2036 1376 1945 1552 1601 1806 1970 1792 1727 1856 1555 1734 1695 1954
N 919
 1956 1881 1356 1728 1821 1850 1966 1991 1878 1897 1911 1762 1693 1464 1305 1652 2034 1729 1670
N 920
 1983 1304 1340 1928 1563 1992 1701 1432 1796 1541 1832 1537 1311 1836 1470 1783 1937 1597 1556
N 921
 1906 1333 1505 1663 1571 1423 1940 1303 1335 1445 1795 2029 1751 1530 1490 1521 1536 1451 1312
N 922
 1512 1978 1491 1495 1316 1627 1317 2016 1485 1927 1289 1400 1920 1414 1855 1990 2027 1296 1875
N 923
 1794 1824 1920 1383 1753 1461 1621 1905 1568 1580 1976 1774 1637 1992 1372 1952 2016 1784 1541
N 924
 1844 1356 1490 1428 1309 1837 1471 1766 1687 1615 1846 1560 1591 1738 1433 1676 1585 1725 1318
N 925
 1973 1430 1827 1825 1549 1520 1797 1837 1596 1600 1767 1490 1395 1414 1626 1888 1879 1824 1312
N 926
 1333 1309 1340 1283 1294 1806 1507 1973 1664 1867 1375 1336 1369 1408 2035 1959 2024 1379 1503
N 927
 1732 1386 1370 1495 1843 1988 1716 1770 1536 1687 1862 1974 1593 1560 1523 1565 1850 1469 1468
N 928
 1844 2012 1292 1825 1590 1412 1558 1427 1756 1712 1514 1544 1370 1607 1588 1617 1423 1681 1310
N 929
 1525 1367 1731 1384 1715 1436 1823 1611 1752 1606 1424 1413 1589 1369 1352 1878 1449 1308 1335
N 930
 1457 2028 1768 1409 1851 1654 1313 1876 2021 1584 1705 1776 1862 1297 1728 1486 1415 1426 1619
N 931
 1344 1446 2024 1550 1490 1755 1533 1680 2007 1467 1522 1850 1934 1508 1951 1781 1427 1513 1583
N 932
 1366 1403 1827 1615 1573 1815 1606 1322 1502 1396 1503 1564 1922 1697 1578 1600 1943 1581 1285
N 933
 1576 1894 1593 1457 1812 1298 1956 1292 1370 1570 1587 1699 1803 1513 1544 1371 1471 2031 1342
N 934
 1931 1394 1795 1528 1358 1848 1774 1490 1717 1722 1577 1789 1516 1771 1770 1878 1372 1759 1417
N 935
 1692 1926 1626 1426 1911 1479 1564 1925 1588 2000 1784 1526 1307 1710 1377 1335 1311 1405 1716
N 936
 1297 1742 1942 1627 1624 1803 1872 1529 1730 1886 1973 1740 1633 1794 1439 1658 1714 1412 1408
N 937
 1282 1706 1423 1938 1607 1770 1297 1988 1290 1526 1438 1975 1635 1659 1685 1379 1791 1787 1500
N 938
 1451 1658 1647 1413 1771 1829 1706 1889 1979 1821 1926 1642 1841 1486 1919 1482 1455 1322 1694
N 939
 1591 1489 1870 1876 1629 1957 2020 1402 1910 1619 1323 1931 1315 1496 1841 1488 1708 1288 1487
N 940
 1635 1753 2005 1734 1789 2020 1364 1461 1378 2028 1913 1676 1397 1958 1906 1779 1365 1682 1453
N 941
 1596 1764 1985 1817 1549 1406 1469 1590 1632 1597 1570 1290 1374 1490 1731 1783 1541 1310 1703
N 942
 2007 1438 1904 1380 1436 1464 1876 2000 1632 1357 1898 1753 1701 1760 1441 1326 1709 1894 1430
N 943
 1874 1457 1848 1681 1546 1614 1389 1740 1806 1825 1970 1674 1672 1578 1804 1664 1862 1988 1883
N 944
 1306 1751 1455 2034 1914 1444 1867 1946 1803 1510 1450 1383 1341 1701 2018 1754 1548 1736 1301
N 945
 1879 1579 2039 1595 1996 1463 2009 1382 1872 1610 1928 1869 1756 1794 1308 2023 1733 1616 1920
N 946
 1757 1654 1700 1983 1554 1723 1912 1868 1474 1827 1708 1630 2021 1613 1858 1715 1667 1291 1409
N 947
 1386 1881 1671 1464 1863 1933 2027 1977 2036 1364 1966 2006 1894 1507 2037 1765 1415 1744 1720
N 948
 1335 1828 1620 1525 1594 1651 1842 1636 1966 1693 1522 1948 1753 1820 1402 1424 1685 1652 1832
N 949
 1385 1950 1954 1296 1439 1408 1474 1718 1922 1575 1299 1497 1616 1723 1283 1331 1751 1970 1316
N 950
 1733 1449 1969 1800 1617 1520 1410 1455 1772 1431 1568 1460 1791 1508 2000 1853 1528 1907 1370
N 951
 1661 1767 1301 1843 1386 2020 1626 1568 1744 1820 1730 1690 1546 1818 1980 1503 1591 1952 1729
N 952
 1343 1935 1987 1647 1364 1369 1969 1794 1534 1811 1628 1541 1573 1340 1543 1658 1998 1501 1934
N 953
 1397 1547 1705 1429 1352 1591 1915 1536 1999 1471 1432 1721 1993 1798 1937 1443 1389 1781 1864
N 954
 1399 1955 1748 1370 1415 1680 1371 1706 1324 1289 1704 1741 1446 1334 1988 1716 1829 1445 1986
N 955
 1801 1284 1604 1882 1804 1501 1448 1731 1649 1744 1982 2005 1289 1390 1596 1954 1700 1467 1561
N 956
 1389 1785 1566 1788 1538 1826 1816 1940 1698 1467 1767 1429 1907 1624 1349 1366 1448 1964 1971
N 957
 1781 1374 1707 1385 1694 1684 1969 1607 1529 1365 1767 1289 1935 1407 1799 1544 1646 1571 1341
N 958
 1999 1919 1708 1865 1491 1759 1903 1378 1751 1725 1385 1392 1672 1359 1316 1556 1498 1585 1495
N 959
 1915 1711 1854 1344 1842 1962 1364 1474 1912 2038 1829 1642 1755 1734 1910 1866 1604 1822 1925
N 960
 1479 1522 1711 1837 1908 1876 1512 1784 1585 1368 1635 1889 1801 1738 1804 1624 1619 1976 1517
N 961
 1469 1287 1293 1603 1801 1934 1796 1627 1728 1817 1838 1282 1933 1539 1446 1578 1822 1773 1901
N 962
 1911 1286 1962 1632 1968 1675 1395 1879 1756 1337 1783 1476 1942 1656 1369 1362 1630 1577 1336
N 963
 1869 1566 1610 1989 1691 1585 1618 1729 1384 1674 1695 1720 1863 1458 1838 1291 1762 1750 1901
N 964
 1282 1699 1746 2023 1310 1787 1954 1613 1283 1333 1928 1763 1405 1705 1749 1783 1549 1815 1867
N 965
 1854 1306 2035 1832 1866 1494 1928 1648 1379 1813 1483 1988 1643 1667 1346 1802 1797 1400 1981
N 966
 1821 1554 1556 1706 1573 2019 1299 1812 1948 1875 2032 1503 1921 1929 1410 1715 1400 1761 1682
N 967
 1967 1373 1306 1864 1533 1963 2031 1705 1473 1298 1876 1588 1676 1816 1636 1605 1479 1502 1444
N 968
 1548 1387 1607 1581 1539 1962 1719 1649 1763 1462 1307 1991 1569 1535 1519 1537 1503 1889 1681
N 969
 1897 1380 1626 1429 1335 1291 1807 1300 1721 1798 1524 1968 1890 1649 1468 1711 1320 1900 1378
N 970
 1768 1498 1786 1998 1568 1636 1569 1621 1949 1893 1871 1834 2024 1748 1792 1714 1584 1343 1911
N 971
 1848 1420 1948 1604 1510 1319 1490 1556 1528 1566 1660 1539 1897 1847 1903 1561 1844 1455 1336
N 972
 1918 1507 1525 1832 1498 1726 1694 1541 1309 1437 1484 1792 1958 1876 1706 1898 1578 1390 1827
N 973
 1671 1817 1557 1490 1845 1797 1968 1412 1982 1535 1887 1583 1827 1756 1916 2025 1407 1346 1684
N 974
 1540 1981 1281 1320 1512 1534 1782 1708 1901 1308 1508 1358 1718 1318 1951 1492 1567 1382 1297
N 975
 1691 1734 1907 2014 1713 1809 1511 1696 1611 1754 1935 1804 1955 1616 1449 1759 2037 1781 2027
N 976
 1546 1407 1562 1677 1879 1991 1738 1788 1882 1687 1911 1291 1646 1652 1826 1368 2003 1875 1805
N 977
 1312 1874 1607 1296 1307 1981 1924 1421 1950 1724 1682 1341 1681 1551 1561 1857 1298 1684 1459
N 978
 1358 1379 1574 1518 1480 2010 1465 1508 1727 1342 1483 1740 1320 1609 1896 1638 1644 1504 1880
N 979
 1327 1328 1853 1314 1323 1977 1935 1509 1667 1586 1886 1954 1345 1872 1976 1432 1981 1615 1825
N 980
 1403 1390 1797 2029 1377 1477 2022 1621 1982 1548 1718 1430 1468 1359 2019 1506 1711 1648 1407
N 981
 1767 1292 1448 1912 1426 1371 1623 1289 2034 1812 1440 2020 1296 1687 1842 1625 1651 1871 1992
N 982
 1771 1862 1918 1743 1661 1637 1378 1730 1503 2000 1476 1834 1763 1613 1752 1696 1419 2020 1762
N 983
 2006 2015 1746 1280 1317 1604 1905 1395 1567 1856 1829 2039 1407 1416 1481 1499 1455 1764 1720
N 984
 1660 2018 1587 1791 1964 1312 1974 1994 1893 1980 1757 1346 1856 1797 1306 1741 2025 1745 1924
N 985
 1456 1815 2036 1778 1345 1816 2034 1666 1321 1981 1350 1736 1469 1527 1553 1310 1450 1423 1940
N 986
 1426 1976 1574 1491 1660 1493 1629 1755 1979 1848 1623 2007 1684 1567 1713 1545 1764 1697 1582
N 987
 1502 1444 1971 1829 1623 1417 1564 1595 1621 1421 1897 1811 1931 1611 1324 1867 1552 1885 1576
N 988
 1420 1618 2013 1665 1774 1638 1417 1962 1528 1504 1282 1362 1565 1781 1862 2038 1392 1689 1310
N 989
 1487 1597 1859 1502 1848 1720 1632 1751 1458 1764 1371 1619 1832 1874 1566 1666 1580 1868 1831
N 990
 1796 1790 1397 1534 1828 1540 1749 1778 1399 1713 1623 1610 1751 1564 1918 2011 1760 1766 1679
N 991
 1923 1889 1637 2008 1814 1429 1829 1983 1551 1826 1581 1647 1357 1695 1671 1459 1860 1516 1958
N 992
 2006 1814 1779 1481 1459 1663 1549 1624 1625 1596 1688 1835 1301 1841 1775 1969 1705 1721 1312
N 993
 1472 1398 1342 1397 1962 1312 1437 1322 1949 1360 2039 1699 1648 1798 1486 1879 1431 1718 1661
N 994
 1558 1434 1633 1654 1511 1820 1683 1783 1567 1321 1548 1506 1648 1670 1297 1376 1411 1589 1651
N 995
 1475 1953 1905 1688 2000 1928 1497 1446 1531 1720 1984 1981 1299 1583 1512 1930 1934 1890 1282
N 996
 1390 1379 1468 1783 1437 1473 1366 1935 1731 1349 1982 1427 1909 1467 1663 1450 1729 1883 1314
N 997
 1596 1280 1978 1993 1447 1710 1894 1629 1474 1954 1493 1633 1455 1995 1690 1316 1339 1374 1317
N 998
 1680 1379 1516 1862 1945 1713 1387 1426 1941 1843 1430 1742 1361 1368 1881 1336 1670 1947 1579
N 999
 2020 1411 1369 1628 1636 1807 1950 1749 1578 1687 1595 1617 1594 1476 1779 1761 1951 1365 1754
N 1000
 1676 1450 2012 1959 2022 1784 1545 1330 1924 1628 1418 1506 1548 1563 1610 1355 1547 1722 1495
N 1001
 1952 1509 1811 1934 1831 1641 1710 1357 1890 1584 1837 1856 2013 1513 1621 1505 1328 1434 1521
N 1002
 1448 1751 1669 1590 1364 1964 1526 1872 1637 2008 1548 1640 1317 1378 1527 1774 1710 1525 1413
N 1003
 1446 1576 1988 1742 1631 1877 2026 1910 1410 1314 1937 1966 1659 1436 1322 1940 1989 1632 1492
N 1004
 1717 1982 1476 1804 1973 1478 1948 1882 1759 2026 1842 1282 1449 1373 1955 1760 1990 2008 1377
N 1005
 1291 1980 1280 1669 1474 1622 1531 1562 1985 1489 2036 1952 1584 1891 1306 1752 1884 1431 1748
N 1006
 1620 1863 1858 1834 1285 1916 1439 1300 1597 1320 1945 1598 2021 1486 1664 1542 1470 1687 1650
N 1007
 1989 1644 1842 1350 1798 1703 1498 1524 1440 1953 1794 1694 1431 1769 1376 1801 1311 1653 1914
N 1008
 1727 1635 1395 1557 2031 1511 1809 1699 1697 1927 1518 1472 2037 2027 1529 1965 1666 1405 1850
N 1009
 1666 1781 1863 1846 1791 1834 1750 1473 1693 2005 1927 1344 1443 1901 1708 1524 1614 1770 2034
N 1010
 1305 1812 1853 1280 2024 1297 1814 1998 1857 1950 1695 1546 1828 1773 1540 1581 1525 1727 1378
N 1011
 1282 1901 1990 1342 1981 1796 1701 1616 1546 1619 1355 1636 1883 1400 1460 1830 1408 1864 1452
N 1012
 1979 1693 1940 1849 1973 1328 1459 1399 1823 1850 1901 1835 1923 1824 1587 1741 1452 1842 1619
N 1013
 1432 1706 1447 1934 1898 1471 1788 1545 1688 1772 1315 1678 1378 1530 1575 1394 1958 1570 1332
N 1014
 1595 1894 1552 1296 1283 1731 1590 1704 1471 1366 2038 1952 1506 1833 1617 1573 1689 1809 1646
N 1015
 1702 1533 1677 1839 1986 1310 1308 1776 1619 1944 1901 1621 1758 1532 1622 1626 1644 1607 1378
N 1016
 1389 1850 1280 1751 1775 1803 1599 1612 1836 1670 1481 1871 1719 1662 1293 1969 2037 1831 1467
N 1017
 2009 1757 1983 1529 1601 1696 1679 2015 1628 1791 1485 2019 1284 1872 2006 1887 1807 1567 2016
N 1018
 1863 1836 1923 1539 1896 1628 1710 1606 1570 2039 1546 1542 1543 1602 1489 1842 1768 1359 1470
N 1019
 1404 1975 1468 1534 1832 1538 1882 1965 1528 1635 1280 1861 1856 1386 1377 1888 1636 2011 1599
N 1020
 1685 1991 1318 1608 1346 1357 1434 1534 1822 1837 1742 1824 1526 2021 1300 1307 1827 1716 1636
N 1021
 1894 1813 1765 2026 1897 1419 1755 1565 1903 1798 1579 1856 1437 1794 1440 1518 1969 1841 1966
N 1022
 1946 1791 2023 1443 2004 1909 1956 1483 1713 1426 1281 1814 2020 1822 1396 1626 1309 1742 1993
N 1023
 1489 1783 2010 1357 1511 1893 1913 1714 1406 1702 1554 1318 2005 1853 1749 1798 1718 1994 1642
N 1024
 1894 1316 2008 1610 1730 1889 1453 1920 1446 1324 1555 1469 1507 1583 1568 1445 1881 1872 1963
N 1025
 2035 2017 1930 1441 1338 1292 1507 1801 2000 1763 1849 1772 1324 1553 1625 1326 1749 1615 1516
N 1026
 1902 1347 1598 2031 1455 1832 2039 1817 1413 1948 1339 1326 1827 1444 1722 1300 1847 1436 1783
N 1027
 1380 1845 1890 1462 1471 1283 1692 1360 1779 1888 1309 1580 1921 1387 1783 1908 1833 1700 1443
N 1028
 1881 1653 1836 1404 1770 1946 1726 1773 1977 1721 1906 2023 1936 1300 1458 1669 1325 2009 1421
N 1029
 1464 1737 1308 2014 1565 1647 1613 1280 1659 2012 1980 1965 1422 1847 1557 1294 1349 1504 1381
N 1030
 1738 1499 1891 1397 1858 1487 1503 1828 2016 1867 1704 1312 1919 1951 1576 1547 1873 1681 1599
N 1031
 1891 1819 1816 1340 1392 1648 1343 1768 1654 1293 1481 1609 1782 1882 1535 1911 1860 2002 1601
N 1032
 1758 1929 1868 1793 1842 1542 1521 1971 1285 1515 1822 1757 1472 1438 1722 1325 1924 1883 1942
N 1033
 1422 1710 1324 1793 1911 1520 2017 1711 1352 1780 1522 1492 1283 1570 1378 1708 1727 1983 1496
N 1034
 1488 1610 1880 1730 1790 1575 1533 1320 1850 1463 1412 1680 1614 1564 1336 1785 1292 1810 1476
N 1035
 1630 1770 1755 1695 1744 1310 1925 1294 1286 1808 1469 1823 1858 1726 1525 1765 1579 1487 1506
N 1036
 1860 2035 1542 1473 1777 1453 1594 1601 1715 1529 1392 1680 1552 1457 1739 1344 1885 1370 1954
N 1037
 1366 1899 1532 1613 1803 1629 1425 1324 1658 1450 1648 1696 1805 1953 1950 1460 1769 1569 1852
N 1038
 1339 1561 1359 1848 1303 1644 1368 1655 1892 1663 1935 1361 1484 1719 1587 1292 1284 1509 2030
N 1039
 2013 1318 1650 1327 1644 1842 1443 1389 1818 1431 1348 1383 1921 1669 1337 1287 1556 1357 1587
N 1040
 1767 1435 1684 1589 1287 1989 1875 1605 1762 1343 1304 1443 1537 1423 1955 1434 1895 1411 1958
N 1041
 1397 1758 1741 1339 1903 1727 1906 1989 1671 1326 1961 1610 1542 1932 1706 1950 1558 2028 1592
N 1042
 1909 1497 2005 1884 1840 1448 1584 1561 1903 1373 1828 1435 1583 1369 1335 1433 1744 1897 1303
N 1043
 1297 1732 1629 2000 1821 1413 1758 2032 1866 1727 1859 1416 1846 1660 1452 1539 1281 1869 1521
N 1044
 1587 1726 1296 1639 1752 1544 1966 1769 1890 1439 1888 1719 1478 1704 1781 1833 1730 1728 2032
N 1045
 1514 1506 1463 1477 1597 1873 1712 1980 1482 1337 1355 1722 1577 1385 1418 1540 1344 1929 1391
N 1046
 1758 1745 1813 1353 1523 1465 1684 1636 1654 1743 1528 1473 1725 1513 1583 1602 1979 2012 1422
N 1047
 1744 1880 1955 1514 2017 1741 1872 1538 1285 1314 1509 2029 1394 1556 1627 1816 1710 1654 1498
N 1048
 1889 1739 1888 1593 1354 1879 1912 1623 1392 1872 1567 1337 1353 1327 1318 1378 1866 1909 1961
N 1049
 1512 1409 1537 1826 1621 1741 1998 1906 1927 1508 1942 1518 1448 2004 1552 1863 1608 1517 1418
N 1050
 1556 1955 1368 1450 1611 1295 1576 1373 1480 1324 1815 1388 1330 1692 1288 1849 1514 1781 1982
N 1051
 1653 1587 1548 1655 1945 1842 1336 1432 1640 1714 1962 1971 1780 1436 1664 1503 1525 1988 1289
N 1052
 1703 1745 1441 1371 1290 1639 1731 1510 1611 1600 1585 1493 1741 1546 1829 2008 1783 1700 1352
N 1053
 1573 1758 1333 2002 1403 2019 1324 1316 1339 1310 1400 1452 1880 1795 1437 2012 1584 1410 1794
N 1054
 1489 2010 1947 1851 1813 1790 1989 1936 1615 1821 1508 1402 1589 1653 1752 1981 1769 1962 1419
N 1055
 1387 1639 1354 1820 1674 1729 1409 1474 1332 1466 1281 1856 1817 1345 1777 1337 1708 1351 1289
N 1056
 1943 1855 1620 1341 1717 1578 1849 1899 1481 1907 1424 1475 2018 1770 1422 1783 1820 1512 1664
N 1057
 1306 1640 1496 1863 1892 1296 1905 1914 1696 1572 1967 1732 1771 1601 1747 1652 1650 1847 1990
N 1058
 1546 1559 1908 1522 1735 1800 1344 1573 1826 2035 1696 1457 1693 1609 1349 1821 1308 1481 1612
N 1059
 1382 1602 1433 1516 1731 1348 2037 1585 1989 1694 2029 1454 2026 1329 1687 1783 1366 1312 1843
N 1060
 1660 1703 1841 1876 2038 1461 1328 1563 1838 1500 1521 1532 2028 1498 1414 1960 1977 2036 1858
N 1061
 1481 1860 1595 1956 1799 1335 1927 1829 1792 1353 1504 1669 1835 1868 1966 1285 1373 1999 1662
N 1062
 1417 1546 1619 1948 1471 1898 1326 1616 1321 1323 1893 1622 1388 2006 1714 1433 1510 1919 1719
N 1063
 1627 1911 1648 1872 1462 1959 1596 2007 1390 1717 1644 1745 1437 1946 1439 1580 1736 1688 1310
N 1064
 1451 1493 1751 1347 1745 1484 1756 1555 1950 1846 1342 1445 1858 1870 1693 1382 1677 1417 1615
N 1065
 1470 1601 1905 1406 1451 1685 1852 1285 1781 1286 1413 1370 1749 2021 1620 1913 1374 2034 1328
N 1066
 1786 1640 1957 1952 1649 1555 1652 1806 1996 1381 1517 1667 1481 1304 1749 1283 1837 2015 1575
N 1067
 1433 1296 1866 1666 1804 1328 1743 1768 1424 1535 1797 1998 1907 1805 1841 1564 2035 1371 1973
N 1068
 1398 1785 1513 1880 1432 1591 1406 1534 1690 1625 1704 1936 1996 1856 1866 1705 1738 1764 1774
N 1069
 1611 1674 1691 1347 1280 1833 1589 1629 1989 2027 1440 1318 1604 2016 1956 2008 1295 1929 1298
N 1070
 1659 1334 1750 1486 1458 1751 1320 1370 1295 1648 1396 1730 2006 1588 1380 1507 1419 1305 1700
N 1071
 1990 1839 1299 1996 2022 1975 1512 1379 1423 1736 1845 1979 1836 1747 1978 1814 1472 1924 1300
N 1072
 1316 1290 1428 1870 1640 1388 1324 1645 2003 1425 1634 1353 1637 1867 1681 1903 1777 1590 1530
N 1073
 1372 1785 1970 1455 1402 1389 1382 1678 2014 1630 1370 1933 1327 1395 1453 1811 1762 1944 1346
N 1074
 1728 1391 1821 1745 1321 1702 1457 1560 1739 1861 1701 1796 1295 1646 1715 1313 1839 1323 1630
N 1075
 1564 1588 1585 1816 1435 1421 1551 1982 1426 1978 1997 1761 1745 1847 1750 1887 1626 2038 1511
N 1076
 1398 1404 1296 1759 1951 1335 1954 1396 2011 1818 1949 1917 1508 1624 1319 1653 1610 1910 1614
N 1077
 1616 1934 1853 1587 1542 1694 1737 1858 1866 1621 1841 1401 1760 1411 1671 1801 2010 1613 1446
N 1078
 1312 1362 1489 1954 1733 1761 1338 1804 1423 1688 1310 1548 1556 1553 1821 1785 1933 1356 1317
N 1079
 1330 1623 1878 1667 1540 1743 1683 1960 1478 1444 1332 1619 1584 1634 1639 1673 1601 1347 1554
N 1080
 1856 1452 1568 1855 1299 1542 1701 1853 1872 1509 1347 1480 1409 1946 1400 1383 1819 1666 1291
N 1081
 1963 2029 1425 1302 1290 1463 1881 1897 1846 1543 1768 1629 1410 1644 1617 1381 1735 1899 1643
N 1082
 1727 1324 1285 1573 1479 1471 1418 1982 1332 1488 1986 2005 1304 1477 1658 1739 1450 1709 1933
N 1083
 1873 1304 1475 1493 1904 1966 1498 1647 1288 2003 1632 1678 2002 1710 1618 1822 2023 1910 1623
N 1084
 1812 1932 1936 1329 1763 1659 1946 1389 1909 1836 1436 1549 1999 1610 1297 1454 1994 1336 1943
N 1085
 1889 1540 1915 1657 1519 1290 1618 1286 1743 1977 1734 1428 1403 1680 1394 1984 1666 1903 2015
N 1086
 1662 1350 1442 1949 1787 1840 1526 1751 1972 1656 1429 1988 1370 1819 1408 1397 1289 1562 1484
N 1087
 1997 1397 1813 1655 1746 2009 2028 1548 1292 1635 1763 1907 1818 1924 1782 1559 1581 1903 1579
N 1088
 1716 1516 1733 1659 1811 1627 1826 1451 1878 1957 1980 1462 1343 1582 1746 1377 1896 1557 1978
N 1089
 1733 1961 1667 1989 1953 1381 1901 1624 1520 1640 1805 1365 1462 1529 1882 2016 1752 1525 1543
N 1090
 1287 1724 1455 1395 1432 1544 1437 1941 1477 1454 1888 1516 1688 1340 1383 1980 1997 1722 1938
N 1091
 1305 2009 1884 1345 1417 1331 1623 1290 1494 1352 2035 1785 1699 1676 1797 1362 1423 1639 1543
N 1092
 1550 1371 1807 1364 1574 1684 1431 1783 1326 1643 1560 1356 1787 1940 1474 1748 1519 1796 1280
N 1093
 1888 1320 1987 1522 1328 1287 1887 1686 1574 1626 1624 1519 1919 1340 1495 1963 1779 1498 1792
N 1094
 1309 1403 1445 1940 1721 1704 1706 1840 1477 1596 1951 1838 1999 1389 1685 1549 1690 1810 1981
N 1095
 1755 1864 1748 1303 1502 1518 1582 1734 1902 1904 1544 1808 1802 1738 1361 1347 1702 1766 1974
N 1096
 1518 1382 1839 1921 1418 1493 1445 1299 1509 1977 1281 1293 1333 1683 1484 1960 1672 1384 1324
N 1097
 1749 1603 1778 1882 1456 1347 1473 2031 1376 1621 1594 1453 1291 1939 1478 1654 1464 1638 1881
N 1098
 1440 1550 1906 1783 1961 1725 1407 2002 1659 1916 1382 1433 1290 1693 1787 1594 1640 1841 1746
N 1099
 1753 1770 1407 1892 1949 1800 1679 1705 1812 1749 1647 2021 1373 1741 1635 1874 1558 1735 1438
N 1100
 1708 1603 1898 1412 1375 1800 1438 2003 1533 1741 1863 1612 1308 1880 1434 1664 1292 1797 1703
N 1101
 2010 1575 1779 1734 1356 1348 1914 1856 1431 1668 1385 1402 1515 1395 1967 1997 1834 1453 1858
N 1102
 1897 1426 1637 1543 1682 1524 1573 1657 1847 1381 1693 2038 1539 1953 1659 1355 1800 1330 1782
N 1103
 1546 1319 1811 1795 1745 1425 1427 1301 1431 1335 1342 2023 1952 1765 2038 1697 1934 1429 1486
N 1104
 1733 1755 1876 1606 1638 1747 1342 1637 1383 1832 1281 1339 1358 1835 1782 1576 1513 1754 1822
N 1105
 1285 1956 1915 1929 1613 1293 1394 1721 1967 1851 1484 2006 1771 1746 1372 1531 1717 1932 1482
N 1106
 1657 1484 1389 1291 1401 1899 1915 1919 1437 1492 1634 1640 1483 1506 1498 1500 1966 1539 1710
N 1107
 1623 1885 1759 1543 1962 1340 1848 1869 1872 1554 1923 1838 1868 1745 1459 1568 1754 1280 1630
N 1108
 1693 1937 1476 1780 1787 1362 1598 1738 1961 1833 1722 1518 1950 1560 1366 1340 1429 1909 1620
N 1109
 1493 1575 1993 1882 1611 1289 1960 1553 1552 1659 1465 1976 2011 1685 1543 1702 1551 1908 1512
N 1110
 1752 1425 1905 1685 1949 1913 1998 1833 1440 1480 1865 1509 1482 1825 1290 1831 1642 1444 1502
N 1111
 1946 1872 1512 1505 1871 1349 1660 1485 1633 1994 1999 1581 1469 1787 1716 1319 1377 1791 1663
N 1112
 1674 1438 1428 1350 1286 1620 1859 1290 1947 1363 1294 1868 1926 1399 1742 1391 1423 1480 1408
N 1113
 2022 1398 1832 1571 1370 1489 1855 2025 1286 1362 1352 1502 1738 1685 1439 1612 1629 1988 1424
N 1114
 1648 1998 1410 1493 1286 1969 1976 1338 1340 1865 1459 1400 1532 1978 1947 1926 1605 2004 1825
N 1115
 1555 1856 1494 1331 1670 1706 1665 1872 1760 1375 1851 1436 1585 1878 1335 1600 1358 1346 1399
N 1116
 1291 1785 1854 1632 1747 1280 2037 1994 1898 1790 1860 1789 1767 1651 1424 1403 2033 1718 1863
N 1117
 1962 1989 1556 1860 1350 1764 1629 2013 1487 1612 1527 1608 1300 1918 1767 1914 1545 1443 1674
N 1118
 1853 1640 1473 1478 1420 1774 1443 1960 1737 1440 1458 1506 1495 1922 1649 1361 1612 1341 1561
N 1119
 1535 1396 1661 1624 1727 1653 1651 1973 1449 1736 1813 1476 1599 1433 1737 1828 1666 1455 1964
N 1120
 1809 1965 1863 1661 1395 1482 1414 1832 1303 1906 1598 1295 1456 1862 1366 1671 1990 1351 1362
N 1121
 1458 1712 1964 2016 1409 1410 1917 1999 1377 1613 1891 1688 1480 2014 1376 1430 1813 1476 1845
N 1122
 1846 1822 1442 1736 1986 1565 1583 1577 1424 1874 1786 1709 1294 1343 1760 1412 1769 1836 1948
N 1123
 1294 1541 1913 1296 1834 1579 1941 1550 1852 1413 1824 1564 1467 1963 1380 1632 1334 1646 1777
N 1124
 1681 1617 1368 1950 1880 1594 1968 1833 2026 1683 1370 1696 1714 1287 1780 1676 1647 1348 1578
N 1125
 1447 1478 1757 1948 1767 1434 1686 1651 1842 1903 1377 1751 1956 1513 1332 1316 2003 1976 1980
N 1126
 1794 1597 1722 2006 1730 1496 1315 1595 1422 1667 1446 1641 2023 1939 1731 1645 1622 1560 1679
N 1127
 1959 1585 1692 1465 1845 1933 1555 1459 1854 1494 1625 1342 1430 1814 1618 1476 1538 1971 2028
N 1128
 1913 1463 1833 1994 1814 1392 1990 1454 1329 1611 1686 1794 2015 1283 1875 1813 1615 1765 1489
N 1129
 1770 1818 1456 1889 1454 1711 2000 1994 1808 1776 1964 1723 1282 2025 1425 1928 2011 1755 1455
N 1130
 1718 2026 1592 1283 1807 1615 1306 1809 1373 1303 1849 1645 1412 1649 1901 1310 1822 1469 1343
N 1131
 1916 1655 1302 1458 1809 1999 1404 1949 1419 1731 1539 1601 2000 1560 1523 1434 1825 1357 1702
N 1132
 1868 1787 1769 1551 1891 1501 1317 2013 1416 1331 2024 1481 1420 1659 2009 1882 1541 1428 1296
N 1133
 1824 1604 1492 1390 1857 1629 1693 1593 1368 1905 1375 2035 1689 1835 1958 1438 1417 1407 1891
N 1134
 1570 1952 1986 2001 1329 1995 1552 1839 1551 1664 1825 1625 1280 1472 1519 1340 1477 1738 1356
N 1135
 1956 1743 1290 1674 1696 1824 1942 1877 1966 2008 1544 1302 1282 2018 1868 1850 1651 1668 1393
N 1136
 1699 1411 1334 1578 1488 1762 1596 1608 1970 2033 1747 1839 1881 1582 1513 2012 1323 1413 2002
N 1137
 1465 1426 1661 1613 1765 1490 1411 1418 1540 1977 1772 1788 1766 1950 1951 1470 1673 1415 1676
N 1138
 1894 1686 1499 1720 1507 1476 1802 1517 1298 1973 1386 1415 1999 1768 1655 1624 1942 1801 1758
N 1139
 1426 1504 1511 1514 1863 2025 1672 2028 1641 1653 1556 1594 1632 1345 1837 1858 1440 1406 1755
N 1140
 1902 1783 1871 1446 1572 1539 1526 1433 1698 1327 1627 1999 1495 1996 1891 1910 1819 1410 1979
N 1141
 1633 2032 1763 1482 1620 1604 1514 1446 1294 1302 1323 1848 1728 1985 1506 1628 1946 1831 1779
N 1142
 1825 1740 1654 1587 1590 1986 2031 1488 1389 1290 1604 1967 2028 1318 1540 1718 1698 1454 1360
N 1143
 1605 1948 1969 1870 1695 1792 1582 1935 1381 1604 1624 1503 1837 1417 1297 1921 1609 1540 2008
N 1144
 1425 1510 1404 1833 1750 1418 2037 1426 1532 2004 1762 1453 1790 1938 1786 1493 1961 1633 1888
N 1145
 1354 1350 2022 1523 1561 1305 1788 1759 1629 1971 2002 2020 1924 1402 1450 1520 1979 1592 1504
N 1146
 1809 1280 1303 1284 1997 1774 1857 1798 1299 1759 1844 1606 1704 1909 1539 1758 1845 1569 1713
N 1147
 1699 1314 1924 1826 1351 1506 1718 1982 1405 1855 1974 1402 1960 1368 1734 1488 1513 1911 1673
N 1148
 1633 1413 1835 1712 1862 1634 1280 1974 1545 1814 1891 1412 1403 1369 2006 1616 1714 1786 1836
N 1149
 1796 1662 1295 1956 1418 1624 1936 1329 1473 1289 1638 1709 1497 1530 1882 1654 1900 1566 2038
N 1150
 1395 1360 1725 1817 1629 1678 1761 1668 1450 1446 1675 1432 1449 1776 1763 1611 1665 1969 1783
N 1151
 1744 1782 1903 1897 1634 1448 1716 1867 1494 1759 2025 1472 1965 1480 1483 1375 1822 1280 1606
N 1152
 1994 1360 1679 1319 1383 1992 1516 1707 1528 1755 1461 1844 1573 1717 1442 1603 1759 1700 1836
N 1153
 1958 1420 1474 1808 2004 1855 1325 1590 1728 1830 1871 1846 1908 1529 1355 1540 1747 1680 1983
N 1154
 1537 1291 1898 1545 1916 1297 1992 1487 1843 1924 2009 1673 1283 1548 1910 1407 1511 1448 1895
N 1155
 1999 2002 1948 1406 1512 1660 1701 1323 1984 1802 1444 1456 1581 1647 1573 1623 1291 1687 1469
N 1156
 1562 1958 1361 1790 1332 1863 1836 1335 1731 1435 1615 1382 1672 1305 1911 1308 1995 1621 1989
N 1157
 2007 1314 1682 1808 1907 2033 1773 1330 2017 1347 1726 1591 1766 1475 1985 1883 2002 1366 1734
N 1158
 1755 1995 1693 1557 1506 1609 1520 1437 1622 1807 1877 1701 1839 1328 1733 1824 1320 1394 1928
N 1159
 1774 1407 1898 1452 1628 2012 1780 1568 1344 1799 1776 1842 1282 1738 1447 1422 1456 1871 2023
N 1160
 1715 1710 1381 1942 1788 1507 1541 1655 1344 1566 1966 1876 1401 1629 1772 1565 1756 1758 1628
N 1161
 2007 1735 1724 1950 1716 1467 1562 1922 1914 1743 1907 1550 1310 1373 1625 2028 1340 1966 1291
N 1162
 1524 1994 1490 1580 1932 1535 1982 1824 1808 1396 1317 1713 1646 1665 1426 1286 1338 1861 1601
N 1163
 1393 1973 1494 1334 1453 1311 1523 1589 1748 1803 1898 1349 1850 1808 1568 1665 1392 1865 1464
N 1164
 1883 1568 1692 1570 1571 1527 1936 1547 1373 1747 1424 1952 1580 2007 1728 1560 1680 1953 1657
N 1165
 1302 1326 1898 1310 1341 1941 1633 1725 1675 1481 2013 1429 1975 1475 1678 1739 1495 1370 1927
N 1166
 1848 1350 1416 1704 1343 1674 1974 1754 1388 1766 1662 1319 1537 1521 1957 1664 1773 1796 1284
N 1167
 1799 1289 1493 1382 1423 1688 1953 1314 2020 2013 1293 1733 1376 1740 1509 1945 1677 1888 1587
N 1168
 1353 1771 1446 1602 1452 1743 1640 2026 1809 1402 1820 1879 1475 1815 1843 2014 1614 1754 1554
N 1169
 1896 1779 1576 1849 1871 1499 1420 1502 1787 1593 1958 1393 1798 1311 1913 1647 1843 1542 1739
N 1170
 1572 1918 1608 1737 1907 1348 2030 1896 1413 1537 1313 1937 1906 1733 1643 1770 1356 1501 1365
N 1171
 1525 2032 1776 2027 1356 1740 1676 1883 1609 1947 1803 1768 2026 1509 1938 1545 1827 1575 1331
N 1172
 1497 1420 1784 2012 1394 1968 1710 1849 1840 1929 1733 1593 1922 1315 1578 1639 1741 1712 1475
N 1173
 1639 1847 2035 1286 2030 1984 1592 1630 1563 1860 1572 1320 1327 1770 1735 1957 1623 1820 1930
N 1174
 1663 1838 2010 1541 1501 1613 1716 1702 1431 1761 1945 1608 2004 1587 1836 1899 1579 1511 1442
N 1175
 1575 1815 1752 1859 2032 1466 1512 1955 1560 1576 1584 1745 1615 1408 1680 1854 1384 1626 1502
N 1176
 1893 1655 1280 1786 1925 1976 1825 1813 1644 1447 2000 1404 1832 1879 1856 1535 1579 2001 1794
N 1177
 1441 1671 1851 1409 1294 1378 1761 1999 1814 1767 2011 1907 2015 1842 1408 1815 1722 1443 2003
N 1178
 1749 1835 1478 1598 1943 2007 1505 1971 1930 1535 1350 1895 1442 1474 1719 1991 1995 1401 1327
N 1179
 1740 2015 1783 1340 1757 1938 1917 1330 1621 1380 1759 1386 1345 1640 1813 1683 1866 1323 1582
N 1180
 1425 1562 1435 1294 1467 1737 1424 1641 1549 1723 1621 1576 1790 1430 2008 1353 1898 1720 1779
N 1181
 1753 1364 1438 1523 1596 1579 1588 1550 1775 1784 1946 1683 1450 1812 1290 1481 1580 1789 1791
N 1182
 1926 1439 1895 1301 1409 1403 1367 1328 1844 1456 1442 1643 1670 1483 1345 1582 1822 1595 1965
N 1183
 1310 1793 1976 1323 1594 1725 1421 1652 1774 1366 1870 1348 1987 1566 1903 1409 1728 1658 1783
N 1184
 1390 1869 1890 1511 1691 1969 1388 1288 1970 1327 2010 1568 1548 2009 1800 1540 1934 1758 1544
N 1185
 1374 1737 1302 1469 1869 1285 1483 1320 1695 1420 1576 2026 1557 1732 1373 1317 1635 1735 1553
N 1186
 1587 1600 1438 2021 1731 1717 1577 1961 1518 1675 1320 1673 1441 1326 1801 1862 1854 1497 1646
N 1187
 1429 1773 1846 1315 1765 1628 1431 1557 1938 2036 1318 1366 1719 1926 1678 1516 1691 1389 1506
N 1188
 1909 2002 1606 1587 2008 1304 1338 1522 1796 1911 1515 1458 1306 1870 1985 1413 1572 1815 1984
N 1189
 1349 1603 1319 1314 1665 1307 1985 1677 1336 1936 1623 1327 1393 1609 1829 1360 1932 1439 1622
N 1190
 1439 1470 1415 1544 1833 1445 1923 1943 1291 1620 1745 1359 1874 1389 1828 1324 1715 1479 1890
N 1191
 1633 1940 1336 1739 1890 1389 1788 1649 1380 1560 1574 1795 2012 1804 1315 1906 1432 1651 1914
N 1192
 1743 1869 1669 1783 1723 1911 1852 1996 1794 1881 1972 1301 1362 1941 1724 1478 1419 1553 1491
N 1193
 1532 1550 1640 1623 1323 1405 1534 1859 1748 1321 1291 1595 1895 1485 1431 1559 1970 1536 1742
N 1194
 1892 1427 1532 1515 1465 1512 1774 1976 1383 1668 1342 1473 1521 1359 1829 1646 1615 1865 1296
N 1195
 1839 1681 1338 1603 1515 1865 1505 1817 1703 1758 1504 1599 1341 1676 1613 2026 1875 1790 1712
N 1196
 1528 1755 1503 1756 1336 1800 1363 1754 1577 1776 1554 1660 1433 1663 1536 1737 1392 1996 1427
N 1197
 1698 1373 1575 1405 1686 1322 1826 1951 2002 1341 1659 1796 2026 1876 1468 1537 1892 1446 1383
N 1198
 1997 1808 1748 1928 1358 1864 1362 1861 1995 2029 2032 1642 1742 1431 1791 1397 1875 1980 2021
N 1199
 1738 1625 1326 2014 1885 1770 1658 1452 1972 1426 2027 1968 1480 1537 1722 1879 1702 1406 1652
N 1200
 1959 1820 1376 1493 2009 1542 1615 1725 1760 1546 1808 1632 1764 1987 1812 1429 1662 1779 1942
N 1201
 1309 1498 1447 1283 1363 2024 1834 1670 1341 1473 1650 1968 1486 1354 1549 1998 1661 1841 1839
N 1202
 1369 1976 1499 2037 1553 1850 1581 1585 1496 1545 1360 1472 1601 1300 1969 1729 1380 2032 1892
N 1203
 1751 1854 1511 1855 1827 1750 1339 1706 1912 1463 1669 1355 1727 1472 1735 1837 1447 1604 1904
N 1204
 2031 1407 1721 1341 1863 1425 1812 1526 1745 1284 1541 1969 1288 1627 1599 1281 1624 1438 1882
N 1205
 1570 1602 1466 1726 1411 1517 1603 1693 1595 1580 1506 1363 1540 1980 1533 2001 1599 1569 1664
N 1206
 1628 1369 1792 2038 1485 1481 1540 1584 1326 1755 1747 1427 1899 1750 1982 1410 1664 1674 1579
N 1207
 1730 1783 1763 2030 1975 1288 1886 1420 1412 1316 1550 1972 1933 1373 1354 1366 1765 1861 1443
N 1208
 1524 1477 1632 1820 1551 1844 1501 1893 1870 1776 1448 1395 1569 1682 1597 2031 1816 1521 1590
N 1209
 1318 1881 1419 1757 1786 1986 1352 1502 1817 1772 2032 1384 1610 1673 1724 1698 1479 1957 1414
N 1210
 1424 1488 1578 1579 1855 1886 1700 1284 1673 1981 1415 1802 1816 1625 1845 1365 1382 1894 1359
N 1211
 1874 1433 1372 1563 1348 1818 1427 1820 1746 1570 1323 1489 1593 1641 1510 1439 2025 1708 1701
N 1212
 1414 1520 1869 1362 1421 1308 1337 1859 1543 1467 1682 1938 1683 1867 1586 1635 1407 1775 1553
N 1213
 1775 1934 1952 1355 1906 1829 1748 1674 1718 1930 1799 1331 1503 1724 1513 1581 1927 1893 1922
N 1214
 1466 1876 1491 1634 1423 1555 1403 1803 1597 1663 1571 1337 1530 1310 1618 1835 1673 1705 1771
N 1215
 1281 1932 1965 1334 1478 1740 2036 2014 2017 1958 1554 1893 1637 1913 1674 1385 1470 1514 1404
N 1216
 1978 1826 1340 1997 1921 1418 1453 1798 1455 1305 1408 1539 1493 1703 1666 1886 1532 1399 1487
N 1217
 1523 1750 1346 1396 1363 1310 1625 1429 1713 2027 1402 1283 1963 1803 1391 1306 1720 1712 1468
N 1218
 2010 1337 1719 2033 1939 1768 1454 1364 1289 1352 1677 1694 1665 1872 1988 1635 1994 1434 1904
N 1219
 1744 1707 1332 1913 1986 1605 1854 1918 1318 1539 1885 1834 1614 1651 1843 1908 1788 1786 1869
N 1220
 1627 1334 1873 1768 1686 1839 1287 1695 1507 1877 1298 1378 1341 1332 1376 1600 1822 1575 1415
N 1221
 1873 1340 1595 1433 1416 1590 1879 1350 1386 1375 1579 1645 1344 1603 1331 1921 1380 1372 1948
N 1222
 1769 1560 1521 1847 1441 1418 1569 2037 1996 1376 1321 1779 2022 1977 1624 1760 1611 1348 1960
N 1223
 1547 1801 1477 1869 1719 1828 1685 1767 1793 1701 1322 1313 1567 1312 1468 1498 1683 1761 1987
N 1224
 1403 1546 1700 1746 1620 1687 1839 1565 1598 1434 1888 1506 1359 1646 1554 1749 1521 1738 1919
N 1225
 1786 1937 1689 1776 1749 1681 1376 1878 1470 1873 1930 1367 1804 1765 1605 1324 1707 1993 1880
N 1226
 1980 1413 1812 1966 1960 1956 1602 1775 1906 1979 2033 1493 1828 1320 1941 1514 1593 1861 1306
N 1227
 1697 1601 1335 1848 1345 1954 1932 1641 1962 1587 1977 1299 1774 2014 1669 1974 1969 1434 1678
N 1228
 1843 1593 1718 1792 1405 1833 1370 2036 1314 1421 1517 1811 1508 1706 1996 1460 1658 1885 1526
N 1229
 1859 1616 1395 1839 1510 1304 1453 2022 1650 1387 1738 1945 1339 1929 1984 1398 1505 1553 1491
N 1230
 1877 1816 1830 1829 1962 1784 1458 1640 1281 1856 1597 1668 1635 1845 1763 1791 2036 1356 1752
N 1231
 1805 1466 1941 1944 1828 1878 2004 1537 1331 1564 1973 1985 1919 1574 1986 1978 1780 1521 1996
N 1232
 1619 1509 1780 1406 1981 1718 1366 1528 1761 1804 1463 1802 1841 1321 1407 1615 1476 1597 1523
N 1233
 1653 1808 1477 1813 1861 1993 1852 1868 1767 1293 1931 1714 1638 1449 2025 1765 1341 1421 1955
N 1234
 1723 1552 1787 1916 1433 1378 1849 1352 1851 1734 2018 1657 1445 1413 1886 1950 1283 1628 1842
N 1235
 1711 1534 1474 1986 1691 1337 1404 1306 1285 1280 1741 1984 1380 1719 1602 1791 1296 1782 1591
N 1236
 1281 1978 1825 1560 1701 1934 1697 1395 1404 1474 1339 1550 1704 1738 1794 2005 1732 2021 1710
N 1237
 1635 1352 1560 1280 2024 1746 1812 1651 1781 1514 1810 1941 1338 1915 1522 1970 1775 2031 1935
N 1238
 1647 1919 1515 1549 2029 1869 1571 1405 2009 1620 1924 1965 1675 1842 1892 1426 1657 1932 1375
N 1239
 1448 1849 2033 1514 1829 1339 1619 1552 1741 1333 1701 2013 1563 1917 1998 1851 1858 1912 1658
N 1240
 1580 1941 1974 2014 1895 1581 1324 1779 1359 1965 1773 1660 1490 1348 1460 1914 1634 2017 1536
N 1241
 1780 1493 1989 1937 1519 1966 1347 1291 1736 2021 1469 1318 1281 1665 1748 1569 1489 1507 1746
N 1242
 1347 1423 1455 1402 1597 1552 1362 1784 1868 1775 1809 1854 1844 1371 1786 1897 1630 1514 1848
N 1243
 1690 1997 1850 1483 1693 1832 1901 1565 1846 1501 1886 1807 1478 1331 1396 1962 1414 1297 1555
N 1244
 1580 1728 1736 1739 1819 2005 1777 1470 1469 1755 2016 1599 1980 1941 1856 1854 1674 2018 1454
N 1245
 1919 1488 1964 1749 1907 1507 1480 1395 1674 1589 1331 1579 1462 1369 1360 1688 1368 1868 1449
N 1246
 1627 2002 1363 1386 1619 1896 1797 2035 1368 1925 2013 1859 1439 1865 2010 1890 1479 1670 1614
N 1247
 1410 1573 1307 1341 1395 1668 1654 1582 1575 1976 1478 1525 1421 1440 1498 1948 1391 2026 1815
N 1248
 1869 1951 1482 1523 1766 1964 1889 1442 1670 1646 1741 1785 1475 1977 1457 1460 2032 1667 1563
N 1249
 1442 1976 1730 1881 1499 1595 1806 1830 1913 1339 1522 1519 1930 1539 1851 1740 1808 1356 1408
N 1250
 1752 1816 1419 1645 1977 1299 1407 1640 1790 1776 1831 1819 1708 1915 1880 1280 1562 1348 1391
N 1251
 1792 1382 2003 1677 1332 1750 1755 1848 1603 1668 1472 1912 1419 1711 1574 1461 1538 1487 1923
N 1252
 1926 1669 1388 1698 1419 1852 1424 1634 1564 1356 2028 1526 1932 1331 1623 1561 1579 1778 1394
N 1253
 1332 1486 1784 1440 1566 2012 1895 1731 1452 1695 1988 1288 1867 1456 1905 2002 1826 1618 1845
N 1254
 2033 1470 1693 1307 1516 1378 1410 1721 1867 2039 1310 1335 1652 1319 1436 1549 1305 1399 2002
N 1255
 1478 1756 1737 1986 1734 1629 1697 1593 2010 2029 1531 1485 1670 1802 2024 1451 1868 1799 1849
N 1256
 1844 1829 1341 2022 1872 1935 1317 2030 1585 1354 1571 1823 1399 1742 2029 1478 1629 1519 1280
N 1257
 1673 1445 1614 1881 1815 1460 1567 1988 1455 1662 1794 1555 1576 1408 1770 1363 1531 1865 1403
N 1258
 1712 1805 1320 1300 1492 1479 1930 1839 1759 1397 1910 1907 1308 1896 1603 1702 1463 1880 1692
N 1259
 1668 1386 2030 1523 1957 1432 2001 1466 1922 1298 1603 1472 1412 1816 1497 1331 1396 1418 1890
N 1260
 1582 1875 1942 1859 1711 1310 1536 1764 1638 1868 1331 1777 1540 1867 1580 1606 1843 1454 1869
N 1261
 1909 1410 1773 1356 1967 1656 2002 1937 1574 1853 1855 1757 2038 1322 1528 1884 1892 1860 2032
N 1262
 1697 1665 1929 1774 1371 1586 1395 2005 1833 1946 1930 1954 1827 1496 1997 1798 1638 1779 1510
N 1263
 2007 1399 1305 1626 1522 1690 1762 1401 1774 1425 1594 1656 1998 1888 1536 1300 1970 1636 1662
N 1264
 2037 1724 1824 1845 1917 1302 1605 1607 1322 1744 1569 1753 1287 1771 1996 1414 1484 2013 1864
N 1265
 1879 1471 1578 1339 1910 1416 1593 1515 1832 1378 1614 1461 1675 1315 1369 1610 1442 1401 1605
N 1266
 1373 1662 1575 1824 1771 1541 1774 1619 1915 1592 1961 1600 1745 1328 1874 1289 2011 1803 1325
N 1267
 1290 1700 1350 1371 1886 1866 2023 1790 1778 1639 1296 1774 1818 1726 1349 1751 1831 1415 1333
N 1268
 1337 1969 1918 1732 2034 1689 1735 1921 1578 1381 1539 1645 1318 1851 1307 1975 1977 1780 1325
N 1269
 1971 2016 1644 1371 1995 1455 1334 1506 1928 1309 1538 1747 1750 1850 1992 1369 1682 1820 1503
N 1270
 1483 1826 1427 1985 1526 1799 1631 1687 1459 1569 1663 1536 1654 1538 2010 1440 1817 1369 1710
N 1271
 1427 1606 1380 1475 1347 1642 1532 1900 1759 1466 1299 1783 1584 1915 1679 1985 1342 1423 1648
N 1272
 1518 1722 1609 1505 1550 1789 1950 1571 1591 1662 1354 1331 1453 1316 1728 1823 1503 1286 1784
N 1273
 1747 1763 1746 1718 1938 1912 1454 1754 1560 1690 1689 1979 1564 1878 1357 1896 1314 1774 1728
N 1274
 1598 1547 1677 1766 1494 1931 1721 1571 1899 1717 1874 1541 1449 1689 1707 1743 1442 1403 1301
N 1275
 1608 1595 1807 1687 1381 1533 1677 1331 1895 1305 1972 1622 1348 1659 1491 1609 1519 1480 1762
N 1276
 1537 1439 1827 2006 1887 1410 1520 1466 1747 1624 1574 1815 1678 1902 1929 1453 1844 1373 1302
N 1277
 1451 1566 1419 1788 1307 1865 1527 1523 1674 1544 1394 1957 1521 1281 1548 1729 1378 1696 1525
N 1278
 1897 1453 1327 1785 1307 1568 1794 1381 1843 1560 1811 1767 1828 1287 1747 1507 1967 1633 1830
N 1279
 1403 1451 1771 1724 1334 1338 1545 1936 1344 1698 2020 1856 1884 1577 1511 1703 1553 1624 1744
N 1280
 13 72 138 143 305 313 402 582 741 796 881 897 983 997 1005 1010 1016 1019 1029 1069 1092 1107 1116 1134 1146 1148 1151 1176 1235 1237 1250 1256
N 1281
 2 22 23 69 130 189 190 359 374 380 394 452 510 572 612 647 661 689 726 728 974 1022 1043 1055 1096 1104 1204 1215 1230 1236 1241 1277
N 1282
 119 147 174 205 231 284 300 385 405 433 501 539 544 560 579 609 636 723 739 747 842 917 937 961 964 988 995 1004 1011 1129 1135 1159
N 1283
 58 94 130 192 375 442 490 581 586 628 661 764 786 791 793 794 801 837 877 926 949 964 1014 1027 1033 1066 1128 1130 1154 1201 1217 1234
N 1284
 33 133 223 232 240 266 284 289 319 325 404 440 452 473 485 512 557 574 603 652 655 771 795 823 827 955 1017 1038 1146 1166 1204 1210
N 1285
 113 150 198 255 275 279 285 291 292 300 341 374 399 521 571 704 707 728 737 790 799 864 932 1006 1032 1047 1061 1065 1082 1105 1185 1235
N 1286
 11 41 61 64 74 174 193 236 247 260 265 283 337 424 507 509 519 536 610 613 701 744 962 1035 1065 1085 1112 1113 1114 1162 1173 1272
N 1287
 61 130 183 212 283 422 424 431 484 488 517 558 579 615 617 655 681 733 770 791 823 855 902 961 1039 1040 1090 1093 1124 1220 1264 1278
N 1288
 15 25 30 42 166 181 247 255 277 291 297 305 326 412 449 530 589 624 656 722 743 784 806 874 907 939 1050 1083 1184 1204 1207 1253
N 1289
 34 87 95 123 194 208 224 287 313 340 503 543 652 664 780 798 822 834 856 922 954 955 957 981 1051 1055 1086 1109 1149 1167 1218 1266
N 1290
 4 8 18 21 34 63 108 235 333 430 455 637 700 731 776 800 850 915 937 941 1052 1072 1081 1085 1091 1098 1110 1112 1135 1142 1181 1267
N 1291
 9 12 47 105 162 251 266 293 321 396 405 680 744 774 894 903 906 946 963 969 976 1005 1080 1097 1106 1116 1154 1155 1161 1190 1193 1241
N 1292
 90 127 148 219 281 320 505 549 574 586 594 604 633 652 654 735 759 788 808 847 850 864 878 886 928 933 981 1025 1034 1038 1087 1100
N 1293
 33 35 40 42 78 98 168 388 406 417 434 451 455 531 565 569 595 605 616 645 649 794 809 850 872 961 1016 1031 1096 1105 1167 1233
N 1294
 33 46 75 145 167 168 223 288 309 378 396 447 471 473 511 528 533 538 609 821 828 836 884 926 1029 1035 1112 1122 1123 1141 1177 1180
N 1295
 10 15 23 31 90 128 131 165 171 185 217 243 345 391 574 582 637 644 668 729 751 833 838 863 894 896 1050 1069 1070 1074 1120 1149
N 1296
 67 240 270 324 354 394 417 456 487 520 525 539 551 664 692 733 880 915 922 949 977 981 1014 1044 1057 1067 1076 1123 1132 1194 1235 1267
N 1297
 118 126 161 193 235 306 343 370 389 403 437 478 497 509 581 639 674 806 807 866 909 930 936 937 974 994 1010 1043 1084 1143 1154 1243
N 1298
 51 96 99 117 118 147 192 212 281 291 310 375 401 478 531 588 593 608 655 680 733 771 784 815 897 933 967 977 1069 1138 1220 1259
N 1299
 1 70 85 281 308 389 397 488 499 514 537 546 583 682 715 765 790 817 834 882 889 896 949 966 995 1071 1080 1096 1146 1227 1250 1271
N 1300
 47 109 126 185 206 208 274 300 383 406 556 562 565 591 613 667 728 754 778 795 819 828 969 1006 1020 1026 1028 1071 1117 1202 1258 1263
N 1301
 61 98 175 247 251 391 406 521 530 542 567 575 585 592 623 641 682 749 791 804 834 846 856 872 913 944 951 992 1103 1182 1192 1274
N 1302
 83 243 269 311 364 372 438 466 489 552 555 559 574 612 636 642 658 670 750 770 793 796 835 901 1081 1131 1135 1141 1165 1185 1264 1276
N 1303
 76 77 93 179 183 189 206 271 304 306 329 386 395 412 570 581 618 679 690 691 698 737 814 832 839 921 1038 1042 1095 1120 1130 1146
N 1304
 5 77 83 111 118 243 333 349 361 365 395 403 424 466 550 582 590 629 667 672 685 778 814 825 891 920 1040 1066 1082 1083 1188 1229
N 1305
 9 40 47 91 102 121 356 367 376 397 436 575 586 651 659 724 731 744 747 786 883 911 919 1010 1070 1091 1145 1156 1216 1254 1263 1275
N 1306
 34 109 111 212 226 335 472 495 512 594 621 643 679 695 710 720 731 741 760 824 865 944 965 967 984 1005 1057 1130 1188 1217 1226 1235
N 1307
 74 80 116 147 213 357 385 399 433 480 487 504 551 579 586 602 660 699 768 815 829 916 935 968 977 1020 1189 1247 1254 1268 1277 1278
N 1308
 16 50 85 114 127 144 177 305 306 362 378 390 559 567 577 589 593 611 620 623 670 718 929 945 974 1015 1029 1058 1100 1156 1212 1258
N 1309
 23 34 65 126 135 162 221 235 259 337 410 458 484 563 638 680 723 752 753 780 837 870 871 881 924 926 972 1022 1027 1094 1201 1269
N 1310
 5 31 61 137 147 169 261 345 353 521 709 758 766 879 928 941 964 985 988 1015 1035 1053 1063 1078 1130 1161 1165 1183 1214 1217 1254 1260
N 1311
 47 65 133 149 150 178 182 187 223 267 312 352 378 396 418 444 463 488 499 512 543 569 651 703 758 800 907 920 935 1007 1163 1169
N 1312
 67 73 120 201 268 273 279 303 316 326 406 409 411 494 500 518 597 655 665 689 828 895 921 925 977 984 992 993 1030 1059 1078 1223
N 1313
 15 40 77 144 178 216 292 295 303 308 316 320 358 364 365 405 414 415 451 465 468 479 541 562 607 651 721 907 930 1074 1170 1223
N 1314
 17 34 67 97 197 203 304 346 466 505 508 524 578 610 622 671 686 717 837 855 860 895 979 996 1003 1047 1147 1157 1167 1189 1228 1273
N 1315
 4 25 131 139 140 145 243 252 270 271 295 302 322 438 492 562 564 604 661 675 683 744 770 821 847 939 1013 1126 1172 1187 1191 1265
N 1316
 8 26 60 85 232 242 262 292 325 346 358 485 540 570 591 601 619 708 720 741 757 845 922 949 958 997 1024 1053 1072 1125 1207 1272
N 1317
 45 85 167 256 272 375 409 431 479 495 506 520 577 589 598 603 620 634 651 731 756 811 908 922 983 997 1002 1078 1132 1162 1185 1256
N 1318
 2 79 125 170 250 266 339 368 381 424 492 518 593 611 626 675 745 784 850 924 974 1020 1023 1039 1048 1069 1142 1187 1209 1219 1241 1268
N 1319
 4 13 14 21 25 89 94 134 205 209 245 257 365 369 386 389 450 522 600 691 708 773 831 894 971 1076 1103 1111 1152 1166 1189 1254
N 1320
 9 30 134 163 244 245 338 360 364 406 430 624 650 664 706 749 760 782 912 969 974 978 1006 1034 1070 1093 1158 1173 1185 1186 1226 1258
N 1321
 7 88 97 150 204 219 247 279 312 318 436 438 449 481 512 525 545 634 642 643 698 756 768 832 887 985 994 1062 1074 1193 1222 1232
N 1322
 122 125 128 159 169 202 213 298 310 483 501 549 572 573 581 637 648 743 746 811 821 847 870 902 932 938 993 1003 1197 1223 1261 1264
N 1323
 7 28 31 58 71 113 144 226 349 352 485 533 538 572 586 687 694 699 766 853 865 939 979 1062 1074 1136 1141 1155 1179 1183 1193 1211
N 1324
 27 60 61 88 201 277 307 322 378 550 551 569 598 616 617 627 842 851 954 987 1024 1025 1033 1037 1050 1053 1072 1082 1096 1190 1225 1240
N 1325
 21 32 53 59 85 122 141 240 250 328 334 388 402 430 451 463 486 496 506 618 631 675 712 751 755 810 828 1028 1032 1153 1266 1268
N 1326
 26 61 88 127 155 184 204 225 330 468 486 505 549 629 632 696 740 782 784 805 886 898 942 1025 1026 1041 1062 1092 1165 1186 1199 1206
N 1327
 24 71 100 141 207 222 246 251 297 353 368 407 442 463 481 549 662 677 719 758 771 856 979 1039 1048 1073 1140 1173 1178 1184 1189 1278
N 1328
 1 104 129 160 183 192 208 212 235 311 405 449 502 534 540 541 716 763 786 824 877 914 979 1001 1012 1060 1065 1067 1093 1158 1182 1266
N 1329
 25 29 31 49 74 86 115 197 198 242 257 277 295 332 390 430 445 555 595 603 678 748 803 815 816 830 914 1059 1084 1128 1134 1149
N 1330
 4 26 54 75 129 192 211 268 303 316 360 417 580 599 613 646 650 664 677 708 713 718 781 796 862 888 1000 1050 1079 1102 1157 1179
N 1331
 32 52 214 290 320 327 457 497 506 527 571 582 602 647 651 674 910 949 1091 1115 1132 1171 1213 1221 1231 1243 1245 1252 1259 1260 1272 1275
N 1332
 43 47 81 93 146 173 253 317 353 358 367 397 531 553 606 672 754 782 844 848 880 910 1013 1055 1079 1082 1125 1156 1219 1220 1251 1253
N 1333
 18 19 24 194 207 210 239 261 270 339 370 384 440 484 501 513 577 663 713 743 752 813 842 862 900 921 926 964 1053 1096 1239 1267
N 1334
 105 156 169 185 219 239 263 278 296 316 338 371 432 435 485 548 567 634 656 726 728 853 885 954 1070 1123 1136 1163 1215 1220 1269 1279
N 1335
 33 49 95 99 104 280 289 322 430 448 465 528 559 586 646 655 673 681 759 921 929 935 948 969 1042 1061 1076 1103 1115 1156 1227 1254
N 1336
 53 65 87 89 198 251 268 294 301 356 367 403 406 416 451 461 493 525 596 782 845 906 926 962 971 998 1034 1051 1084 1189 1191 1196
N 1337
 50 92 119 236 288 323 331 409 434 435 492 493 514 527 564 671 732 772 802 820 843 900 962 1039 1045 1048 1055 1212 1214 1218 1235 1268
N 1338
 40 80 204 210 214 243 288 292 318 382 385 389 513 544 596 602 622 626 742 781 792 819 832 892 1025 1078 1114 1162 1188 1195 1237 1279
N 1339
 9 42 88 169 171 222 228 230 256 271 497 554 596 649 666 703 756 839 875 914 997 1026 1038 1041 1053 1104 1203 1229 1236 1239 1249 1265
N 1340
 55 244 269 282 286 410 442 474 495 505 608 632 636 647 707 810 819 860 920 926 952 1031 1090 1093 1107 1108 1114 1134 1161 1179 1216 1221
N 1341
 76 86 127 266 275 359 387 400 408 465 513 631 670 751 840 842 880 906 944 957 977 1056 1118 1165 1195 1197 1201 1204 1220 1233 1247 1256
N 1342
 32 70 121 164 174 217 226 325 332 416 446 453 463 514 534 589 731 762 823 871 878 914 933 978 993 1011 1064 1103 1104 1127 1194 1271
N 1343
 63 70 116 163 174 223 236 322 351 360 382 410 446 464 477 587 600 629 676 749 765 795 831 863 952 970 1031 1040 1088 1122 1130 1166
N 1344
 98 114 228 234 319 321 327 330 391 402 450 474 555 562 617 725 745 788 801 821 828 908 931 959 1009 1036 1045 1058 1159 1160 1221 1279
N 1345
 8 117 189 216 225 235 253 256 290 296 335 400 514 555 560 587 625 652 701 716 743 791 852 892 979 985 1055 1091 1139 1179 1182 1227
N 1346
 25 52 125 188 194 207 214 234 285 307 346 366 459 470 524 553 557 612 672 701 709 738 745 838 892 965 973 984 1020 1073 1115 1217
N 1347
 51 106 108 180 191 199 227 247 251 359 372 379 435 463 518 607 735 806 847 886 893 1026 1064 1069 1079 1080 1095 1097 1157 1241 1242 1271
N 1348
 59 129 152 182 188 211 278 280 440 472 503 537 573 603 633 708 774 776 848 902 913 1039 1059 1101 1124 1170 1183 1211 1222 1240 1250 1275
N 1349
 33 36 52 170 297 317 348 412 437 456 532 543 545 564 577 597 717 747 750 755 772 785 809 859 956 996 1029 1058 1111 1163 1189 1267
N 1350
 23 82 133 150 164 261 293 298 342 461 475 483 601 652 810 841 845 846 850 867 900 905 985 1007 1086 1112 1117 1145 1166 1178 1221 1267
N 1351
 30 45 91 121 126 202 227 228 292 386 420 443 446 468 539 546 612 634 668 697 757 760 762 790 802 830 848 898 909 1055 1120 1147
N 1352
 43 82 132 138 162 171 200 244 268 276 322 362 424 449 484 552 566 643 761 781 823 909 929 953 1033 1052 1091 1113 1209 1218 1234 1237
N 1353
 20 80 87 120 151 161 197 237 326 337 353 384 399 407 423 429 470 476 513 681 776 803 818 823 887 909 1046 1048 1061 1072 1168 1180
N 1354
 22 62 66 100 139 141 179 250 262 270 291 305 355 528 544 546 596 632 713 746 817 833 840 851 871 1048 1055 1145 1201 1207 1256 1272
N 1355
 22 32 35 50 52 124 127 149 173 174 190 270 275 278 428 440 526 572 588 737 755 803 821 900 903 1000 1011 1045 1102 1153 1203 1213
N 1356
 51 115 195 237 351 358 368 369 468 489 624 631 675 681 810 840 846 872 902 909 919 924 1078 1092 1101 1134 1170 1171 1230 1249 1252 1261
N 1357
 20 38 69 78 131 155 184 213 260 306 385 447 523 547 606 629 640 696 710 769 773 857 869 901 942 991 1001 1020 1023 1039 1131 1273
N 1358
 22 70 75 137 151 155 166 193 203 236 252 342 392 443 455 508 661 688 710 733 735 794 823 827 869 905 934 974 978 1104 1115 1198
N 1359
 22 23 38 54 77 159 180 201 266 270 328 431 444 493 536 628 753 764 767 826 840 851 912 958 980 1018 1038 1190 1194 1210 1224 1240
N 1360
 25 92 128 147 178 193 199 214 232 249 264 333 375 380 430 479 484 506 578 645 775 840 889 901 993 1027 1142 1150 1152 1189 1202 1245
N 1361
 10 37 72 75 233 258 261 327 335 378 393 402 437 484 511 561 568 635 687 726 755 758 761 765 794 834 911 998 1038 1095 1118 1156
N 1362
 71 103 139 176 220 237 243 274 325 365 371 463 474 482 580 661 734 817 822 883 917 962 988 1078 1091 1108 1113 1120 1192 1198 1212 1242
N 1363
 21 54 60 80 117 119 171 209 227 249 271 323 374 379 415 460 501 515 535 737 772 785 811 867 917 1112 1196 1201 1205 1217 1246 1257
N 1364
 72 84 124 200 226 258 272 296 321 334 345 442 459 468 491 509 559 592 602 609 639 716 718 783 940 947 952 959 1002 1092 1181 1218
N 1365
 23 141 241 369 386 462 463 465 488 498 505 517 588 590 611 634 646 719 721 748 750 794 799 836 878 912 940 957 999 1089 1170 1210
N 1366
 56 98 119 128 180 428 473 555 565 584 603 616 700 720 737 754 812 832 843 932 956 996 1014 1037 1059 1108 1120 1157 1183 1187 1207 1232
N 1367
 10 18 42 50 89 142 210 243 290 360 368 378 456 462 536 543 557 591 595 597 614 674 695 723 769 774 841 875 883 929 1182 1225
N 1368
 3 13 52 74 124 150 207 265 273 289 362 380 452 535 548 571 591 620 719 724 809 831 960 976 998 1038 1050 1124 1133 1147 1245 1246
N 1369
 56 62 83 114 119 159 173 268 312 319 342 398 432 441 473 617 635 769 779 926 929 952 962 999 1042 1148 1202 1206 1245 1265 1269 1270
N 1370
 6 140 153 219 267 278 293 318 405 451 459 516 576 617 635 745 800 878 927 928 933 950 954 1036 1065 1070 1073 1086 1113 1124 1165 1228
N 1371
 36 120 128 227 278 290 319 332 352 375 381 527 623 701 775 776 810 811 836 864 906 933 954 981 989 1052 1067 1092 1242 1262 1267 1269
N 1372
 118 172 179 198 286 305 393 411 428 465 498 547 595 643 648 665 696 704 723 736 760 794 803 839 849 886 923 934 1073 1105 1211 1221
N 1373
 56 81 131 223 227 246 285 429 534 558 578 610 617 636 704 742 810 866 967 1004 1042 1050 1061 1099 1130 1161 1164 1185 1197 1207 1266 1276
N 1374
 14 19 74 95 147 181 182 193 209 239 390 405 467 541 620 623 627 675 686 687 730 732 750 827 850 862 889 941 957 997 1065 1185
N 1375
 16 68 134 135 167 208 310 336 351 415 449 461 478 487 540 582 593 638 669 779 809 811 827 881 882 926 1100 1115 1133 1151 1221 1238
N 1376
 2 34 77 86 163 233 358 385 455 495 496 567 579 585 631 635 670 708 750 786 867 883 918 994 1007 1097 1121 1167 1200 1220 1222 1225
N 1377
 81 88 99 110 143 151 170 208 222 268 270 385 485 500 575 598 649 686 698 737 793 810 827 849 935 980 1004 1019 1088 1111 1121 1125
N 1378
 95 155 166 170 187 252 321 341 365 395 508 510 651 728 783 878 940 958 969 982 1002 1010 1013 1015 1033 1048 1177 1220 1234 1254 1265 1277
N 1379
 46 54 55 74 120 250 275 301 350 352 361 362 433 466 524 537 551 658 679 777 796 823 838 846 876 926 937 965 978 996 998 1071
N 1380
 7 45 126 224 265 280 296 298 313 376 389 400 438 449 510 521 578 664 705 759 780 942 969 1027 1070 1123 1179 1191 1202 1221 1235 1271
N 1381
 12 32 148 194 220 236 241 244 245 413 434 436 476 513 660 688 717 740 822 834 846 867 1029 1066 1081 1089 1102 1143 1160 1268 1275 1278
N 1382
 20 33 124 284 319 367 403 422 472 514 534 564 580 587 640 693 819 876 888 890 903 945 974 1059 1064 1073 1096 1098 1156 1167 1210 1251
N 1383
 77 137 141 221 265 273 370 401 432 437 455 530 549 600 610 650 706 739 810 815 833 869 878 923 944 1039 1080 1090 1104 1152 1194 1197
N 1384
 29 30 146 173 210 230 231 295 317 352 460 472 487 528 550 585 667 673 695 712 727 750 791 799 802 811 826 929 963 1096 1175 1209
N 1385
 9 11 19 51 83 91 156 157 198 244 295 323 340 375 475 499 518 584 606 612 623 672 722 789 866 875 949 957 958 1045 1101 1215
N 1386
 29 49 100 164 201 239 272 302 306 322 329 375 501 545 565 615 627 638 646 661 705 744 750 927 947 951 1019 1138 1179 1221 1246 1259
N 1387
 69 86 95 101 105 127 155 218 263 301 347 348 375 433 457 543 544 549 563 584 590 638 733 742 811 880 892 968 998 1027 1055 1229
N 1388
 17 97 114 166 203 294 360 377 407 421 434 488 501 567 613 681 708 731 739 771 791 821 826 833 843 889 1050 1062 1072 1166 1184 1252
N 1389
 49 70 195 273 419 442 475 491 512 519 526 552 580 598 663 691 775 796 806 943 953 956 1016 1039 1073 1084 1094 1106 1142 1187 1190 1191
N 1390
 23 109 110 292 302 355 389 415 428 437 448 461 510 522 595 605 677 684 700 701 711 737 793 851 896 955 972 980 996 1063 1133 1184
N 1391
 0 18 105 108 128 140 167 180 190 305 330 373 499 515 527 534 568 581 604 609 624 735 772 776 825 838 1045 1074 1112 1217 1247 1250
N 1392
 10 100 104 141 155 164 166 197 243 264 292 349 501 508 525 535 593 616 740 759 765 772 788 857 958 988 1031 1036 1048 1128 1163 1196
N 1393
 0 93 109 124 192 233 275 279 299 429 433 497 510 513 551 561 578 597 618 619 684 694 727 751 802 831 852 888 1135 1163 1169 1189
N 1394
 11 31 54 78 130 185 194 228 293 343 344 345 369 418 463 498 566 569 616 675 693 742 901 934 1013 1047 1085 1105 1158 1172 1252 1277
N 1395
 1 44 165 209 236 248 349 416 521 562 566 627 629 810 815 831 902 925 962 983 1008 1073 1090 1101 1120 1150 1208 1229 1236 1245 1247 1262
N 1396
 12 26 51 225 242 247 262 271 301 413 442 458 470 486 507 529 561 778 801 818 826 844 848 932 1022 1070 1076 1119 1162 1217 1243 1259
N 1397
 37 38 67 90 160 181 182 234 374 440 596 614 637 663 765 768 778 795 805 815 857 895 940 953 990 993 1030 1041 1086 1087 1198 1258
N 1398
 0 28 34 68 97 141 214 224 232 241 244 251 260 271 293 294 336 548 583 642 656 712 743 823 842 879 909 993 1068 1076 1113 1229
N 1399
 33 151 203 209 245 276 293 328 358 384 388 432 459 531 555 658 690 729 737 763 766 816 866 954 990 1012 1112 1115 1216 1254 1256 1263
N 1400
 12 46 135 177 208 260 268 273 299 311 376 381 390 427 436 492 500 502 609 631 641 650 689 785 829 922 965 966 1011 1053 1080 1114
N 1401
 61 87 129 151 152 176 188 237 332 350 377 381 407 441 562 653 662 671 687 727 738 761 794 830 904 913 1077 1106 1160 1178 1263 1265
N 1402
 57 65 102 136 180 186 230 324 373 402 445 478 497 524 585 632 645 685 744 844 910 911 939 948 1054 1073 1101 1145 1147 1168 1217 1242
N 1403
 15 34 61 68 147 157 204 345 410 457 459 510 538 559 602 649 697 740 768 932 980 1053 1085 1094 1116 1148 1182 1214 1224 1257 1274 1279
N 1404
 1 13 77 92 124 186 246 256 277 287 305 354 359 361 450 509 525 555 561 688 690 869 877 1019 1028 1076 1131 1144 1176 1215 1235 1236
N 1405
 89 109 118 156 174 176 207 390 407 416 420 446 530 551 608 613 632 646 654 667 753 777 797 889 935 964 1008 1147 1193 1197 1228 1238
N 1406
 11 55 80 136 194 256 260 336 386 505 526 667 673 683 692 698 735 775 788 789 819 822 884 899 941 1023 1065 1068 1139 1155 1199 1232
N 1407
 38 80 86 114 177 199 200 226 339 496 679 691 737 749 785 846 848 881 957 973 976 980 983 1098 1099 1133 1154 1159 1204 1212 1232 1250
N 1408
 5 159 171 245 392 421 429 475 480 499 517 608 613 622 631 705 743 769 807 866 880 926 936 949 1011 1086 1112 1175 1177 1216 1249 1257
N 1409
 67 145 163 176 195 219 300 335 357 380 418 427 498 501 512 533 535 580 583 630 757 836 886 930 946 1049 1055 1080 1121 1177 1182 1183
N 1410
 7 12 71 103 145 176 184 331 348 425 627 665 666 668 699 726 752 903 909 950 966 1003 1053 1081 1114 1121 1140 1206 1247 1254 1261 1276
N 1411
 23 56 65 98 113 138 197 245 292 318 342 424 425 447 480 491 578 598 606 610 619 749 787 852 911 994 999 1040 1077 1136 1137 1205
N 1412
 18 32 40 75 122 126 149 160 175 242 315 363 506 513 604 658 706 760 766 808 812 901 928 936 973 1034 1100 1122 1130 1148 1207 1259
N 1413
 91 118 138 140 159 210 219 225 308 340 367 393 439 630 663 696 744 797 882 929 938 1002 1026 1043 1065 1123 1136 1148 1170 1188 1226 1234
N 1414
 58 93 127 142 153 179 182 213 226 345 459 516 632 633 643 657 667 687 710 759 762 808 825 832 922 925 1060 1120 1209 1212 1243 1264
N 1415
 50 131 162 219 249 321 350 367 374 384 391 400 416 533 541 548 592 599 730 775 856 893 913 930 947 954 1137 1138 1190 1210 1220 1267
N 1416
 11 85 91 145 158 178 208 216 335 338 367 387 389 413 444 448 543 560 678 715 729 730 864 868 892 903 983 1043 1132 1166 1221 1265
N 1417
 41 89 154 196 203 205 236 267 285 306 429 467 551 588 602 611 650 674 700 704 731 732 738 848 934 987 988 1062 1064 1091 1133 1143
N 1418
 13 34 55 71 107 174 415 450 488 532 676 720 733 763 777 800 821 843 863 868 914 1000 1045 1049 1082 1096 1137 1144 1149 1216 1222 1259
N 1419
 66 132 206 208 215 218 239 300 369 410 411 414 466 535 599 641 646 671 762 857 896 982 1021 1054 1070 1131 1192 1209 1250 1251 1252 1277
N 1420
 15 19 118 157 259 288 294 308 372 427 435 448 468 479 509 519 528 537 626 729 862 887 901 971 988 1118 1132 1153 1169 1172 1185 1207
N 1421
 63 121 207 241 271 338 341 367 430 437 469 481 491 611 658 659 679 701 711 732 798 858 865 977 987 1028 1075 1183 1212 1228 1233 1247
N 1422
 1 22 74 95 135 158 191 230 280 299 380 400 449 454 487 538 539 560 601 613 642 800 815 835 854 888 1029 1033 1046 1056 1126 1159
N 1423
 33 54 164 288 304 322 408 445 469 512 548 550 648 754 760 783 818 842 865 921 928 937 985 1040 1071 1078 1091 1112 1167 1214 1242 1271
N 1424
 5 28 60 129 336 342 407 412 453 474 475 542 546 600 610 646 673 679 689 860 903 929 948 1056 1067 1113 1116 1122 1164 1180 1210 1252
N 1425
 48 73 102 172 269 286 353 357 380 407 446 452 494 535 543 547 579 588 730 751 824 895 1037 1072 1081 1103 1110 1129 1144 1180 1204 1263
N 1426
 31 125 127 230 231 289 533 654 659 661 663 683 685 748 770 804 865 903 930 935 981 986 998 1022 1075 1102 1137 1139 1144 1162 1199 1238
N 1427
 1 109 138 147 161 168 281 304 338 357 373 459 493 575 587 624 695 821 852 870 884 896 928 931 996 1103 1194 1196 1206 1211 1270 1271
N 1428
 47 72 76 78 92 93 117 136 146 198 205 255 291 304 319 401 453 503 549 555 626 635 660 676 724 799 908 924 1072 1085 1112 1132
N 1429
 19 58 63 75 181 226 234 356 376 396 401 480 525 593 598 719 725 744 769 791 902 953 956 969 991 1086 1103 1108 1165 1187 1200 1217
N 1430
 139 171 191 264 330 371 378 398 478 480 529 536 537 538 541 557 678 691 725 746 763 784 856 898 915 925 942 980 998 1121 1127 1180
N 1431
 21 86 108 125 218 220 238 313 360 380 448 456 472 502 593 599 812 835 846 876 950 993 1005 1007 1039 1092 1101 1103 1174 1187 1193 1198
N 1432
 19 84 101 138 154 225 235 236 261 314 372 387 402 420 421 430 483 485 486 576 646 863 920 953 979 1013 1051 1068 1090 1150 1191 1259
N 1433
 2 66 81 128 166 208 241 253 293 412 519 521 706 742 764 800 844 860 889 911 924 1042 1059 1062 1067 1098 1119 1140 1196 1211 1221 1234
N 1434
 55 76 158 205 269 326 368 384 390 391 399 418 419 442 520 621 632 758 778 838 847 916 994 1001 1020 1040 1100 1125 1131 1218 1224 1227
N 1435
 9 25 75 149 176 190 206 229 245 282 293 336 349 354 358 369 375 416 510 515 548 628 669 736 780 783 805 1040 1042 1075 1156 1180
N 1436
 1 38 81 89 115 148 272 402 437 500 512 516 523 568 576 600 614 629 639 757 827 829 830 852 929 942 1003 1026 1051 1084 1115 1254
N 1437
 30 71 118 244 268 284 334 361 425 444 465 531 554 631 665 696 715 736 739 791 812 817 870 972 993 996 1021 1053 1063 1090 1106 1158
N 1438
 43 56 98 142 186 233 301 318 421 454 490 565 604 618 667 678 715 733 752 754 785 864 937 942 1032 1099 1100 1112 1133 1181 1186 1204
N 1439
 26 30 74 132 227 310 357 360 371 390 393 435 456 497 537 540 772 866 873 887 936 949 1006 1044 1063 1113 1182 1189 1190 1211 1246 1276
N 1440
 25 83 96 140 174 221 282 360 418 419 448 466 478 488 522 556 658 662 793 827 834 981 1007 1021 1069 1098 1110 1118 1139 1247 1253 1270
N 1441
 52 88 147 191 200 217 241 262 308 373 423 427 434 475 508 524 528 552 755 778 814 830 839 898 904 910 942 1025 1052 1177 1186 1222
N 1442
 27 51 55 64 72 175 177 200 212 216 243 343 530 558 606 611 617 659 724 807 859 865 1086 1122 1152 1174 1178 1182 1248 1249 1265 1274
N 1443
 79 120 182 217 257 261 309 382 393 448 454 499 505 640 654 658 695 704 713 739 753 765 953 1009 1022 1027 1039 1040 1117 1118 1177 1207
N 1444
 11 18 57 100 116 179 217 219 246 262 288 337 344 370 399 418 428 490 492 509 648 737 757 860 910 944 967 987 1026 1079 1110 1155
N 1445
 0 6 67 77 82 107 201 206 295 414 523 539 577 619 645 694 702 720 807 848 876 879 891 921 954 1024 1064 1094 1096 1190 1234 1257
N 1446
 13 19 73 169 179 355 374 402 423 487 537 560 580 635 650 689 795 800 915 931 954 961 995 1003 1024 1077 1126 1140 1141 1150 1168 1197
N 1447
 57 59 71 180 224 278 285 315 337 355 397 525 530 542 601 612 625 633 709 763 773 787 810 825 907 997 1013 1125 1159 1176 1201 1203
N 1448
 57 80 123 177 181 194 325 365 420 427 461 474 498 540 644 695 703 715 718 748 762 910 955 956 981 1002 1042 1049 1151 1154 1208 1239
N 1449
 41 44 47 85 184 213 225 247 273 335 389 414 473 585 607 614 636 637 664 723 745 864 870 929 950 975 1004 1119 1150 1233 1245 1274
N 1450
 13 76 117 146 175 181 190 443 452 482 510 515 581 590 649 708 735 736 766 815 853 894 944 985 996 1000 1037 1050 1082 1145 1150 1181
N 1451
 11 41 93 104 108 184 257 293 320 446 454 461 490 493 504 639 662 705 747 803 821 825 885 891 921 938 1064 1065 1088 1255 1277 1279
N 1452
 99 101 119 273 340 347 353 467 485 537 578 579 594 612 613 629 668 708 768 772 790 870 909 1011 1012 1043 1053 1080 1159 1168 1199 1253
N 1453
 36 58 78 115 162 233 263 265 348 353 361 366 432 521 814 831 850 853 895 940 1024 1036 1073 1097 1101 1144 1163 1216 1229 1272 1276 1278
N 1454
 31 48 69 163 168 211 227 331 371 398 413 504 511 512 576 624 666 716 767 778 785 804 1059 1084 1090 1128 1129 1142 1218 1244 1260 1273
N 1455
 58 63 110 357 519 550 611 618 624 638 673 680 700 727 863 876 887 938 944 950 971 983 997 1026 1073 1090 1119 1129 1216 1242 1257 1269
N 1456
 1 118 134 198 240 252 310 340 430 458 464 536 561 633 673 680 732 741 762 813 822 889 910 917 985 1097 1120 1129 1155 1159 1182 1253
N 1457
 18 37 103 139 149 248 255 260 279 299 308 332 351 428 437 452 516 606 639 712 721 777 810 864 884 930 933 943 1036 1058 1074 1248
N 1458
 69 81 112 158 182 186 193 321 330 336 342 351 401 541 620 650 656 678 739 768 822 848 913 963 989 1028 1070 1118 1121 1131 1188 1230
N 1459
 11 80 107 129 175 187 217 221 366 373 388 484 491 633 645 665 677 716 734 741 875 880 891 917 977 991 992 1012 1107 1114 1127 1270
N 1460
 40 43 45 80 86 94 96 123 154 174 198 248 283 307 399 462 463 652 686 692 697 706 780 797 804 950 1011 1037 1228 1240 1248 1257
N 1461
 15 21 26 104 143 181 208 243 261 263 264 269 307 311 330 342 508 574 613 641 669 716 758 834 873 874 923 940 1060 1152 1251 1265
N 1462
 39 51 76 78 142 230 241 248 255 355 399 463 531 563 573 586 647 663 668 677 780 797 817 827 863 872 968 1027 1063 1088 1089 1245
N 1463
 30 96 175 191 210 268 291 299 371 390 391 400 411 461 490 495 514 515 611 648 686 790 794 844 945 1034 1045 1081 1128 1203 1232 1258
N 1464
 66 110 138 175 176 197 231 328 355 361 415 442 481 533 535 579 599 602 664 722 738 756 809 887 888 894 919 942 947 1029 1097 1163
N 1465
 71 97 139 178 187 189 271 329 402 415 477 496 538 567 640 643 655 666 719 741 760 767 795 798 826 850 978 1046 1109 1127 1137 1194
N 1466
 7 33 85 97 184 237 301 344 350 359 370 386 471 550 652 666 696 703 767 775 788 812 858 900 1055 1175 1205 1214 1231 1259 1271 1276
N 1467
 20 31 57 145 168 266 294 319 450 465 488 516 560 580 598 636 647 685 764 777 821 828 877 931 955 956 996 1016 1123 1161 1180 1212
N 1468
 33 43 141 176 266 287 322 332 335 358 427 434 448 524 542 692 760 783 787 793 801 854 869 876 927 969 980 996 1019 1197 1217 1223
N 1469
 28 120 218 266 274 326 327 342 348 422 444 503 570 630 640 670 700 721 780 870 927 941 961 985 1024 1035 1111 1130 1155 1185 1241 1244
N 1470
 93 151 154 210 319 399 411 427 438 447 456 476 487 516 534 661 727 780 912 913 914 918 920 1006 1018 1065 1137 1190 1215 1225 1244 1254
N 1471
 27 35 79 121 154 263 312 351 392 428 454 465 508 605 612 615 680 686 693 703 713 749 915 924 933 953 1013 1014 1027 1062 1082 1265
N 1472
 104 142 199 221 231 277 307 315 347 370 426 470 490 542 564 589 643 782 845 860 865 890 993 1008 1032 1071 1134 1151 1202 1203 1251 1259
N 1473
 9 129 192 209 211 229 237 247 272 273 314 331 363 387 399 428 542 547 630 669 695 867 967 996 1009 1036 1046 1097 1118 1149 1194 1201
N 1474
 8 59 110 131 139 149 318 385 401 485 525 613 614 633 646 681 736 817 852 886 896 946 949 959 997 1005 1055 1092 1153 1178 1235 1236
N 1475
 3 278 299 400 550 576 579 601 611 612 638 650 659 671 685 686 700 736 755 802 881 912 915 995 1056 1083 1157 1165 1168 1172 1248 1271
N 1476
 55 89 142 144 213 328 392 395 426 463 505 527 539 565 579 587 594 615 723 813 861 962 982 999 1004 1034 1108 1119 1121 1127 1138 1232
N 1477
 28 53 199 263 280 288 303 324 334 344 370 458 481 494 521 555 559 594 609 630 744 830 850 980 1045 1082 1090 1094 1134 1208 1223 1233
N 1478
 14 44 63 89 109 132 167 252 290 406 490 583 626 784 794 805 812 830 888 1004 1044 1079 1097 1118 1125 1178 1192 1215 1243 1247 1255 1256
N 1479
 125 137 169 231 233 247 274 279 303 324 362 380 434 455 457 458 486 499 527 599 686 690 707 725 935 960 967 1082 1190 1209 1246 1258
N 1480
 20 67 107 144 147 331 391 397 414 445 453 474 520 540 542 566 575 597 626 632 688 710 978 1050 1080 1110 1112 1121 1151 1199 1245 1275
N 1481
 30 84 101 104 248 409 495 563 572 580 630 639 660 685 768 789 836 882 899 915 983 992 1016 1031 1056 1058 1061 1066 1132 1165 1181 1206
N 1482
 29 36 120 171 188 231 254 259 279 308 312 433 459 498 504 511 566 578 597 678 729 777 778 861 869 938 1045 1105 1110 1120 1141 1248
N 1483
 18 50 63 119 120 172 202 228 248 271 293 363 515 688 692 696 721 757 773 786 859 866 889 965 978 1022 1106 1151 1182 1185 1243 1270
N 1484
 40 63 69 93 94 98 123 150 169 284 339 348 353 472 532 555 592 596 630 638 695 838 841 852 972 1038 1064 1086 1096 1105 1106 1264
N 1485
 24 39 42 87 210 242 248 257 269 282 395 419 451 473 496 498 518 583 586 609 617 630 640 704 727 802 922 1017 1111 1193 1206 1255
N 1486
 12 49 55 95 114 116 126 199 218 285 337 338 358 435 491 499 506 538 553 724 753 756 790 845 930 938 993 1006 1070 1103 1201 1253
N 1487
 17 73 86 88 99 102 109 240 283 429 449 464 489 556 627 649 700 706 713 800 845 848 853 912 939 989 1030 1035 1117 1154 1216 1251
N 1488
 23 59 70 147 238 243 366 442 468 480 564 620 635 753 783 784 792 797 812 828 852 855 856 907 939 1034 1082 1136 1142 1147 1210 1245
N 1489
 48 72 85 106 153 231 312 327 336 398 597 645 677 681 691 726 731 818 830 837 854 884 939 1005 1018 1023 1054 1078 1113 1128 1211 1241
N 1490
 1 135 175 183 196 202 213 317 393 423 431 435 533 599 619 645 649 688 798 882 896 921 924 925 931 934 941 971 973 1137 1162 1240
N 1491
 29 92 95 105 107 177 194 238 271 349 414 482 532 553 570 581 631 637 660 774 791 793 795 835 861 922 958 986 1192 1214 1229 1275
N 1492
 12 68 97 161 170 196 220 249 324 326 358 447 468 472 477 500 506 529 570 670 703 712 747 795 828 916 974 1003 1033 1106 1133 1258
N 1493
 3 90 108 164 177 188 349 375 381 383 392 498 527 646 729 747 889 890 986 997 1052 1064 1083 1096 1109 1114 1144 1167 1200 1216 1226 1241
N 1494
 38 42 44 90 92 152 182 207 217 259 263 368 411 412 478 479 566 599 664 763 768 781 785 842 891 965 1091 1115 1127 1151 1163 1274
N 1495
 57 124 140 150 158 170 182 202 251 292 342 366 445 485 486 630 708 732 752 787 795 829 859 886 922 927 958 1000 1093 1118 1140 1165
N 1496
 8 15 93 112 121 133 136 143 168 190 196 207 427 445 472 473 549 608 660 702 720 753 779 791 842 882 939 1033 1057 1126 1202 1262
N 1497
 47 119 186 238 247 278 387 421 448 450 452 454 462 476 516 521 522 536 576 589 617 672 684 689 829 949 995 1042 1149 1172 1186 1259
N 1498
 62 106 176 177 203 230 252 274 276 278 298 309 474 554 573 625 682 722 816 911 958 970 972 1007 1047 1060 1083 1093 1106 1201 1223 1247
N 1499
 9 10 42 137 172 181 216 222 243 272 280 382 420 453 520 523 585 684 707 718 721 736 770 784 846 876 983 1030 1138 1169 1202 1249
N 1500
 37 66 76 145 149 156 175 219 224 228 243 257 314 336 377 399 457 525 530 580 606 608 651 654 730 739 769 830 917 937 1060 1106
N 1501
 4 30 106 138 202 242 248 279 316 362 402 551 552 556 570 579 664 724 747 763 806 816 863 864 871 952 955 1132 1170 1174 1208 1243
N 1502
 74 244 264 354 481 500 533 574 590 596 633 647 676 735 767 799 806 824 825 873 901 910 932 967 987 989 1095 1110 1113 1169 1175 1209
N 1503
 26 142 173 241 288 329 407 435 516 537 554 634 677 792 797 802 811 813 851 926 932 951 966 968 982 1030 1051 1143 1196 1213 1269 1272
N 1504
 0 73 140 141 160 191 207 211 237 375 404 420 486 526 591 617 618 644 725 730 737 789 820 834 858 978 988 1029 1061 1139 1145 1195
N 1505
 23 62 119 133 161 164 225 277 282 317 323 348 373 435 438 452 585 601 639 683 766 814 817 885 896 921 1001 1111 1178 1195 1229 1272
N 1506
 23 29 31 47 83 156 195 350 558 577 612 702 717 752 759 820 859 980 994 1000 1014 1035 1045 1106 1118 1141 1147 1158 1187 1205 1224 1269
N 1507
 80 106 192 197 219 297 354 398 408 413 438 529 568 627 694 697 698 841 878 906 926 947 972 1024 1025 1070 1138 1160 1220 1241 1245 1278
N 1508
 8 12 32 98 159 168 310 318 352 376 505 511 516 519 571 583 666 669 702 789 816 858 893 917 931 950 974 978 1049 1054 1076 1228
N 1509
 58 155 272 274 279 289 301 309 329 361 477 485 526 527 556 584 646 647 724 749 773 855 979 1001 1038 1047 1080 1096 1110 1167 1171 1232
N 1510
 16 35 40 141 222 257 311 347 352 531 553 565 574 577 580 737 781 789 832 846 851 867 874 917 944 971 1052 1062 1144 1211 1229 1262
N 1511
 16 135 162 180 224 232 300 321 357 410 418 458 491 617 662 669 730 792 804 806 824 975 994 1008 1023 1075 1139 1154 1174 1184 1203 1279
N 1512
 43 76 79 92 96 446 493 568 589 650 657 659 719 753 829 836 843 849 858 911 922 960 974 995 1049 1056 1071 1109 1111 1155 1175 1194
N 1513
 38 111 115 143 155 162 249 300 332 396 432 443 461 473 496 606 624 625 665 715 793 829 931 933 1001 1046 1068 1104 1125 1136 1147 1213
N 1514
 161 226 284 286 351 374 376 423 451 464 528 626 652 662 702 712 724 729 758 886 901 928 1045 1047 1050 1139 1141 1215 1226 1237 1239 1242
N 1515
 0 10 73 103 133 150 302 371 397 409 462 466 507 520 530 539 545 548 575 606 625 662 674 682 714 1032 1101 1188 1194 1195 1238 1265
N 1516
 40 170 175 180 262 271 341 365 452 496 505 543 621 694 702 710 740 810 853 875 891 896 934 991 998 1025 1059 1088 1090 1152 1187 1254
N 1517
 0 45 54 94 117 131 139 149 165 192 193 293 314 353 427 454 459 527 544 601 603 635 700 761 779 845 960 1049 1066 1138 1205 1228
N 1518
 41 124 189 205 249 266 315 323 330 382 490 531 605 613 621 626 640 694 818 836 850 856 879 978 1008 1021 1049 1095 1096 1108 1186 1272
N 1519
 19 211 240 263 266 276 324 334 341 352 400 429 479 515 520 626 642 667 672 696 723 751 876 968 1085 1092 1093 1134 1241 1249 1256 1275
N 1520
 5 73 104 158 229 256 269 285 301 318 346 406 411 413 420 480 482 526 586 619 687 820 860 876 925 950 1033 1089 1145 1158 1212 1276
N 1521
 6 79 104 232 318 336 391 393 395 446 449 489 547 571 594 623 670 687 740 848 921 1001 1032 1043 1060 1166 1194 1208 1222 1224 1231 1277
N 1522
 87 112 117 129 141 154 214 242 256 336 403 524 551 622 661 669 685 702 730 746 816 892 931 948 960 1033 1058 1093 1188 1237 1249 1263
N 1523
 14 17 49 80 87 269 332 450 466 488 534 535 554 565 572 575 677 702 728 755 773 927 1046 1131 1145 1163 1181 1217 1232 1248 1259 1277
N 1524
 65 104 143 180 347 368 407 423 454 494 547 573 580 603 654 658 666 689 691 729 803 814 834 837 864 897 969 1007 1009 1102 1162 1208
N 1525
 45 64 154 177 223 311 370 372 408 428 513 523 537 554 588 639 642 724 823 887 908 929 948 972 1002 1010 1035 1051 1089 1171 1247 1277
N 1526
 18 58 129 137 163 206 279 301 327 362 378 392 453 591 668 669 718 805 825 844 858 901 935 937 1002 1020 1086 1140 1204 1228 1252 1270
N 1527
 42 147 200 241 281 307 314 381 389 459 461 567 596 634 649 655 710 719 743 786 789 791 801 806 849 888 897 985 1002 1117 1164 1277
N 1528
 33 145 148 153 195 229 276 340 341 374 466 562 700 724 735 769 798 804 824 882 906 909 934 950 971 988 1019 1046 1152 1196 1232 1261
N 1529
 9 37 111 189 315 366 379 428 432 471 517 601 626 635 655 671 727 742 794 820 823 827 864 865 911 936 957 1008 1017 1036 1089 1153
N 1530
 29 41 56 63 170 280 289 347 370 392 410 431 474 507 611 634 679 696 709 742 762 791 796 820 831 874 875 921 1013 1072 1149 1214
N 1531
 16 88 124 171 215 216 232 257 314 315 365 367 394 426 512 546 585 645 653 672 681 717 722 782 810 824 894 995 1005 1105 1255 1257
N 1532
 33 105 125 141 157 334 341 395 421 469 475 487 491 538 558 562 637 701 702 731 819 820 856 1015 1037 1060 1114 1144 1193 1194 1216 1271
N 1533
 29 44 54 66 94 137 181 231 232 306 439 460 495 499 542 618 636 643 712 780 798 826 854 876 915 931 967 1015 1034 1100 1205 1275
N 1534
 38 101 133 145 303 331 346 392 401 442 460 474 496 518 581 629 645 692 729 736 753 758 815 839 952 974 990 1019 1020 1068 1193 1235
N 1535
 18 26 203 216 223 224 254 286 325 386 500 547 595 602 618 646 675 727 730 743 813 833 893 899 968 973 1031 1067 1119 1162 1176 1178
N 1536
 7 96 147 159 186 205 276 286 333 455 520 522 542 582 618 662 671 712 719 742 841 880 903 921 927 953 1193 1196 1240 1260 1263 1270
N 1537
 62 108 115 143 172 178 194 223 225 228 266 283 360 382 404 503 510 668 732 826 870 920 968 1040 1049 1154 1166 1170 1197 1199 1231 1276
N 1538
 17 46 160 197 277 299 333 349 360 362 366 368 444 463 478 494 507 532 581 634 665 793 829 861 895 956 1019 1047 1127 1251 1269 1270
N 1539
 38 58 212 234 242 343 353 362 454 563 621 733 737 749 764 798 800 918 961 968 971 1018 1043 1102 1106 1131 1140 1146 1216 1219 1249 1268
N 1540
 31 106 126 132 184 196 261 329 385 396 504 577 622 662 692 733 743 851 974 990 1010 1045 1079 1085 1137 1142 1143 1153 1184 1205 1206 1260
N 1541
 24 79 93 133 149 161 209 309 339 390 430 431 440 470 614 634 711 764 807 916 920 923 941 952 972 1123 1132 1160 1174 1204 1266 1274
N 1542
 5 191 258 298 329 348 356 399 431 438 451 480 531 532 585 619 636 657 679 683 726 796 839 1006 1018 1032 1036 1041 1077 1080 1169 1200
N 1543
 122 136 194 195 220 285 287 313 394 439 465 514 571 594 691 705 750 753 830 860 868 892 911 952 1018 1081 1089 1091 1102 1107 1109 1212
N 1544
 53 75 225 270 282 371 377 385 392 401 456 464 524 571 684 706 721 800 836 879 881 912 928 933 957 1044 1090 1095 1135 1184 1190 1277
N 1545
 38 43 55 152 201 269 322 354 380 401 446 552 649 678 718 814 824 834 860 883 886 889 909 986 1000 1013 1117 1148 1154 1171 1202 1279
N 1546
 3 39 48 101 129 185 241 245 418 457 553 564 575 668 722 767 807 826 873 901 943 951 976 1010 1011 1018 1052 1058 1062 1103 1200 1224
N 1547
 22 28 43 45 188 222 247 251 305 329 348 350 371 387 429 518 535 536 594 597 643 686 715 731 751 778 953 1000 1030 1164 1223 1274
N 1548
 49 81 107 153 167 269 275 367 371 520 549 556 589 638 653 682 787 841 882 916 944 968 980 994 1000 1002 1051 1078 1087 1154 1184 1277
N 1549
 25 34 93 152 161 169 233 284 360 366 367 394 572 595 618 656 690 710 762 763 803 905 925 941 964 992 1084 1094 1180 1201 1238 1254
N 1550
 46 94 130 179 206 218 267 353 385 405 417 439 471 531 533 612 645 673 721 777 873 890 931 1092 1098 1123 1161 1181 1193 1207 1236 1272
N 1551
 19 42 51 150 162 201 206 207 234 278 294 355 373 409 429 442 454 481 544 605 611 730 743 783 859 977 991 1075 1109 1132 1134 1208
N 1552
 3 89 112 128 155 185 188 252 255 260 309 377 378 461 599 604 684 693 717 766 864 905 918 987 1014 1036 1049 1109 1134 1234 1239 1242
N 1553
 100 132 182 187 254 329 353 422 447 455 524 599 628 656 713 721 777 797 840 841 861 889 985 1025 1078 1109 1185 1192 1202 1212 1229 1279
N 1554
 2 43 62 73 95 120 154 161 179 221 311 328 376 429 453 551 592 604 679 764 773 804 824 946 966 1023 1079 1107 1168 1196 1215 1224
N 1555
 79 84 126 136 231 255 264 454 468 543 595 629 640 654 675 677 686 724 737 786 863 871 891 918 1024 1064 1066 1115 1127 1214 1243 1257
N 1556
 33 146 160 168 201 229 262 330 352 402 431 460 464 501 656 665 673 733 787 822 851 904 920 958 966 971 1039 1047 1050 1078 1117 1139
N 1557
 33 52 73 153 156 172 192 206 247 405 446 489 525 526 529 665 680 745 818 827 840 876 892 897 912 973 1008 1029 1088 1158 1185 1187
N 1558
 28 85 138 172 294 309 345 364 417 459 462 482 492 506 509 519 545 587 589 630 665 699 702 761 801 820 896 900 928 994 1041 1099
N 1559
 58 59 85 122 202 223 226 271 319 337 460 515 553 555 611 628 683 704 734 741 783 786 795 801 807 882 887 888 897 1058 1087 1193
N 1560
 41 106 117 246 278 353 358 388 411 417 436 649 701 717 777 822 868 924 927 1074 1092 1108 1126 1131 1164 1175 1191 1222 1236 1237 1273 1278
N 1561
 37 54 186 195 210 229 280 285 324 436 474 495 542 569 608 641 680 726 748 787 793 797 893 906 955 971 977 1038 1042 1118 1145 1252
N 1562
 58 76 86 105 126 158 166 190 229 363 384 411 460 479 546 586 603 605 659 692 703 704 801 838 871 976 1005 1086 1156 1161 1180 1250
N 1563
 4 76 95 110 129 192 221 229 269 311 316 348 351 386 451 515 549 550 579 622 645 703 769 863 902 920 1000 1060 1173 1211 1239 1248
N 1564
 10 41 46 69 109 159 273 288 322 363 475 497 582 636 682 685 736 797 875 879 900 932 935 987 990 1034 1067 1075 1123 1231 1252 1273
N 1565
 57 150 183 205 255 266 273 313 346 389 399 422 452 472 476 526 540 566 714 750 777 796 857 892 927 988 1021 1029 1122 1160 1224 1243
N 1566
 12 36 93 133 178 201 206 209 215 282 351 353 399 450 564 609 678 720 773 811 839 844 847 956 963 971 989 1149 1160 1183 1253 1277
N 1567
 73 83 107 124 151 167 179 259 264 304 317 440 470 492 517 558 574 581 697 789 804 829 858 884 974 983 986 994 1017 1048 1223 1257
N 1568
 7 21 109 112 140 172 245 297 345 372 397 552 571 576 677 703 725 875 885 895 923 950 951 970 1024 1080 1107 1159 1163 1164 1184 1278
N 1569
 13 105 210 218 283 354 381 392 402 409 479 491 514 562 585 600 660 687 745 766 853 887 968 970 1037 1146 1205 1208 1222 1241 1264 1270
N 1570
 0 1 39 152 156 183 209 228 242 290 415 424 435 439 498 657 663 666 699 707 809 855 889 933 941 1013 1018 1033 1134 1164 1205 1211
N 1571
 0 147 215 220 254 290 425 449 470 474 494 498 511 569 608 632 637 702 796 831 890 906 916 921 957 1113 1164 1214 1238 1256 1272 1274
N 1572
 6 76 94 115 125 130 176 192 352 371 404 430 539 552 553 590 597 636 639 678 694 695 709 712 740 779 856 1057 1140 1170 1173 1188
N 1573
 11 98 127 183 197 221 254 287 314 315 371 390 641 644 658 676 775 784 843 879 902 932 952 966 1014 1053 1058 1082 1102 1152 1155 1247
N 1574
 214 326 328 371 377 384 476 489 511 531 570 602 619 635 659 701 731 745 746 785 791 799 803 978 986 1092 1093 1191 1231 1251 1261 1276
N 1575
 18 32 92 109 132 194 214 254 274 396 441 496 526 557 572 647 683 738 861 887 949 1013 1034 1066 1101 1109 1171 1175 1197 1220 1247 1266
N 1576
 16 23 42 77 79 129 163 250 291 358 492 494 499 552 608 653 792 794 842 864 884 933 987 1003 1030 1050 1104 1169 1175 1180 1185 1257
N 1577
 20 23 26 117 230 329 331 423 439 456 493 496 498 539 542 546 612 623 703 730 738 748 873 886 887 934 962 1045 1122 1186 1196 1279
N 1578
 54 79 174 217 234 265 342 367 386 397 439 477 509 539 568 672 735 746 759 778 932 943 961 972 999 1056 1124 1136 1172 1210 1265 1268
N 1579
 59 151 167 304 306 421 425 517 582 588 604 642 678 717 820 864 880 913 945 998 1021 1035 1087 1123 1174 1176 1181 1206 1210 1221 1245 1252
N 1580
 35 44 94 123 140 263 302 313 426 465 540 541 568 569 628 665 810 835 855 915 918 923 989 1027 1063 1162 1164 1181 1205 1240 1244 1260
N 1581
 54 65 82 116 144 161 216 227 251 273 328 363 393 451 456 464 699 741 753 757 834 869 932 968 991 1010 1087 1111 1155 1202 1213 1240
N 1582
 55 199 247 312 313 325 385 411 414 417 443 481 516 557 559 607 610 655 659 676 788 851 891 986 1088 1095 1136 1143 1179 1182 1247 1260
N 1583
 23 83 99 105 214 258 271 307 313 335 365 377 394 396 413 417 480 625 643 675 699 704 772 897 911 931 973 995 1024 1042 1046 1122
N 1584
 188 189 195 218 230 386 401 425 480 487 500 670 671 693 742 756 790 836 860 871 905 914 930 970 1001 1005 1042 1053 1079 1175 1206 1271
N 1585
 43 213 218 238 319 483 515 563 596 600 641 674 691 719 751 789 802 815 830 875 900 924 958 960 963 1052 1059 1075 1115 1127 1202 1256
N 1586
 98 134 197 265 274 294 312 315 344 383 396 414 506 529 610 633 669 676 684 689 692 711 716 762 854 862 881 911 912 979 1212 1262
N 1587
 4 10 15 109 149 154 176 294 337 340 469 489 517 584 597 732 856 857 933 984 1012 1038 1039 1044 1051 1077 1142 1167 1174 1186 1188 1227
N 1588
 55 72 90 135 295 302 351 477 478 508 521 546 573 588 595 614 639 658 703 748 750 772 807 890 897 903 928 935 967 1070 1075 1181
N 1589
 27 66 74 97 111 118 121 190 191 221 275 303 323 364 651 674 683 687 705 715 785 799 832 897 904 929 994 1040 1054 1069 1163 1245
N 1590
 164 272 314 332 344 373 385 392 397 504 554 607 630 702 725 737 752 780 828 843 844 895 911 928 941 1002 1014 1072 1142 1153 1208 1221
N 1591
 29 51 61 68 71 86 90 92 103 236 272 302 342 384 502 524 529 645 670 737 807 858 862 865 924 939 951 953 1068 1157 1235 1272
N 1592
 20 28 59 66 80 115 175 214 234 254 326 339 342 483 500 545 588 615 640 660 731 747 762 841 843 850 870 1041 1130 1145 1173 1266
N 1593
 4 8 66 67 138 151 178 233 325 395 453 488 492 511 569 622 656 668 782 801 840 927 933 1048 1133 1169 1172 1211 1226 1228 1255 1265
N 1594
 58 61 133 134 214 224 250 424 440 443 466 584 654 690 757 763 797 831 842 856 872 889 903 948 999 1036 1097 1098 1124 1139 1183 1263
N 1595
 45 47 131 176 249 332 346 369 380 476 479 482 589 637 650 732 740 773 823 854 945 987 999 1014 1061 1126 1182 1193 1205 1221 1249 1275
N 1596
 35 68 208 212 235 240 258 311 404 412 466 467 496 502 513 545 600 606 608 658 685 689 915 925 941 955 992 997 1063 1094 1136 1181
N 1597
 13 18 37 65 244 258 275 376 414 446 463 604 634 640 646 655 669 685 733 847 889 920 941 989 1006 1045 1126 1208 1214 1230 1232 1242
N 1598
 41 56 58 126 134 232 267 324 507 569 581 587 646 654 669 709 717 728 739 741 744 759 826 832 890 1006 1026 1108 1120 1178 1224 1274
N 1599
 51 90 184 233 240 263 283 365 436 445 459 544 549 554 644 741 749 779 798 802 819 851 853 898 1016 1019 1030 1119 1195 1204 1205 1244
N 1600
 8 20 59 79 134 198 227 288 323 370 388 392 398 432 539 551 574 640 664 681 693 786 793 869 909 925 932 1052 1115 1186 1220 1266
N 1601
 7 14 18 53 85 91 165 210 213 317 320 387 465 484 557 680 715 768 838 876 916 918 1017 1031 1036 1057 1065 1079 1131 1162 1202 1227
N 1602
 56 121 124 166 180 225 308 331 349 358 399 442 506 541 546 548 670 681 704 711 769 774 785 796 812 1018 1046 1059 1168 1205 1226 1235
N 1603
 16 94 154 253 275 287 314 392 401 447 464 508 519 539 606 609 724 765 840 843 893 961 1097 1100 1152 1189 1195 1205 1221 1251 1258 1259
N 1604
 27 45 101 108 152 158 239 280 415 435 481 530 542 566 605 679 704 721 763 770 863 883 955 959 971 983 1069 1133 1141 1142 1143 1203
N 1605
 27 59 72 82 165 190 193 229 235 253 276 307 321 326 332 358 363 385 423 577 723 778 835 892 967 1040 1114 1143 1219 1225 1264 1265
N 1606
 71 111 114 178 213 336 344 346 357 376 385 413 445 578 583 600 601 653 681 817 821 822 899 929 932 1018 1104 1146 1151 1188 1260 1271
N 1607
 22 41 65 127 192 198 268 350 361 364 368 422 458 463 522 558 575 596 604 660 808 865 869 876 906 928 937 957 968 977 1015 1264
N 1608
 17 30 67 80 198 207 217 286 314 334 422 462 512 542 589 601 635 662 663 676 754 836 856 863 873 1020 1049 1117 1136 1170 1174 1275
N 1609
 82 107 135 184 191 241 259 260 289 334 422 480 483 560 594 619 629 633 754 771 779 838 857 978 1031 1058 1143 1158 1171 1189 1272 1275
N 1610
 6 10 109 183 195 248 281 344 369 372 418 431 454 541 610 659 786 803 813 871 880 945 963 990 1000 1024 1034 1041 1076 1084 1209 1265
N 1611
 36 104 122 163 173 277 280 429 437 467 496 500 536 563 576 637 721 813 857 858 879 891 929 975 987 1050 1052 1069 1109 1128 1150 1222
N 1612
 11 38 47 86 110 181 345 355 384 388 390 411 440 510 517 529 569 598 644 702 715 751 819 848 877 897 1016 1058 1100 1113 1117 1118
N 1613
 19 46 135 138 186 256 310 397 404 483 528 534 574 632 642 648 672 675 685 722 768 946 964 982 1029 1037 1077 1105 1121 1137 1174 1195
N 1614
 37 63 81 84 120 179 184 185 219 286 297 323 333 375 384 428 481 583 618 709 765 838 857 943 1009 1034 1076 1168 1219 1246 1257 1265
N 1615
 20 69 119 120 125 157 162 274 276 289 334 352 424 504 517 631 696 839 897 924 932 979 1025 1054 1064 1128 1130 1156 1175 1194 1200 1232
N 1616
 47 69 99 189 194 295 361 389 440 462 489 510 592 659 681 726 734 735 770 792 798 868 876 905 945 949 975 1011 1062 1077 1148 1229
N 1617
 13 32 64 83 94 111 121 255 259 300 357 424 511 517 561 577 594 664 671 682 695 765 806 825 836 876 928 950 999 1014 1081 1124
N 1618
 45 63 114 134 166 198 240 260 264 324 341 377 439 490 514 535 560 621 752 833 840 845 847 849 913 963 988 1083 1085 1127 1214 1253
N 1619
 48 54 97 312 327 352 368 388 409 467 601 609 641 724 747 809 857 868 905 930 939 960 989 1011 1012 1015 1062 1079 1232 1239 1246 1266
N 1620
 59 99 140 146 194 236 267 323 427 429 437 497 505 514 535 554 576 691 723 767 825 908 948 1006 1056 1065 1108 1112 1141 1190 1224 1238
N 1621
 125 157 204 239 252 271 287 341 377 408 416 463 592 647 648 753 762 802 831 881 923 970 980 987 1001 1015 1049 1077 1097 1156 1179 1180
N 1622
 9 36 65 71 270 273 275 281 307 308 346 357 372 377 380 534 535 599 651 693 728 731 787 792 823 1005 1015 1062 1126 1158 1189 1275
N 1623
 7 100 106 128 205 274 326 366 420 627 657 667 696 703 722 756 808 883 981 986 987 990 1048 1079 1083 1091 1107 1155 1173 1189 1193 1252
N 1624
 117 164 323 331 339 374 382 437 500 527 540 549 575 594 854 880 881 936 956 960 992 1076 1089 1093 1119 1138 1143 1149 1204 1222 1276 1279
N 1625
 1 38 59 206 243 267 315 398 400 409 441 502 571 671 689 750 805 867 872 907 912 915 981 992 1025 1068 1127 1134 1161 1199 1210 1217
N 1626
 8 56 73 87 104 122 127 181 220 255 279 315 321 404 419 481 492 520 521 532 817 877 925 935 951 969 1015 1022 1075 1093 1175 1263
N 1627
 53 74 123 133 326 387 418 489 583 605 644 683 684 717 758 762 778 792 809 840 883 885 922 936 961 1047 1063 1088 1140 1204 1220 1246
N 1628
 52 84 99 103 160 168 203 215 282 305 563 622 681 684 747 781 825 856 869 879 891 952 999 1000 1017 1018 1141 1159 1160 1187 1206 1234
N 1629
 31 89 99 217 312 381 586 607 661 693 695 703 713 748 781 786 893 939 986 997 1037 1043 1069 1081 1113 1117 1133 1145 1150 1160 1255 1256
N 1630
 23 26 43 72 116 136 202 219 285 292 402 412 452 531 564 576 605 607 695 726 739 755 785 876 946 962 1035 1073 1074 1107 1173 1242
N 1631
 2 57 107 109 110 136 161 220 259 296 364 447 488 493 514 568 618 620 625 628 648 660 686 689 720 727 733 748 760 775 1003 1270
N 1632
 35 46 49 56 69 101 135 161 181 199 400 589 593 607 673 684 690 705 815 816 884 941 942 962 989 1003 1083 1116 1123 1139 1200 1208
N 1633
 65 110 180 211 227 248 305 320 351 380 403 452 484 556 584 669 677 680 688 811 828 917 936 994 997 1111 1141 1144 1148 1165 1191 1278
N 1634
 49 101 117 142 145 178 210 257 292 306 337 355 393 433 457 470 537 553 566 618 707 801 839 894 1072 1079 1106 1148 1151 1214 1240 1252
N 1635
 40 97 130 237 272 297 303 330 332 349 420 444 454 529 548 615 619 718 777 836 937 940 960 1008 1019 1087 1099 1185 1212 1218 1230 1237
N 1636
 5 13 22 25 26 39 43 123 181 189 264 275 334 361 379 408 412 413 562 663 668 740 787 948 967 970 999 1011 1019 1020 1046 1263
N 1637
 25 37 52 137 208 224 333 338 348 351 354 394 503 538 590 624 633 651 682 745 760 783 805 880 923 982 991 1002 1072 1102 1104 1215
N 1638
 36 102 174 177 195 205 239 248 296 345 369 403 437 453 517 601 604 669 694 710 755 770 808 855 978 988 1097 1104 1149 1233 1260 1262
N 1639
 4 49 65 242 300 365 421 476 497 544 559 563 572 574 587 639 657 658 696 757 769 848 884 909 1044 1052 1055 1079 1091 1172 1173 1267
N 1640
 57 70 112 137 187 198 308 426 513 539 570 657 684 713 756 774 826 894 1002 1051 1057 1066 1072 1089 1098 1106 1118 1168 1179 1193 1230 1250
N 1641
 103 116 157 182 208 216 266 300 310 320 331 338 386 395 500 549 550 555 557 584 634 638 724 748 769 793 1001 1126 1139 1180 1211 1227
N 1642
 30 115 133 205 236 239 240 246 268 387 394 420 428 467 476 518 596 638 671 691 771 773 823 844 853 898 938 959 1023 1110 1198 1271
N 1643
 48 87 91 144 148 168 187 239 277 305 356 378 383 421 451 549 555 580 599 601 617 634 697 704 772 777 905 965 1081 1092 1170 1182
N 1644
 6 67 116 138 141 145 161 225 271 291 297 331 355 371 390 398 419 521 591 675 723 799 849 978 1007 1015 1038 1039 1063 1081 1176 1269
N 1645
 26 46 108 163 169 271 276 306 416 426 435 451 511 513 518 554 582 605 745 794 799 833 851 872 889 892 1072 1126 1130 1221 1250 1268
N 1646
 7 51 61 129 199 220 223 357 376 547 572 758 816 833 835 841 859 884 893 899 914 917 957 976 1014 1074 1123 1162 1186 1194 1224 1248
N 1647
 38 51 179 204 234 270 315 413 456 481 509 512 514 552 656 689 723 740 745 787 805 878 938 952 991 1029 1083 1099 1124 1155 1169 1238
N 1648
 59 115 134 203 229 253 285 324 365 416 426 446 495 530 557 575 601 651 655 835 868 880 965 980 993 994 1031 1037 1063 1070 1114 1271
N 1649
 28 45 48 69 125 128 262 300 318 343 366 444 457 467 471 546 561 573 706 763 778 825 828 832 837 955 968 969 1066 1118 1130 1191
N 1650
 1 24 124 221 249 259 280 330 347 410 475 526 567 581 603 607 620 622 628 632 649 665 742 758 818 835 836 1006 1039 1057 1201 1229
N 1651
 23 131 160 163 191 193 211 219 224 257 372 411 448 463 575 706 711 825 859 878 902 903 948 981 994 1116 1119 1125 1135 1191 1219 1237
N 1652
 83 94 105 111 171 197 211 267 316 318 423 522 528 565 603 615 626 629 635 739 797 816 819 830 919 948 976 1057 1066 1183 1199 1254
N 1653
 3 28 50 83 97 113 204 220 240 245 264 297 299 326 375 440 445 458 527 639 680 707 843 880 1007 1028 1051 1054 1076 1119 1139 1233
N 1654
 14 72 81 149 150 164 175 178 192 204 283 288 296 362 373 494 560 572 779 780 878 930 946 994 1031 1046 1047 1097 1142 1149 1247 1270
N 1655
 2 24 58 64 77 117 231 235 250 251 324 342 403 514 580 590 594 608 612 640 683 763 787 849 854 1038 1051 1087 1131 1138 1160 1176
N 1656
 94 215 216 222 242 257 267 325 416 455 469 518 540 566 664 685 690 719 729 766 776 778 795 815 840 843 868 904 962 1086 1261 1263
N 1657
 48 186 236 272 290 344 356 367 395 414 421 451 473 486 487 504 506 536 543 547 639 652 656 701 716 865 1085 1102 1106 1164 1234 1238
N 1658
 31 47 68 120 241 289 384 488 493 505 534 562 573 607 626 636 697 728 757 778 802 808 852 936 938 952 1037 1082 1183 1199 1228 1239
N 1659
 69 117 156 187 195 205 235 272 273 274 447 494 513 678 722 771 800 833 875 904 937 1003 1029 1070 1084 1088 1098 1102 1109 1132 1197 1275
N 1660
 141 166 207 254 262 263 297 382 418 479 491 498 519 596 643 674 697 729 737 808 827 879 906 971 984 986 1043 1060 1111 1155 1196 1240
N 1661
 79 103 114 132 159 200 214 239 322 357 428 468 485 615 645 692 733 805 854 861 862 869 880 905 917 951 982 993 1119 1120 1137 1201
N 1662
 82 116 154 249 255 316 339 364 395 412 436 444 448 469 495 497 521 560 590 688 708 714 1016 1061 1086 1149 1166 1200 1257 1263 1266 1272
N 1663
 180 186 198 233 283 335 359 375 395 400 408 451 533 573 602 653 679 690 745 765 821 838 917 921 992 996 1038 1111 1174 1196 1214 1270
N 1664
 40 64 81 89 200 220 224 255 282 300 301 317 363 510 662 744 783 806 855 888 891 908 926 943 1006 1051 1056 1100 1134 1166 1205 1206
N 1665
 52 81 87 154 305 377 447 462 533 536 543 551 642 649 663 775 777 797 861 870 882 902 910 988 1115 1150 1162 1163 1189 1218 1241 1262
N 1666
 13 16 30 32 61 73 75 76 92 96 117 148 160 181 209 253 255 274 333 363 422 512 871 985 989 1008 1009 1067 1080 1085 1119 1216
N 1667
 5 19 68 120 153 203 250 304 341 362 384 391 420 423 426 481 494 556 567 720 727 776 882 886 946 965 979 1066 1079 1089 1126 1248
N 1668
 3 16 50 106 107 315 317 333 407 419 441 468 478 551 557 726 728 739 761 774 822 867 900 901 1101 1135 1150 1194 1230 1247 1251 1259
N 1669
 19 53 118 138 183 191 229 271 302 343 386 387 413 444 468 488 510 523 615 670 708 870 885 1002 1005 1028 1039 1061 1192 1203 1227 1252
N 1670
 64 82 101 153 200 201 262 321 335 441 456 502 526 538 572 700 711 714 745 790 837 908 919 994 998 1016 1115 1182 1201 1246 1248 1255
N 1671
 51 74 130 140 143 144 275 288 297 364 378 643 686 705 734 743 753 755 817 818 828 834 846 871 878 947 973 991 1041 1077 1120 1177
N 1672
 6 50 108 150 201 232 245 303 333 352 362 370 394 443 512 522 582 599 668 698 700 775 782 867 879 883 891 943 958 1096 1139 1156
N 1673
 10 116 123 212 353 356 373 455 460 482 572 577 587 627 662 709 749 762 774 779 845 865 868 1079 1137 1147 1154 1186 1209 1210 1214 1257
N 1674
 88 176 200 212 299 415 493 501 508 544 552 576 596 616 673 735 768 834 943 963 1055 1069 1112 1117 1135 1166 1206 1213 1215 1244 1245 1277
N 1675
 53 92 124 131 195 335 345 417 464 472 497 519 547 561 567 591 603 629 757 797 807 829 846 851 869 885 962 1150 1165 1186 1238 1265
N 1676
 4 52 135 179 202 228 235 283 362 372 388 542 547 600 626 631 661 688 765 766 811 861 891 924 940 967 1000 1091 1124 1137 1171 1195
N 1677
 75 76 205 218 222 229 231 249 258 307 399 418 446 461 486 505 617 629 744 759 846 872 911 976 1015 1064 1167 1189 1218 1251 1274 1275
N 1678
 9 22 45 141 176 219 224 266 315 361 402 431 438 460 530 551 630 647 697 722 766 798 826 834 1013 1073 1083 1150 1165 1187 1227 1276
N 1679
 3 20 36 77 93 100 104 152 155 233 275 341 369 404 430 610 637 725 731 736 749 755 794 854 874 908 990 1017 1099 1126 1152 1271
N 1680
 6 35 76 77 98 107 164 216 255 302 304 401 432 472 531 624 654 683 729 759 856 891 899 931 954 998 1034 1036 1085 1153 1164 1175
N 1681
 7 58 152 224 539 540 556 591 622 631 666 676 710 719 741 754 782 783 788 812 832 888 916 928 943 968 977 1030 1072 1124 1195 1225
N 1682
 36 79 110 115 123 172 296 323 370 410 477 492 537 544 545 579 637 664 714 740 792 805 862 913 940 966 977 1102 1157 1208 1212 1269
N 1683
 1 8 10 115 166 369 370 484 488 536 544 614 659 663 690 699 705 726 762 823 863 889 893 915 994 1079 1096 1124 1179 1181 1212 1223
N 1684
 13 19 75 78 123 160 213 219 264 272 291 295 311 368 425 542 547 573 587 621 727 749 759 806 829 957 973 977 986 1040 1046 1092
N 1685
 45 116 127 164 178 212 215 284 286 301 367 458 514 519 526 625 648 681 720 758 763 778 847 937 948 1020 1065 1094 1109 1110 1113 1223
N 1686
 5 39 122 129 143 186 194 223 234 279 322 360 462 464 487 519 534 545 563 587 616 655 657 671 689 690 1093 1125 1128 1138 1197 1220
N 1687
 21 69 136 146 217 270 277 283 345 376 379 488 509 614 615 621 649 716 803 847 898 924 927 976 981 999 1006 1059 1155 1224 1270 1275
N 1688
 38 116 132 157 164 177 275 414 449 493 555 622 652 697 717 722 723 767 801 885 890 908 918 992 995 1013 1063 1078 1090 1121 1167 1245
N 1689
 12 75 159 205 209 299 333 336 347 363 565 570 582 585 594 600 606 615 722 730 741 827 843 866 900 988 1014 1133 1225 1268 1273 1274
N 1690
 2 62 93 119 162 172 202 283 316 327 375 382 437 453 464 486 552 584 602 660 678 683 779 828 874 951 997 1068 1094 1243 1263 1273
N 1691
 66 116 243 245 250 257 291 303 327 383 389 415 424 432 439 463 502 532 588 598 619 635 665 745 786 845 963 975 1069 1184 1187 1235
N 1692
 13 49 72 125 133 158 163 186 238 300 408 444 475 524 549 553 586 673 694 711 765 784 809 850 854 868 935 1027 1050 1127 1164 1258
N 1693
 21 26 29 42 61 93 98 139 256 379 508 555 582 604 642 644 739 843 919 948 1009 1012 1058 1064 1098 1102 1108 1133 1158 1205 1243 1254
N 1694
 64 135 181 231 286 317 319 325 404 419 506 529 540 545 572 598 725 767 794 835 841 856 881 892 901 938 957 972 1007 1059 1077 1218
N 1695
 91 96 161 165 244 247 255 346 371 377 379 393 441 467 468 566 585 663 676 681 736 865 915 918 963 991 1010 1035 1143 1185 1220 1253
N 1696
 82 111 149 157 245 268 286 334 459 479 489 591 605 630 663 691 751 781 786 819 823 850 896 975 982 1017 1037 1057 1058 1124 1135 1277
N 1697
 5 11 19 188 270 348 405 453 459 461 475 482 523 546 589 606 652 655 694 716 754 853 869 886 932 986 1008 1103 1227 1236 1255 1262
N 1698
 49 152 210 211 228 287 339 398 399 447 467 523 531 539 575 620 708 711 728 801 809 812 819 872 882 956 1140 1142 1197 1209 1252 1279
N 1699
 21 22 29 35 44 64 106 114 156 187 253 305 332 465 526 544 548 573 602 617 649 692 755 804 875 933 964 993 1008 1091 1136 1147
N 1700
 93 121 143 151 174 202 238 355 395 426 443 468 483 519 520 564 572 646 670 687 784 837 900 946 955 1027 1052 1070 1152 1210 1224 1267
N 1701
 39 73 92 194 197 216 246 303 333 490 507 591 652 688 847 858 871 902 905 917 920 942 944 1011 1074 1080 1155 1158 1211 1223 1236 1239
N 1702
 27 48 60 96 115 164 249 289 303 406 468 502 551 557 563 621 687 726 738 758 819 849 907 1015 1023 1074 1095 1109 1131 1174 1199 1258
N 1703
 45 94 106 214 257 269 367 414 439 456 464 471 493 503 516 574 682 716 733 771 845 874 881 915 941 1007 1052 1060 1100 1195 1216 1279
N 1704
 27 83 129 144 176 187 212 232 236 238 262 407 568 575 600 672 715 719 747 815 850 892 906 954 1014 1030 1044 1068 1094 1146 1166 1236
N 1705
 5 8 107 148 180 204 206 238 254 261 274 290 297 298 420 554 577 583 585 645 657 662 775 816 930 953 964 967 992 1068 1099 1214
N 1706
 3 18 66 77 122 176 293 321 412 433 497 533 635 729 738 765 767 776 801 805 863 937 938 954 966 972 1013 1041 1094 1115 1203 1228
N 1707
 6 12 19 102 199 204 215 220 276 280 368 392 487 533 568 592 616 628 671 684 734 735 777 812 834 862 890 957 1152 1219 1225 1274
N 1708
 27 68 245 262 265 270 329 373 375 455 476 546 608 658 742 749 792 826 841 857 899 906 939 946 958 974 1009 1033 1055 1100 1211 1250
N 1709
 3 52 63 84 90 162 178 248 250 258 307 313 314 337 420 479 526 576 593 594 603 604 638 764 779 822 887 914 942 1082 1122 1149
N 1710
 20 22 187 363 364 370 530 564 615 618 630 672 734 735 795 830 835 894 900 935 997 1001 1002 1018 1033 1047 1083 1106 1160 1172 1236 1270
N 1711
 17 111 125 135 182 207 278 295 338 347 364 422 425 465 470 507 550 557 654 764 822 859 866 959 960 969 980 1033 1129 1235 1251 1260
N 1712
 10 48 88 110 112 113 137 196 232 236 261 296 336 371 411 576 590 636 666 790 826 845 864 899 928 1045 1121 1148 1172 1195 1217 1258
N 1713
 34 41 144 151 281 295 302 374 376 400 406 507 527 546 619 670 676 758 774 808 816 824 872 914 975 986 990 998 1022 1146 1162 1217
N 1714
 0 188 210 233 238 259 269 285 286 318 409 427 528 595 598 625 628 695 714 759 810 841 857 896 936 970 1023 1051 1062 1124 1148 1233
N 1715
 2 3 11 103 113 118 121 149 150 157 274 304 330 382 408 441 507 557 660 714 722 734 744 774 905 929 946 966 1036 1074 1160 1190
N 1716
 5 25 68 74 76 104 197 258 286 290 374 396 410 494 499 503 512 591 610 641 642 661 722 927 935 954 1020 1088 1111 1151 1161 1174
N 1717
 3 16 27 46 100 183 199 217 266 376 400 419 430 455 478 610 652 706 719 770 771 788 906 912 934 1004 1056 1063 1105 1152 1186 1274
N 1718
 33 52 91 148 193 267 299 383 411 432 438 469 522 605 639 714 722 750 818 949 974 980 993 1023 1116 1130 1142 1147 1213 1228 1232 1273
N 1719
 21 57 64 78 84 99 272 323 333 337 350 381 443 464 492 636 677 761 785 799 833 895 968 1016 1038 1044 1062 1178 1187 1218 1223 1235
N 1720
 12 18 24 103 246 247 290 350 493 502 521 667 705 707 718 725 748 767 820 828 831 839 861 867 947 963 983 989 995 1138 1180 1217
N 1721
 7 44 57 97 145 154 168 178 205 284 296 316 343 430 453 482 517 529 545 651 732 779 861 953 969 992 1028 1094 1105 1204 1254 1274
N 1722
 110 167 193 226 275 280 354 376 391 398 470 489 491 616 633 644 651 707 727 766 813 934 1000 1026 1032 1045 1090 1108 1126 1177 1199 1272
N 1723
 20 24 44 52 59 102 131 170 258 372 498 575 598 657 674 689 694 709 710 714 723 736 754 793 832 903 946 949 1129 1180 1192 1234
N 1724
 9 21 63 114 176 211 217 275 306 324 347 350 399 401 440 518 524 590 593 639 644 718 788 811 977 1090 1161 1192 1209 1213 1264 1279
N 1725
 14 59 122 167 174 190 192 205 218 275 287 316 349 400 415 475 513 535 577 610 682 813 836 890 924 958 1046 1098 1150 1165 1183 1200
N 1726
 70 79 169 184 196 206 289 320 365 405 416 426 492 517 596 647 726 732 792 793 814 815 844 905 912 972 1028 1035 1044 1157 1205 1267
N 1727
 16 24 100 115 127 137 169 177 189 190 222 252 296 370 506 526 545 578 668 713 830 849 918 978 1008 1010 1033 1041 1043 1082 1119 1203
N 1728
 2 81 160 196 237 311 337 471 504 505 509 517 594 595 604 740 785 816 887 901 919 930 961 1044 1074 1141 1153 1164 1183 1244 1272 1273
N 1729
 111 216 246 300 316 321 365 470 510 519 551 578 592 617 637 656 673 692 784 862 869 883 886 894 916 919 951 963 996 1055 1202 1277
N 1730
 120 220 256 282 396 416 461 477 507 540 560 604 622 643 714 735 756 776 777 819 896 902 936 951 982 1024 1034 1044 1070 1126 1207 1249
N 1731
 44 65 82 83 101 120 199 218 244 315 320 354 390 413 438 597 643 650 748 857 929 941 955 996 1014 1052 1059 1126 1131 1156 1186 1253
N 1732
 11 57 89 98 103 119 196 226 268 291 313 391 508 580 587 655 692 700 755 760 771 776 777 877 896 916 927 1043 1057 1185 1236 1268
N 1733
 25 69 90 107 117 142 157 199 264 351 362 388 548 564 604 673 712 753 768 772 814 816 945 950 1078 1088 1089 1104 1158 1167 1170 1172
N 1734
 7 31 32 73 77 146 149 184 218 250 257 409 414 428 438 527 550 717 756 757 787 918 940 959 975 1085 1095 1101 1147 1157 1234 1255
N 1735
 46 60 66 115 223 253 366 401 522 528 544 547 566 606 618 641 660 671 706 735 751 755 788 893 1058 1081 1099 1161 1173 1185 1203 1268
N 1736
 36 48 67 190 222 368 445 476 500 508 524 528 529 532 560 577 596 694 714 727 743 758 832 834 944 985 1063 1071 1119 1122 1241 1244
N 1737
 7 102 134 148 156 187 310 312 354 376 386 387 394 462 499 538 638 662 743 745 767 777 789 1029 1077 1118 1119 1170 1180 1185 1196 1255
N 1738
 4 65 139 156 185 211 258 270 363 553 591 615 623 679 840 881 888 901 924 960 976 1030 1068 1095 1108 1113 1134 1159 1199 1224 1229 1236
N 1739
 0 2 15 64 72 100 114 173 219 251 330 338 367 436 482 484 503 511 552 582 635 658 723 765 1036 1048 1074 1082 1165 1169 1191 1244
N 1740
 4 16 26 58 80 132 187 226 231 255 263 280 306 419 495 499 551 592 669 754 818 868 869 936 943 978 1142 1167 1171 1179 1215 1249
N 1741
 124 160 170 178 214 282 383 384 413 437 531 571 612 668 697 763 801 802 907 954 984 1012 1041 1047 1049 1052 1099 1100 1172 1235 1239 1248
N 1742
 15 100 181 207 309 379 414 440 465 476 495 501 502 604 632 671 710 742 764 789 805 814 827 936 998 1003 1020 1022 1112 1193 1198 1256
N 1743
 21 40 72 79 83 127 201 250 320 340 354 374 428 443 454 457 464 475 554 805 817 903 982 1046 1067 1079 1085 1135 1161 1168 1192 1274
N 1744
 14 46 56 81 166 179 196 263 321 369 394 555 621 624 628 653 681 690 716 770 808 836 947 951 955 1035 1042 1047 1151 1219 1264 1279
N 1745
 14 91 109 154 196 258 268 290 455 473 525 530 579 672 708 770 842 879 895 984 1046 1052 1063 1064 1074 1075 1103 1107 1175 1190 1204 1266
N 1746
 28 39 137 156 222 286 298 304 308 311 460 534 567 597 634 648 676 695 727 798 908 964 983 1087 1088 1098 1105 1211 1224 1237 1241 1273
N 1747
 35 67 85 113 125 192 212 284 291 347 406 505 568 616 737 770 804 810 811 855 1057 1071 1104 1116 1136 1153 1164 1206 1269 1273 1276 1278
N 1748
 5 12 77 140 144 151 156 168 246 276 290 340 352 355 379 483 491 501 654 733 833 908 954 970 1005 1092 1095 1163 1193 1198 1213 1241
N 1749
 17 24 57 79 126 160 206 302 370 410 434 438 462 471 569 727 775 855 876 964 990 999 1023 1025 1065 1066 1097 1099 1178 1224 1225 1245
N 1750
 42 44 150 177 201 252 338 346 389 417 509 558 634 684 736 761 769 820 862 863 881 916 963 1009 1070 1075 1144 1203 1206 1217 1251 1269
N 1751
 57 74 99 108 119 188 214 357 425 537 552 557 647 668 695 726 735 883 921 944 949 958 989 990 1002 1016 1064 1070 1086 1125 1203 1267
N 1752
 18 30 66 90 126 127 146 186 209 228 305 323 388 446 455 608 718 752 779 843 857 884 929 982 1005 1044 1054 1089 1110 1175 1230 1250
N 1753
 57 116 124 131 232 302 304 330 349 424 479 485 568 627 631 641 690 716 719 764 799 800 874 914 916 923 940 942 948 1099 1181 1264
N 1754
 93 156 157 185 229 246 251 283 327 357 361 362 404 415 461 520 528 543 581 607 740 741 801 944 975 999 1104 1107 1166 1168 1196 1273
N 1755
 9 10 167 206 301 343 360 378 385 423 429 435 462 522 680 756 790 931 959 986 1021 1035 1095 1104 1129 1139 1152 1158 1196 1206 1244 1251
N 1756
 3 9 65 112 125 173 182 189 211 250 346 414 478 488 517 540 632 697 779 782 787 859 861 879 928 945 962 973 1064 1160 1196 1255
N 1757
 10 16 127 146 169 175 203 211 220 349 366 513 562 578 601 638 694 698 709 788 808 870 884 893 946 984 1017 1032 1125 1179 1209 1261
N 1758
 60 84 139 153 187 220 301 325 344 349 398 516 537 564 597 625 634 689 702 705 864 1015 1032 1041 1043 1046 1053 1138 1146 1160 1184 1195
N 1759
 130 145 162 249 306 331 356 374 398 441 469 472 537 664 679 681 768 822 826 934 958 975 1004 1076 1107 1145 1146 1151 1152 1179 1258 1271
N 1760
 161 190 208 223 250 272 302 309 312 358 418 424 447 460 478 480 514 623 804 817 838 854 878 881 942 990 1004 1077 1115 1122 1200 1222
N 1761
 6 86 104 105 143 207 209 357 394 421 423 457 534 554 582 603 629 655 757 796 871 872 893 966 999 1075 1078 1150 1174 1177 1223 1232
N 1762
 20 30 35 128 131 240 267 290 382 443 477 507 521 597 702 723 731 760 782 788 819 840 900 919 963 982 1040 1073 1136 1144 1263 1275
N 1763
 62 101 131 258 281 285 388 486 503 525 565 669 765 771 804 820 859 862 870 871 903 964 968 982 1025 1084 1087 1141 1150 1207 1230 1273
N 1764
 13 23 49 128 139 294 338 343 403 429 465 496 506 511 517 532 547 560 691 762 808 823 838 911 941 983 986 989 1068 1117 1200 1260
N 1765
 20 34 44 107 130 146 229 244 258 372 432 434 458 487 541 546 548 571 604 616 693 898 947 1021 1035 1103 1128 1137 1187 1207 1225 1233
N 1766
 78 136 186 202 228 309 381 394 402 413 455 475 491 540 738 751 754 792 805 817 824 867 898 914 924 990 1095 1137 1157 1166 1248 1274
N 1767
 39 87 99 164 278 281 314 341 358 476 484 508 565 607 656 681 711 790 830 925 951 956 957 981 1040 1116 1117 1125 1177 1223 1233 1278
N 1768
 36 45 65 105 152 154 183 201 216 261 361 380 475 533 571 697 758 775 832 852 859 867 930 970 1018 1031 1067 1081 1138 1171 1218 1220
N 1769
 10 15 58 77 108 337 353 373 443 457 476 492 614 641 659 673 691 694 713 748 764 802 864 894 903 1007 1037 1044 1054 1122 1132 1222
N 1770
 31 64 112 134 138 185 263 295 298 315 333 361 441 456 460 522 524 819 826 927 934 937 1009 1028 1035 1056 1099 1129 1170 1173 1199 1257
N 1771
 18 29 34 48 54 111 142 184 207 237 257 272 282 391 405 478 532 654 687 693 710 891 934 938 982 1057 1105 1168 1214 1264 1266 1279
N 1772
 96 211 212 230 239 304 322 328 333 342 471 495 513 605 614 643 665 674 760 773 780 783 820 855 874 905 950 1013 1025 1137 1160 1209
N 1773
 61 70 80 169 189 195 236 282 284 331 344 411 426 440 479 523 571 622 688 700 773 787 866 877 961 1010 1028 1157 1166 1187 1240 1261
N 1774
 1 2 114 183 343 427 525 556 655 723 740 809 849 858 904 910 923 934 988 1002 1068 1118 1146 1159 1183 1194 1227 1262 1263 1266 1267 1273
N 1775
 10 56 255 377 408 428 437 540 548 560 572 593 656 672 674 742 749 772 816 862 866 897 913 914 992 1016 1181 1212 1213 1226 1237 1242
N 1776
 8 60 186 279 319 355 366 395 440 488 494 533 535 682 695 717 721 773 790 855 860 882 930 1015 1129 1150 1159 1171 1196 1208 1225 1250
N 1777
 39 55 66 253 261 284 296 308 356 417 431 435 458 471 535 624 625 633 730 734 771 776 800 809 825 904 1036 1055 1072 1123 1244 1260
N 1778
 14 33 122 157 170 200 239 327 331 379 402 410 445 458 479 489 590 595 659 666 704 741 751 783 807 857 869 985 990 1097 1252 1267
N 1779
 163 177 282 353 411 449 458 463 465 481 496 538 570 585 645 796 806 833 885 940 992 999 1027 1093 1101 1141 1169 1180 1200 1222 1240 1262
N 1780
 6 76 81 166 170 189 240 259 332 347 365 416 451 468 568 592 602 650 655 674 758 814 890 1033 1051 1108 1124 1159 1231 1232 1241 1268
N 1781
 9 31 66 94 151 189 227 242 265 277 374 418 468 495 577 642 692 746 782 818 835 846 931 953 957 975 988 1009 1044 1050 1065 1237
N 1782
 4 19 74 145 160 177 192 196 246 266 295 300 308 317 328 566 578 621 666 699 745 792 793 829 879 974 1031 1087 1102 1104 1151 1235
N 1783
 10 274 317 390 401 417 553 596 620 644 728 920 941 962 964 994 996 1023 1026 1027 1052 1056 1059 1092 1098 1140 1150 1179 1183 1192 1207 1271
N 1784
 35 54 161 222 242 245 251 260 297 299 328 363 552 569 587 708 732 752 781 782 861 890 923 935 960 1000 1172 1181 1230 1242 1253 1272
N 1785
 5 7 113 115 200 218 254 301 305 363 462 511 542 648 651 711 725 738 742 786 884 889 893 956 1034 1068 1073 1078 1091 1116 1248 1278
N 1786
 51 118 212 256 259 289 310 335 345 363 449 450 453 551 554 625 636 650 739 748 777 791 970 1066 1122 1144 1148 1176 1209 1219 1225 1242
N 1787
 48 60 123 246 249 277 327 351 363 382 469 486 498 558 590 606 624 692 761 775 838 852 937 964 1086 1092 1098 1108 1111 1132 1169 1234
N 1788
 74 90 111 122 150 190 255 307 395 398 404 417 472 478 567 582 609 648 662 665 750 761 887 956 976 1013 1137 1145 1160 1191 1219 1277
N 1789
 3 60 98 111 180 193 198 223 241 258 269 307 350 407 420 497 503 522 536 593 667 689 712 773 779 850 914 934 940 1116 1181 1272
N 1790
 11 62 174 227 270 329 393 397 444 553 567 632 652 657 677 683 807 813 831 851 860 877 990 1034 1054 1116 1144 1156 1180 1195 1250 1267
N 1791
 14 30 114 134 145 264 326 347 405 422 446 514 543 561 608 668 689 700 753 861 862 937 950 984 1009 1017 1022 1111 1181 1198 1230 1235
N 1792
 17 94 110 138 185 238 242 279 340 404 431 434 502 529 608 666 698 712 715 761 865 916 917 918 970 972 1061 1093 1143 1206 1228 1251
N 1793
 32 34 44 80 88 147 286 339 426 442 444 459 491 503 532 547 550 570 579 608 627 635 752 753 805 813 827 843 1032 1033 1183 1223
N 1794
 214 230 234 263 326 356 416 457 466 506 511 543 591 611 647 676 882 909 923 936 945 952 1007 1021 1053 1126 1128 1176 1192 1236 1257 1278
N 1795
 12 14 127 134 221 252 355 356 359 391 412 441 453 461 501 506 559 699 704 755 767 803 819 842 878 880 916 921 934 1053 1103 1191
N 1796
 34 52 69 83 113 218 340 364 377 446 483 511 518 561 567 621 707 711 726 797 817 874 920 961 990 1011 1074 1092 1149 1166 1188 1197
N 1797
 80 82 124 128 162 167 189 225 229 303 336 355 491 510 513 531 620 741 849 866 875 881 907 925 965 973 980 984 1067 1091 1100 1246
N 1798
 1 27 53 78 160 193 379 438 490 532 547 564 573 592 628 695 701 744 745 803 851 872 953 969 993 1007 1021 1023 1146 1169 1216 1262
N 1799
 2 8 37 115 182 196 203 253 269 322 340 373 419 420 459 509 553 608 650 679 703 728 747 788 874 957 1061 1159 1167 1213 1255 1270
N 1800
 32 54 66 92 178 291 331 372 383 388 403 441 473 487 512 636 643 696 722 733 784 791 813 850 867 950 1058 1099 1100 1102 1184 1196
N 1801
 13 22 165 181 233 250 277 327 356 406 425 472 483 569 659 700 728 763 765 786 842 859 860 955 960 961 1007 1025 1077 1138 1186 1223
N 1802
 51 122 149 166 180 203 221 342 344 448 458 466 556 565 609 661 671 691 693 725 752 760 785 871 909 965 1095 1138 1155 1210 1232 1255
N 1803
 47 91 100 153 174 263 303 332 476 572 621 650 675 720 761 781 783 795 809 821 828 899 933 936 944 1016 1037 1163 1171 1214 1217 1266
N 1804
 17 136 144 197 245 315 323 374 418 428 460 493 520 557 566 581 648 660 666 714 756 857 943 955 960 975 1004 1067 1078 1191 1225 1232
N 1805
 13 23 147 158 165 168 228 241 335 342 346 368 390 424 426 450 510 521 619 639 663 720 790 796 854 896 976 1037 1067 1089 1231 1258
N 1806
 37 41 50 53 73 119 132 137 159 194 319 341 413 447 498 514 565 606 653 658 727 752 816 832 839 874 904 918 926 943 1066 1249
N 1807
 5 40 64 103 122 128 285 321 322 374 391 412 461 470 515 523 561 719 734 767 781 844 877 890 969 999 1017 1092 1130 1158 1243 1275
N 1808
 82 149 230 346 380 389 471 481 504 617 653 696 732 794 803 820 822 857 872 883 885 1035 1095 1129 1153 1157 1162 1163 1198 1200 1233 1249
N 1809
 13 70 78 91 96 97 105 123 152 162 336 356 404 448 571 660 662 693 711 716 818 829 874 975 1008 1014 1120 1130 1131 1146 1168 1242
N 1810
 72 95 96 134 136 139 146 154 185 221 334 340 373 388 415 418 439 471 495 501 524 547 562 583 709 748 804 824 872 1034 1094 1237
N 1811
 29 52 53 117 120 246 265 314 329 395 402 529 563 638 667 674 676 687 713 776 781 837 908 914 952 987 1001 1073 1088 1103 1228 1278
N 1812
 17 25 38 106 228 267 319 343 367 453 456 481 510 583 598 624 657 739 740 763 878 933 966 981 1010 1084 1099 1181 1200 1204 1226 1237
N 1813
 31 32 76 124 142 218 294 301 326 410 455 509 539 573 674 698 699 720 748 820 868 965 1021 1046 1054 1087 1119 1121 1128 1176 1179 1233
N 1814
 24 62 145 207 213 224 256 265 312 320 336 366 439 469 536 583 604 636 684 685 796 868 893 991 992 1010 1022 1071 1127 1128 1148 1177
N 1815
 48 67 134 160 170 174 295 305 309 441 473 553 673 706 733 817 856 866 875 890 908 932 964 985 1050 1168 1175 1177 1188 1247 1257 1276
N 1816
 6 53 62 88 110 170 216 259 280 330 392 408 466 571 586 592 599 647 676 888 904 956 967 985 1031 1047 1075 1208 1210 1230 1250 1259
N 1817
 14 109 111 129 153 162 234 239 243 292 381 383 416 421 436 680 694 729 769 771 815 836 884 941 961 973 1026 1055 1150 1195 1209 1270
N 1818
 39 40 66 122 204 234 237 239 256 284 339 381 404 415 479 546 617 647 654 795 800 811 848 883 915 951 1039 1076 1087 1129 1211 1267
N 1819
 23 44 62 91 165 209 212 297 334 474 496 552 563 570 622 624 635 648 666 683 756 764 804 827 839 906 1031 1080 1086 1140 1244 1250
N 1820
 74 89 98 102 122 282 306 314 333 345 379 398 467 580 623 631 659 672 730 876 887 948 951 994 1055 1056 1168 1173 1200 1208 1211 1269
N 1821
 53 79 87 112 161 214 383 401 449 472 473 525 530 577 629 726 745 801 834 837 840 852 876 885 919 938 966 1043 1054 1058 1074 1078
N 1822
 110 166 199 208 306 450 505 515 569 602 618 641 693 701 795 807 842 866 896 899 959 961 1020 1022 1032 1083 1104 1122 1130 1151 1182 1220
N 1823
 22 71 163 174 262 327 338 343 346 356 420 440 443 491 511 542 561 578 587 629 640 718 832 853 859 863 911 929 1012 1035 1256 1272
N 1824
 57 103 108 189 197 200 263 292 323 345 455 573 578 628 664 688 707 750 899 902 909 923 925 1012 1020 1123 1133 1135 1158 1162 1264 1266
N 1825
 40 96 137 157 173 248 274 325 431 434 455 457 485 489 588 617 742 779 844 899 909 925 928 943 979 1110 1114 1131 1134 1142 1176 1236
N 1826
 93 95 119 137 180 216 259 328 373 434 456 484 503 597 599 712 714 849 872 883 900 956 976 991 1049 1058 1088 1147 1197 1216 1253 1270
N 1827
 85 113 180 221 250 279 283 301 373 379 449 467 476 490 511 654 775 799 800 841 875 925 932 946 972 973 1020 1026 1171 1203 1262 1276
N 1828
 12 51 56 68 102 252 348 382 416 517 546 556 566 591 619 625 642 696 769 831 905 948 990 1010 1030 1042 1119 1190 1223 1226 1231 1278
N 1829
 56 86 169 178 240 339 359 382 465 469 470 483 570 573 598 746 858 912 938 954 959 983 987 991 1052 1061 1189 1194 1213 1230 1239 1256
N 1830
 25 31 45 114 137 151 241 269 323 326 345 386 390 406 445 533 556 641 699 738 740 760 774 785 867 880 886 1011 1153 1230 1249 1278
N 1831
 4 5 11 39 98 134 210 239 298 321 333 359 370 391 409 425 528 630 711 762 784 799 813 890 898 989 1001 1016 1110 1141 1250 1267
N 1832
 44 62 70 167 211 335 489 523 554 568 611 648 653 694 786 835 838 912 917 920 948 965 972 989 1019 1026 1104 1113 1120 1176 1243 1265
N 1833
 15 179 227 234 246 281 325 350 362 482 505 579 614 682 761 767 771 853 885 893 1014 1027 1044 1069 1108 1110 1124 1128 1144 1190 1228 1262
N 1834
 1 100 139 170 191 234 286 287 313 324 371 380 382 426 444 501 529 568 581 649 727 789 816 877 970 982 1006 1009 1101 1123 1201 1219
N 1835
 8 22 48 60 90 132 239 306 307 320 356 462 477 496 518 527 619 620 637 701 797 828 832 869 992 1012 1061 1104 1133 1148 1178 1214
N 1836
 36 73 132 167 215 260 287 291 292 525 541 559 616 629 707 731 734 774 787 792 835 920 1016 1018 1028 1071 1084 1122 1148 1152 1156 1174
N 1837
 37 52 90 120 148 152 157 171 191 193 202 242 262 269 296 297 503 507 537 826 844 874 891 924 925 960 1001 1020 1066 1139 1143 1203
N 1838
 40 73 91 108 144 164 165 196 278 281 289 297 333 366 396 432 576 707 746 753 798 803 831 836 873 902 961 963 1060 1094 1107 1174
N 1839
 53 63 155 157 249 303 390 431 438 467 469 497 632 648 717 808 816 855 888 1015 1071 1074 1096 1134 1136 1158 1195 1201 1220 1224 1229 1258
N 1840
 18 31 103 112 169 182 217 267 309 327 370 421 424 432 460 461 468 508 524 530 593 633 717 731 750 796 858 885 1042 1086 1094 1172
N 1841
 5 67 99 104 254 298 349 354 411 425 532 543 545 607 642 682 703 723 760 778 809 885 938 939 992 1021 1060 1067 1077 1098 1201 1232
N 1842
 3 123 176 183 230 237 276 486 558 582 681 695 697 746 761 861 900 948 959 981 1004 1007 1012 1018 1032 1039 1051 1125 1159 1177 1234 1238
N 1843
 29 175 213 223 256 295 323 354 397 433 543 553 565 638 771 783 809 813 818 847 910 927 951 998 1059 1154 1168 1169 1219 1228 1260 1278
N 1844
 2 113 130 158 203 250 285 334 369 425 484 527 562 610 635 670 733 805 837 907 908 912 924 928 971 1146 1152 1182 1208 1242 1256 1276
N 1845
 12 43 70 79 121 146 248 260 294 312 473 482 511 530 554 584 661 671 711 780 821 883 973 1027 1071 1121 1127 1146 1210 1230 1253 1264
N 1846
 95 153 179 183 204 297 399 423 473 481 493 497 498 590 616 663 693 697 743 806 837 904 910 924 1009 1043 1064 1081 1122 1153 1187 1243
N 1847
 16 72 164 169 180 227 233 249 334 343 382 384 418 422 460 715 727 736 752 772 802 867 877 906 971 1026 1029 1057 1075 1102 1173 1222
N 1848
 67 138 258 281 379 427 452 495 497 501 555 574 647 711 712 741 764 838 853 871 934 943 971 986 989 1038 1107 1141 1166 1227 1242 1251
N 1849
 104 145 148 158 182 192 222 252 264 280 296 308 313 450 456 586 642 690 800 811 862 892 1012 1025 1050 1056 1130 1169 1172 1234 1239 1255
N 1850
 96 157 238 369 400 437 531 602 603 686 690 732 746 771 828 841 860 888 894 902 919 927 931 1008 1012 1016 1034 1135 1163 1202 1243 1269
N 1851
 5 87 91 101 197 262 365 384 401 422 429 431 433 475 477 609 693 702 714 753 811 815 898 930 1054 1105 1115 1177 1234 1239 1249 1268
N 1852
 4 77 78 79 140 151 249 256 267 274 302 327 347 348 434 441 507 725 739 743 744 806 821 841 889 897 1037 1065 1123 1192 1233 1252
N 1853
 43 47 48 206 240 288 407 410 474 513 515 596 640 684 729 747 786 788 825 836 848 868 884 885 950 979 1010 1023 1077 1080 1118 1261
N 1854
 24 126 136 270 315 352 373 394 397 480 504 577 587 625 640 669 696 721 786 841 843 854 959 965 1116 1127 1175 1186 1203 1219 1242 1244
N 1855
 17 120 123 136 142 252 298 316 447 458 482 492 504 519 550 624 732 819 839 842 849 881 895 922 1056 1080 1113 1147 1153 1203 1210 1261
N 1856
 46 47 92 115 132 163 232 260 281 560 575 683 740 774 839 880 883 918 983 984 1001 1019 1021 1055 1068 1080 1101 1115 1176 1230 1244 1279
N 1857
 20 22 36 123 164 305 359 374 388 396 401 406 436 447 464 485 516 544 566 567 569 630 836 844 847 904 907 913 977 1010 1133 1146
N 1858
 68 212 220 226 291 295 310 388 393 420 433 457 518 520 522 550 589 677 690 751 805 877 946 1006 1030 1035 1060 1064 1077 1101 1139 1239
N 1859
 32 45 128 135 230 235 253 266 347 376 406 408 538 550 602 608 750 798 820 822 833 837 878 989 1043 1112 1175 1193 1212 1229 1246 1260
N 1860
 38 40 87 101 159 174 238 324 327 349 359 387 431 435 523 580 636 768 784 788 794 899 900 905 991 1031 1036 1061 1116 1117 1173 1261
N 1861
 78 121 134 148 152 209 215 234 238 274 326 337 369 377 415 435 558 614 710 742 747 759 804 879 881 1019 1074 1162 1198 1207 1226 1233
N 1862
 69 85 87 96 156 160 175 189 235 265 301 439 557 569 637 651 661 767 789 795 839 847 892 927 930 943 982 988 998 1120 1148 1186
N 1863
 79 103 150 163 167 171 228 296 559 625 627 636 664 687 747 847 865 900 904 947 963 1006 1009 1018 1049 1057 1100 1116 1120 1139 1156 1204
N 1864
 65 108 152 177 187 190 215 219 245 291 368 378 397 444 445 525 528 578 579 623 631 673 738 756 774 873 953 967 1011 1095 1198 1264
N 1865
 2 37 91 278 366 396 412 420 427 548 601 678 679 704 709 766 773 781 825 855 886 896 898 958 1110 1114 1163 1194 1195 1246 1257 1277
N 1866
 84 146 168 186 202 381 382 429 497 628 638 641 650 747 751 759 810 830 832 852 853 879 907 959 965 1043 1048 1067 1068 1077 1179 1267
N 1867
 53 78 133 163 187 277 320 414 435 446 460 488 523 545 548 678 701 706 778 802 821 926 944 964 987 1030 1072 1151 1212 1253 1254 1260
N 1868
 10 52 98 158 251 345 361 382 454 496 530 582 600 621 638 658 722 787 801 946 989 1032 1061 1107 1112 1132 1135 1233 1242 1245 1255 1260
N 1869
 49 75 82 161 173 232 300 319 332 344 452 492 609 661 717 721 824 855 870 945 963 1043 1107 1184 1185 1192 1212 1219 1223 1238 1248 1260
N 1870
 2 71 237 316 317 359 375 393 433 448 450 535 565 583 601 643 684 710 739 766 776 796 812 888 901 939 1064 1072 1143 1183 1188 1208
N 1871
 26 31 165 204 233 251 264 336 338 342 410 494 558 578 607 672 712 734 748 750 803 827 884 906 970 981 1016 1111 1140 1153 1159 1169
N 1872
 124 204 213 261 384 385 413 422 424 432 520 609 657 741 788 859 914 936 945 979 1002 1017 1024 1047 1048 1063 1080 1107 1111 1115 1218 1256
N 1873
 70 99 186 222 292 299 356 379 383 387 421 454 459 494 538 625 646 730 757 780 803 818 833 855 861 894 1030 1045 1083 1220 1221 1225
N 1874
 26 60 62 116 125 219 254 284 322 336 350 394 417 447 499 568 688 741 744 751 759 790 822 943 977 989 1099 1122 1190 1211 1266 1274
N 1875
 14 87 112 149 166 183 199 222 242 251 335 381 397 449 469 518 530 542 596 616 680 738 899 904 922 966 976 1040 1128 1195 1198 1260
N 1876
 14 55 84 85 209 289 306 328 366 405 419 431 451 500 501 561 609 743 769 822 847 930 939 942 960 967 972 1060 1104 1160 1197 1214
N 1877
 42 43 60 62 71 146 215 270 279 283 287 328 357 389 396 452 486 623 640 801 808 809 827 854 871 892 896 1003 1135 1158 1220 1230
N 1878
 105 107 199 235 236 237 238 287 302 334 359 365 372 489 541 605 631 674 739 764 772 789 828 919 929 934 1079 1088 1115 1225 1231 1273
N 1879
 28 32 50 58 66 126 164 181 283 286 327 338 386 632 690 699 709 725 771 808 845 925 945 962 976 993 1048 1168 1176 1199 1221 1265
N 1880
 9 17 170 175 185 265 299 309 478 494 507 559 568 570 630 637 641 642 663 690 766 898 978 1034 1047 1053 1068 1100 1124 1225 1250 1258
N 1881
 17 63 94 113 118 190 217 330 339 357 369 415 446 460 593 705 711 718 771 868 919 947 998 1024 1028 1081 1097 1136 1192 1209 1249 1257
N 1882
 20 155 173 198 248 307 327 364 376 445 473 532 534 602 620 654 663 668 766 780 904 955 976 1004 1019 1031 1089 1097 1109 1132 1149 1204
N 1883
 57 99 158 310 312 317 328 440 445 447 491 499 502 536 603 626 651 653 659 666 710 720 781 862 899 943 996 1011 1032 1157 1164 1171
N 1884
 29 92 97 183 198 229 248 262 276 294 320 329 341 356 386 390 400 453 483 489 518 536 682 746 767 842 856 1005 1042 1091 1261 1279
N 1885
 82 167 221 284 294 340 341 352 360 432 470 478 554 578 589 592 626 627 643 657 725 732 749 797 812 826 987 1036 1107 1199 1219 1228
N 1886
 4 28 30 106 116 155 190 193 237 346 404 479 490 506 523 545 569 605 647 746 774 775 809 861 936 979 1207 1210 1216 1234 1243 1267
N 1887
 1 24 56 69 187 204 211 307 320 346 348 393 444 477 520 558 641 644 645 664 704 719 736 797 852 873 910 973 1017 1075 1093 1276
N 1888
 30 59 68 70 85 129 276 312 326 335 376 492 521 549 577 584 598 621 622 654 845 925 1019 1027 1044 1048 1090 1093 1144 1167 1224 1263
N 1889
 27 89 105 150 169 246 318 384 400 406 434 437 544 573 614 626 628 812 837 838 844 854 873 938 960 968 991 1024 1048 1085 1129 1248
N 1890
 9 35 46 60 84 97 143 211 267 427 503 558 561 585 671 699 705 726 768 798 894 905 969 995 1001 1027 1044 1184 1190 1191 1246 1259
N 1891
 7 22 78 98 196 261 299 305 338 353 395 436 442 539 562 572 586 613 672 677 764 772 859 917 1005 1030 1031 1121 1132 1133 1140 1148
N 1892
 34 44 68 70 105 109 230 341 344 374 409 483 523 547 556 580 619 633 734 756 791 845 898 905 1038 1057 1099 1194 1197 1202 1238 1261
N 1893
 7 29 49 70 112 140 206 208 210 240 276 301 354 362 458 520 541 545 561 579 613 785 814 911 970 984 1023 1062 1176 1208 1213 1215
N 1894
 6 28 37 61 70 114 125 140 146 167 196 238 293 311 360 409 436 537 592 639 644 832 870 933 942 947 997 1014 1021 1024 1138 1210
N 1895
 6 27 56 81 138 173 197 208 213 234 264 284 318 345 347 370 490 515 562 612 619 697 746 862 1040 1154 1178 1182 1193 1240 1253 1275
N 1896
 55 133 135 146 212 250 282 293 337 439 529 594 596 650 677 682 720 781 802 847 882 885 903 913 978 1018 1088 1169 1170 1246 1258 1273
N 1897
 29 98 102 122 128 215 423 424 427 472 566 576 648 693 699 752 754 811 834 874 877 919 969 971 987 1021 1042 1081 1102 1151 1242 1278
N 1898
 37 151 175 233 254 307 342 465 559 610 618 620 649 676 692 700 713 756 807 820 867 942 972 1013 1062 1100 1116 1154 1159 1163 1165 1180
N 1899
 50 78 92 135 226 293 358 361 405 419 473 521 553 588 615 644 659 675 693 751 784 805 817 846 913 1037 1056 1081 1106 1174 1206 1274
N 1900
 57 64 81 112 131 148 153 203 244 249 254 343 423 425 458 475 477 485 494 536 538 541 586 594 603 607 653 744 862 969 1149 1271
N 1901
 118 142 303 340 364 373 383 472 478 489 503 523 550 560 616 623 653 698 705 731 770 890 961 963 974 1009 1011 1012 1015 1089 1130 1243
N 1902
 20 53 105 132 159 226 242 244 245 278 282 289 310 311 379 508 583 612 619 627 659 679 761 784 795 837 872 877 1026 1095 1140 1276
N 1903
 153 182 238 332 348 359 457 487 518 544 574 657 666 705 719 770 824 826 833 873 874 958 971 1021 1041 1042 1072 1085 1087 1125 1151 1183
N 1904
 42 88 111 177 191 215 230 260 273 278 284 296 317 329 371 375 387 402 424 450 457 549 571 601 715 789 793 942 1083 1095 1203 1218
N 1905
 83 86 99 106 133 155 216 338 385 392 404 422 444 480 506 546 549 556 592 794 814 858 875 886 923 983 995 1057 1065 1110 1133 1253
N 1906
 4 15 41 132 151 159 172 225 299 319 339 483 563 616 713 781 858 868 898 902 911 921 940 1028 1041 1049 1098 1120 1170 1191 1213 1226
N 1907
 55 75 124 179 265 284 310 359 368 389 467 474 503 515 699 743 776 782 863 865 950 956 975 1056 1067 1087 1157 1161 1170 1177 1245 1258
N 1908
 44 64 68 143 151 173 192 225 233 396 428 439 483 517 527 559 656 714 757 811 814 837 846 851 874 907 960 1027 1058 1109 1153 1219
N 1909
 72 92 172 200 207 215 297 371 408 421 525 527 594 684 721 780 782 802 806 807 835 883 889 996 1022 1042 1048 1084 1108 1146 1188 1261
N 1910
 48 77 89 108 139 159 200 207 218 239 308 326 335 447 569 649 679 723 747 799 804 845 869 939 959 1003 1076 1083 1140 1154 1258 1265
N 1911
 46 121 154 313 317 323 332 361 383 422 442 472 483 594 639 765 770 825 851 891 919 935 962 970 976 1031 1033 1063 1147 1156 1188 1192
N 1912
 10 75 136 235 251 266 421 467 509 588 595 631 644 698 706 715 720 746 764 831 849 878 885 917 946 959 981 1048 1203 1239 1251 1273
N 1913
 139 145 213 227 287 331 334 434 471 486 493 530 610 612 644 661 699 710 740 818 878 882 940 1023 1065 1110 1123 1128 1169 1215 1219 1249
N 1914
 15 19 39 42 63 96 232 243 261 284 304 309 341 350 408 512 516 613 630 653 718 803 829 912 944 1007 1057 1101 1117 1161 1191 1240
N 1915
 30 64 91 140 158 212 249 256 260 288 407 427 484 500 590 673 707 729 730 776 791 812 818 953 959 1085 1105 1106 1237 1250 1266 1271
N 1916
 112 215 224 231 253 293 302 361 376 377 379 455 495 524 569 586 589 621 684 688 736 770 775 776 842 853 973 1006 1098 1131 1154 1234
N 1917
 100 114 178 185 188 295 312 322 403 412 433 435 454 488 511 519 529 533 562 698 705 738 781 851 866 897 915 1076 1121 1179 1239 1264
N 1918
 8 11 14 34 60 109 260 331 383 397 448 466 469 532 590 614 648 687 701 753 776 798 804 825 899 972 982 990 1117 1170 1219 1268
N 1919
 9 298 325 351 414 422 426 466 474 500 508 516 528 595 597 631 655 701 732 774 793 874 938 958 1030 1062 1093 1106 1224 1231 1238 1245
N 1920
 0 24 32 101 129 163 176 208 220 253 324 340 350 359 363 364 425 526 665 755 762 768 784 807 839 853 874 913 922 923 945 1024
N 1921
 12 60 68 96 178 205 226 238 273 286 367 382 397 403 442 444 529 657 669 707 712 749 824 890 966 1027 1039 1096 1143 1216 1221 1268
N 1922
 16 26 45 53 75 221 222 249 351 359 372 403 430 498 500 538 570 686 757 784 788 796 849 870 904 932 949 1118 1161 1172 1213 1259
N 1923
 30 39 55 90 118 132 142 156 165 186 196 198 221 301 350 450 532 574 599 612 772 815 822 844 852 867 991 1012 1018 1107 1190 1251
N 1924
 8 42 143 151 172 173 209 211 230 349 387 436 438 474 478 541 556 668 772 793 842 904 977 984 1000 1032 1071 1087 1145 1147 1154 1238
N 1925
 11 52 70 113 122 137 144 188 213 215 238 244 278 381 412 456 510 516 652 691 806 855 878 885 886 897 908 935 959 1035 1176 1246
N 1926
 59 123 166 168 186 195 223 233 310 324 354 551 574 580 583 615 676 682 685 736 757 759 816 846 891 935 938 1112 1114 1182 1187 1252
N 1927
 32 35 86 108 110 130 191 231 232 235 283 344 389 428 466 480 528 534 541 672 687 713 765 864 910 922 1008 1009 1049 1061 1165 1213
N 1928
 24 36 43 76 97 99 152 171 223 241 350 383 423 518 538 615 708 761 803 838 849 870 903 920 945 964 965 995 1129 1158 1198 1269
N 1929
 1 36 47 216 226 231 251 281 296 359 395 502 518 558 603 625 687 703 721 780 811 846 881 966 1032 1045 1069 1105 1172 1229 1262 1276
N 1930
 56 113 131 185 206 247 330 344 375 399 443 528 539 559 565 583 588 622 666 674 718 871 916 995 1025 1173 1178 1213 1225 1249 1258 1262
N 1931
 9 16 20 27 103 161 190 265 309 403 433 471 473 493 504 545 546 593 614 653 683 706 746 792 821 877 906 934 939 987 1233 1274
N 1932
 2 49 50 100 106 135 185 233 269 298 314 337 349 354 434 523 554 595 685 736 849 850 895 1041 1084 1105 1162 1189 1215 1227 1238 1252
N 1933
 62 103 120 243 302 303 308 324 356 409 414 480 497 523 544 556 564 598 624 652 694 744 778 835 912 947 961 1073 1078 1082 1127 1207
N 1934
 49 140 195 365 398 403 410 430 490 502 533 593 686 691 709 717 722 758 830 895 914 931 952 961 995 1001 1013 1077 1103 1184 1213 1236
N 1935
 67 100 153 252 279 285 297 309 433 472 473 524 534 584 611 623 702 709 789 791 899 913 915 952 957 975 979 996 1038 1143 1237 1256
N 1936
 27 53 90 107 154 237 241 252 273 308 314 379 397 432 441 484 515 522 600 615 675 709 716 856 1028 1054 1068 1084 1149 1164 1189 1279
N 1937
 46 56 73 142 147 167 188 229 255 256 279 313 321 335 480 499 614 645 667 678 688 781 837 882 920 953 1003 1108 1170 1225 1241 1261
N 1938
 40 84 92 102 112 132 277 291 304 322 343 355 412 480 485 516 544 611 627 804 853 863 907 915 937 1090 1144 1171 1179 1187 1212 1273
N 1939
 42 67 88 106 142 188 194 209 221 271 283 312 379 391 441 453 462 544 587 617 620 675 699 724 766 775 790 843 870 1097 1126 1218
N 1940
 0 33 65 86 88 99 215 282 311 380 391 440 507 522 547 581 588 591 712 761 789 804 819 899 921 956 985 1003 1012 1092 1094 1191
N 1941
 29 53 94 132 162 287 308 351 369 386 389 404 453 540 563 612 697 792 864 878 887 913 998 1090 1123 1165 1192 1226 1231 1237 1240 1244
N 1942
 50 64 81 113 143 184 235 286 300 316 317 408 470 483 489 493 611 614 637 688 705 824 907 936 962 1032 1049 1135 1138 1160 1200 1260
N 1943
 18 43 83 107 130 155 171 183 196 281 290 302 328 364 462 469 495 505 514 522 528 541 680 766 779 790 916 932 1056 1084 1178 1190
N 1944
 82 95 184 200 204 222 225 236 237 303 306 365 378 384 385 419 454 494 522 560 563 700 709 735 754 759 802 808 898 1015 1073 1231
N 1945
 54 75 168 224 228 257 285 311 364 410 423 442 452 513 570 616 653 683 716 814 822 862 877 895 911 918 998 1006 1051 1167 1174 1229
N 1946
 100 146 150 197 258 298 340 358 383 394 536 584 620 644 656 708 769 821 829 831 875 908 944 1022 1028 1063 1080 1084 1111 1141 1181 1262
N 1947
 0 78 116 130 225 265 280 294 311 354 380 438 443 466 467 485 487 490 495 667 706 713 728 752 773 894 913 998 1054 1112 1114 1171
N 1948
 37 40 43 90 123 253 254 313 360 444 469 526 556 621 707 726 831 848 849 907 948 966 971 1004 1026 1062 1122 1125 1143 1155 1221 1247
N 1949
 13 61 85 172 179 267 274 314 318 323 339 364 377 381 420 438 470 507 562 600 602 603 785 824 860 970 993 1076 1086 1099 1110 1131
N 1950
 86 88 136 214 216 217 304 322 484 490 560 613 672 773 790 827 852 867 910 949 977 999 1010 1037 1041 1064 1108 1124 1137 1161 1234 1272
N 1951
 16 50 107 159 171 229 240 318 368 381 434 445 461 467 501 504 509 535 580 664 673 685 867 931 974 999 1030 1076 1094 1137 1197 1248
N 1952
 22 54 78 101 122 244 264 290 355 394 434 475 535 620 622 687 695 709 734 813 898 910 923 951 1001 1005 1014 1066 1103 1134 1164 1213
N 1953
 42 71 116 148 228 244 298 299 325 343 356 407 477 543 545 568 588 590 655 682 710 768 769 837 903 995 1007 1037 1089 1102 1164 1167
N 1954
 110 143 292 339 378 389 419 450 459 471 494 513 566 606 613 638 658 715 754 755 782 918 949 955 964 979 997 1036 1076 1078 1227 1262
N 1955
 8 41 67 84 92 183 244 276 280 290 320 333 374 396 439 561 587 601 634 657 705 721 761 806 954 975 1004 1040 1047 1050 1175 1233
N 1956
 45 104 148 169 209 210 245 259 383 384 403 407 416 467 540 566 570 584 632 848 872 877 919 933 1022 1061 1069 1105 1125 1135 1149 1226
N 1957
 17 83 94 135 168 203 304 309 337 344 372 392 425 443 464 477 613 627 672 674 725 792 807 817 939 1066 1088 1166 1173 1209 1259 1277
N 1958
 6 91 95 147 160 191 193 220 224 259 298 477 512 585 591 658 733 755 761 839 880 917 940 972 991 1013 1040 1133 1153 1156 1169 1215
N 1959
 41 62 74 155 193 203 221 247 357 380 426 486 531 550 558 564 622 626 634 642 657 684 808 844 864 888 892 926 1000 1063 1127 1200
N 1960
 15 26 46 85 89 116 184 258 350 373 393 419 434 452 543 593 727 787 814 829 859 866 873 895 1060 1079 1096 1109 1118 1147 1222 1226
N 1961
 83 134 141 158 181 191 213 227 348 378 405 406 407 415 464 606 609 616 639 678 812 851 887 895 1041 1048 1089 1098 1108 1144 1186 1266
N 1962
 0 72 87 106 113 162 173 228 310 405 435 485 618 626 630 677 724 726 833 860 959 962 968 988 993 1051 1054 1107 1117 1227 1230 1243
N 1963
 3 20 24 35 41 137 201 256 329 342 465 507 568 574 595 600 640 653 770 787 789 826 865 892 899 906 967 1024 1081 1093 1123 1217
N 1964
 17 67 104 184 197 206 208 252 270 287 302 398 402 433 436 439 454 479 648 688 748 764 844 869 956 984 1002 1119 1121 1129 1245 1248
N 1965
 15 21 25 58 68 75 110 200 289 337 351 353 392 541 559 573 665 670 730 799 900 907 916 1008 1019 1029 1120 1151 1182 1215 1238 1240
N 1966
 68 114 226 231 250 262 303 316 369 563 570 593 618 652 658 701 827 863 919 947 948 1003 1021 1044 1061 1083 1106 1135 1160 1161 1226 1241
N 1967
 6 127 144 156 158 165 227 325 482 579 584 607 623 632 663 675 680 717 718 725 776 868 879 901 910 967 1057 1101 1105 1142 1261 1278
N 1968
 2 6 21 22 102 148 149 157 222 237 292 328 409 477 527 564 605 627 635 667 685 706 815 888 893 962 969 973 1124 1172 1199 1201
N 1969
 14 21 88 153 171 202 304 330 335 358 432 492 519 555 688 779 780 850 950 952 957 992 1016 1021 1114 1143 1150 1184 1202 1204 1227 1268
N 1970
 61 105 121 131 144 173 175 292 343 368 386 404 441 461 686 706 714 763 773 855 859 888 913 918 943 949 1073 1136 1184 1193 1237 1263
N 1971
 6 84 112 165 169 190 230 325 403 423 430 457 516 545 564 600 610 625 667 674 742 774 868 870 956 987 1032 1051 1127 1145 1178 1269
N 1972
 4 7 19 25 32 34 35 102 158 165 184 213 273 281 305 314 321 438 464 482 496 549 595 611 653 783 799 1086 1192 1199 1207 1275
N 1973
 38 51 75 121 185 196 261 291 321 416 433 460 467 534 572 576 651 730 752 831 909 910 925 926 936 1004 1012 1067 1119 1138 1163 1231
N 1974
 42 123 174 259 267 293 325 411 439 477 490 502 504 574 633 720 721 729 749 751 833 866 896 912 927 984 1095 1147 1148 1166 1227 1240
N 1975
 14 28 36 43 112 143 185 254 287 332 381 497 515 558 559 595 682 693 698 769 782 783 813 830 849 886 937 1019 1071 1165 1207 1268
N 1976
 21 171 260 275 316 329 341 357 460 503 506 534 548 623 692 696 707 788 873 923 960 979 986 1109 1114 1125 1176 1183 1194 1202 1247 1249
N 1977
 102 111 152 160 173 261 264 311 419 445 453 486 507 642 739 785 852 877 892 906 947 979 1028 1060 1085 1096 1137 1222 1227 1248 1250 1268
N 1978
 47 55 73 95 123 172 188 195 405 462 475 480 526 557 589 597 600 611 700 701 767 853 897 922 997 1071 1075 1088 1114 1216 1231 1236
N 1979
 50 130 133 201 223 268 298 300 310 372 421 442 538 576 607 615 716 795 830 851 852 866 904 938 986 1012 1046 1071 1140 1145 1226 1273
N 1980
 41 55 101 173 354 405 417 419 452 485 573 637 698 718 770 789 835 890 891 897 951 984 1005 1029 1045 1088 1090 1125 1198 1205 1226 1244
N 1981
 12 24 48 82 271 276 281 364 410 468 522 535 565 574 592 665 734 837 855 875 879 965 974 977 979 985 995 1011 1054 1094 1210 1232
N 1982
 21 37 60 69 91 128 133 241 262 268 295 328 344 347 427 553 735 749 795 848 873 955 973 980 996 1004 1050 1075 1082 1147 1162 1206
N 1983
 8 39 71 72 102 119 130 136 137 172 205 307 481 482 557 641 654 680 683 703 717 799 857 865 872 890 920 946 991 1017 1033 1153
N 1984
 82 128 168 188 260 279 288 317 361 383 388 426 534 552 584 644 669 670 685 696 718 738 798 814 833 995 1085 1155 1173 1188 1229 1235
N 1985
 28 60 121 163 203 295 336 381 388 562 591 610 628 645 666 679 691 714 773 783 818 858 860 941 1005 1141 1157 1188 1189 1231 1270 1271
N 1986
 89 96 198 276 306 315 362 363 409 450 499 613 619 653 698 724 817 840 871 902 905 954 1015 1082 1122 1134 1142 1209 1219 1231 1235 1255
N 1987
 66 84 108 139 148 185 195 212 230 240 338 418 443 450 499 505 546 561 650 702 707 760 774 801 806 823 859 952 1093 1183 1200 1223
N 1988
 101 165 214 232 247 285 296 380 395 398 553 567 575 589 637 703 798 809 883 898 927 937 943 954 965 1003 1051 1086 1113 1218 1253 1257
N 1989
 54 62 320 347 417 427 429 441 469 483 548 585 588 623 675 686 775 831 854 882 963 1003 1007 1040 1041 1054 1059 1069 1089 1117 1156 1241
N 1990
 154 175 182 268 282 300 304 310 350 413 421 493 501 552 559 627 628 746 758 762 792 832 875 887 894 922 1004 1011 1057 1071 1120 1128
N 1991
 39 76 121 126 193 251 348 355 387 415 424 431 436 587 589 590 631 675 715 767 776 794 841 845 871 893 894 919 968 976 1020 1178
N 1992
 41 61 119 262 292 311 318 346 352 396 425 443 581 607 608 610 623 636 638 703 752 847 858 868 911 914 920 923 981 1152 1154 1269
N 1993
 96 130 136 153 191 195 202 360 378 464 470 494 515 558 584 676 698 750 796 810 812 825 865 894 909 912 953 997 1022 1109 1225 1233
N 1994
 11 17 86 145 179 189 231 287 408 437 508 521 537 563 571 633 646 729 735 782 829 833 984 1023 1084 1111 1116 1128 1129 1152 1162 1218
N 1995
 39 95 103 179 194 235 246 277 294 313 318 406 432 484 487 527 532 668 688 756 759 781 790 882 895 997 1134 1156 1158 1178 1198 1269
N 1996
 5 97 107 126 166 183 285 309 352 366 436 499 502 622 661 678 841 842 856 873 901 945 1066 1068 1071 1140 1192 1196 1222 1228 1231 1264
N 1997
 0 95 125 177 189 193 203 242 390 398 405 421 449 543 625 680 686 706 712 737 839 847 873 1075 1087 1090 1101 1146 1198 1216 1243 1262
N 1998
 82 109 114 166 204 232 236 338 450 523 538 561 564 584 621 654 738 754 774 824 860 884 952 970 1010 1049 1067 1110 1114 1201 1239 1263
N 1999
 24 27 60 86 170 263 273 283 355 360 476 482 552 570 605 724 734 787 898 916 953 958 1061 1084 1094 1111 1121 1131 1138 1140 1155 1177
N 2000
 11 15 16 131 141 210 243 352 393 398 406 425 430 456 458 514 577 587 599 680 730 893 935 942 950 982 995 1025 1043 1129 1131 1176
N 2001
 49 59 88 135 152 188 192 202 259 272 276 296 298 299 309 360 413 448 487 504 525 597 676 685 719 746 805 819 1134 1176 1205 1259
N 2002
 1 8 36 39 138 148 158 254 261 266 277 330 476 678 777 810 818 858 1031 1053 1083 1098 1136 1145 1155 1157 1188 1197 1246 1253 1254 1261
N 2003
 35 71 108 115 130 147 165 172 210 244 449 463 599 628 651 656 670 690 698 713 739 754 779 828 873 976 1072 1083 1100 1125 1177 1251
N 2004
 6 15 16 103 113 140 156 170 273 289 340 448 504 519 525 592 645 649 716 743 772 797 808 843 884 1022 1049 1114 1144 1153 1174 1231
N 2005
 80 89 93 111 155 177 199 225 234 319 404 407 417 426 516 541 613 663 724 765 798 802 910 940 955 1009 1023 1042 1082 1236 1244 1262
N 2006
 3 68 153 217 234 253 288 314 368 388 408 419 469 496 609 708 719 731 815 820 863 895 947 983 992 1017 1062 1070 1105 1126 1148 1276
N 2007
 50 77 88 194 195 268 410 448 482 586 599 623 670 683 693 698 704 756 792 800 840 845 905 931 942 986 1063 1157 1161 1164 1178 1263
N 2008
 38 41 78 182 184 257 346 378 433 481 486 620 709 725 813 829 835 860 861 873 895 901 991 1002 1004 1024 1052 1069 1135 1143 1180 1188
N 2009
 70 82 162 310 329 343 344 539 559 581 598 624 643 687 696 699 740 760 763 820 823 915 945 1017 1028 1087 1091 1132 1154 1184 1200 1238
N 2010
 50 59 112 125 141 170 172 201 225 291 294 313 446 466 509 526 548 656 686 711 902 978 1023 1054 1077 1101 1174 1184 1218 1246 1255 1270
N 2011
 0 33 54 153 159 277 288 401 436 447 500 510 567 581 597 626 629 660 668 713 818 848 852 886 894 990 1019 1076 1109 1129 1177 1266
N 2012
 51 81 173 253 268 359 387 422 448 471 508 555 576 632 646 667 689 691 714 771 796 880 928 1000 1029 1046 1053 1136 1159 1172 1191 1253
N 2013
 27 37 56 121 163 205 393 400 413 474 557 560 579 582 705 711 725 741 742 814 838 854 988 1001 1039 1117 1132 1165 1167 1239 1246 1264
N 2014
 25 65 72 156 159 257 299 319 372 451 470 474 487 519 529 642 661 704 715 729 738 902 908 975 1029 1073 1121 1168 1199 1215 1227 1240
N 2015
 27 28 63 81 97 118 162 259 269 290 329 337 372 393 451 484 492 575 609 748 772 814 835 875 887 983 1017 1066 1085 1128 1177 1179
N 2016
 36 84 136 143 165 236 247 293 377 517 520 578 640 679 720 728 760 780 793 807 839 881 900 922 923 1017 1030 1069 1089 1121 1244 1269
N 2017
 44 51 69 100 111 229 289 298 331 348 386 418 445 462 474 486 502 537 542 656 664 732 799 841 872 907 1025 1033 1047 1157 1215 1240
N 2018
 7 19 29 33 89 143 224 225 237 325 330 433 602 641 670 673 697 734 751 754 798 809 813 823 853 897 944 984 1056 1135 1234 1244
N 2019
 3 4 34 106 129 139 146 152 246 270 272 281 339 500 504 571 585 614 651 662 698 702 712 736 755 791 800 904 966 980 1017 1053
N 2020
 15 24 87 101 133 140 226 278 334 393 490 491 584 588 598 616 656 678 744 808 850 861 939 940 951 981 982 999 1022 1145 1167 1279
N 2021
 12 35 50 172 248 253 293 320 328 407 408 416 441 442 489 576 640 708 720 742 783 907 930 946 1006 1020 1065 1099 1186 1198 1236 1241
N 2022
 0 64 95 117 118 199 242 331 334 367 412 423 482 575 588 633 660 692 697 715 721 752 812 840 980 1000 1071 1113 1145 1222 1229 1256
N 2023
 0 35 87 97 142 202 215 217 218 223 241 294 324 429 449 451 476 689 734 747 757 759 817 945 964 1022 1028 1083 1103 1126 1159 1267
N 2024
 2 26 44 62 113 201 217 224 277 290 319 403 431 582 647 652 707 746 785 786 854 914 916 918 926 931 970 1010 1132 1201 1237 1255
N 2025
 14 71 106 119 126 180 187 201 228 280 366 383 385 458 471 477 620 621 667 738 743 754 763 908 973 984 1113 1129 1139 1151 1211 1233
N 2026
 25 37 57 139 220 252 254 265 316 339 363 414 723 728 738 825 845 846 866 909 1003 1004 1021 1059 1124 1130 1168 1171 1185 1195 1197 1247
N 2027
 28 84 119 150 155 171 187 204 246 272 412 422 498 571 592 631 644 660 674 713 732 806 857 893 922 947 975 1008 1069 1171 1199 1217
N 2028
 27 46 159 256 312 369 394 411 457 459 470 524 550 573 607 627 628 657 716 782 858 913 930 940 1041 1060 1087 1127 1139 1142 1161 1252
N 2029
 48 142 149 218 258 260 294 313 391 471 509 556 558 567 585 591 669 677 745 762 797 848 908 921 980 1047 1059 1081 1198 1238 1255 1256
N 2030
 3 39 118 128 188 235 324 339 378 391 396 408 417 443 479 491 629 633 634 692 694 704 788 803 807 885 1038 1170 1173 1207 1256 1259
N 2031
 61 90 105 117 131 144 171 191 222 253 263 288 321 340 392 429 457 605 728 756 770 799 840 933 967 1008 1026 1097 1142 1204 1208 1237
N 2032
 17 102 130 144 155 202 265 341 397 409 430 440 540 550 561 598 600 718 813 844 888 966 1043 1044 1141 1171 1175 1198 1202 1209 1248 1261
N 2033
 21 64 102 117 144 148 168 200 254 265 289 316 436 498 503 504 567 605 714 749 750 790 812 821 879 1116 1136 1157 1218 1226 1239 1254
N 2034
 17 55 204 219 252 264 351 387 394 426 456 469 471 533 536 583 603 647 660 665 682 722 766 769 883 919 944 981 985 1009 1065 1268
N 2035
 46 90 126 127 138 171 199 240 257 347 377 452 536 586 593 662 671 694 757 824 834 903 926 965 1025 1036 1058 1067 1091 1133 1173 1246
N 2036
 113 157 167 200 227 239 261 288 317 318 409 417 437 445 520 563 615 649 650 667 768 843 901 918 947 985 1005 1060 1187 1215 1228 1230
N 2037
 63 74 80 110 142 165 267 287 307 308 315 349 400 439 509 531 595 652 675 701 764 884 947 975 1008 1016 1059 1116 1144 1202 1222 1264
N 2038
 28 38 49 141 227 248 267 320 345 362 403 425 515 532 554 565 624 677 728 747 829 897 959 988 1014 1060 1075 1102 1103 1149 1206 1261
N 2039
 47 63 71 84 102 248 275 343 387 502 512 548 583 590 606 646 662 708 710 734 768 794 800 816 846 917 945 983 993 1018 1026 1254
