NODOS_0 972
GRADO_0 24
NODOS_1 648
GRADO_1 36
N 0
 1380 997 1053 1183 1506 1166 1298 1202 1387 1585 1508 1312 1059 1550 1395 1274 1057 1065 1362 1401 1187 1044 1503 1545
N 1
 991 1601 1280 1019 1398 1546 1347 1533 1207 1008 1372 1432 1602 1184 1284 1271 1305 987 1515 1314 1232 1541 1012 1302
N 2
 1525 1358 1084 1426 1063 1028 1505 1412 1035 1158 1479 1209 1079 1389 1248 1196 1068 1375 1436 1085 987 1062 1300 1551
N 3
 1345 1359 1579 1576 1380 1266 1429 1602 1354 1314 1465 1171 1096 1517 1553 1329 1277 1502 1379 1216 1090 1226 1198 1147
N 4
 1124 1500 1562 1176 1417 1614 1502 996 1533 1566 1072 1460 1252 1556 1400 1101 1036 1206 1054 1491 1353 1114 1522 1592
N 5
 1183 1484 1555 1042 1412 1423 1162 1055 1281 1064 1415 1027 1552 1410 1038 1026 1113 1473 1178 1289 1329 1550 1192 1230
N 6
 1412 1137 1386 1172 1201 1441 1340 1383 1471 1526 1610 1544 1293 1080 1357 1126 1225 1009 1501 1103 1568 1278 1553 1387
N 7
 1294 1398 1077 1371 1209 1598 1202 1413 1522 1362 1155 1395 1553 1000 1104 1408 1468 1360 1482 1321 1008 1484 1439 1512
N 8
 973 1028 1484 1342 1305 1113 1341 1172 1417 1591 1459 1076 1613 1306 1265 1018 1246 1336 1479 1089 1374 1026 1144 1455
N 9
 1081 1455 1039 1211 1064 1212 1518 1052 1104 1224 1189 1242 1453 1436 1216 1442 1278 1046 1500 1490 1275 1426 1241 1124
N 10
 1493 1207 1403 1614 1479 1246 1528 1255 1213 1127 1084 1578 1394 976 1619 1371 1591 1311 996 1513 1220 1071 1256 975
N 11
 1386 1546 1078 1327 1219 1056 1147 1611 1175 1390 1080 1134 1477 1596 983 1468 1161 1348 1069 1349 1603 1607 1149 1091
N 12
 1469 1276 1030 1570 1394 1479 1457 1423 1031 1064 1161 1074 1302 1330 1356 1203 1389 1188 1018 1219 1138 1022 1120 1291
N 13
 1252 1070 1390 1424 1369 998 1552 1149 1293 1435 1190 1170 1200 1086 1014 984 1283 1487 1237 1065 1469 1599 1483 1192
N 14
 1123 1185 1332 1492 1238 1567 1412 1287 1485 1450 1178 1244 1406 1458 1220 1013 1400 1557 1431 1281 1033 1373 1061 1188
N 15
 1613 1252 1296 1590 1035 1496 1605 1387 1197 1428 1335 988 1038 1093 1124 993 1529 1533 1549 1094 1203 1444 1326 1050
N 16
 1443 1242 1011 1103 1311 1531 1146 1371 1300 1092 1499 1513 1013 1569 1027 1480 1541 1345 1296 1501 1359 1286 1337 1329
N 17
 1203 1353 1100 1093 994 1404 1261 1062 1531 1316 1235 989 1423 1595 1516 1087 1601 1077 1137 1524 1550 1534 1277 1513
N 18
 1535 1018 1568 1338 1175 1412 1144 1331 1135 1096 1065 1250 974 1355 1499 1345 989 999 1522 1328 1087 1377 1368 1211
N 19
 1056 1328 1016 1251 1492 1470 994 1173 1431 1392 1088 1027 974 995 1307 1359 1341 1141 1138 1364 1104 1390 1187 1423
N 20
 1331 1064 1277 1514 1616 1561 1171 1045 1555 1078 1533 1487 1047 1526 1118 1329 982 1166 1597 1595 1229 1247 1432 1274
N 21
 1032 1430 988 990 1453 1117 1252 1397 1086 1527 1174 1241 976 1455 1079 1200 1505 1246 1310 1364 1573 1371 1136 1115
N 22
 1237 1378 997 1206 1418 1054 1251 1509 1469 1231 1197 986 1175 1233 1394 1537 1008 1035 1108 1571 1408 991 1059 992
N 23
 1308 1520 994 1419 1481 1552 1312 1445 1574 1212 1306 1164 1214 1296 1601 1569 1169 1350 1413 1341 1266 1363 1229 972
N 24
 1382 1111 1128 1558 1260 1159 1176 1282 1466 1001 1591 1024 1241 1554 1585 1279 1352 1519 1421 1309 1411 1542 1273 1609
N 25
 1389 1010 1549 991 1524 1462 1369 1320 1232 1502 1572 1431 1240 1582 1255 983 1388 1177 1375 1586 1577 1411 1372 1461
N 26
 1579 1518 1062 1007 1450 1160 1234 1337 979 1089 1084 973 1235 1447 1251 1570 1441 1000 1537 1504 1219 1524 1324 1335
N 27
 1049 1126 1015 1548 1109 1485 1476 1524 1153 1464 1181 1562 1345 1334 1574 1028 1446 1065 1473 1208 1167 1107 1546 1228
N 28
 1365 995 1403 1161 973 1178 1436 1418 1426 1352 1056 1416 1450 1150 1147 1614 1385 1024 1037 1490 1476 1597 1546 1163
N 29
 1355 1080 1347 1523 1493 1013 1499 1509 1405 1482 1535 1500 1374 989 985 1103 1449 1477 1368 1262 1019 1320 1254 1115
N 30
 1057 1422 1421 1522 1225 1059 1274 1384 1251 1523 1518 1370 1264 1129 1018 1429 1431 1238 1155 1133 981 1383 1187 1055
N 31
 1266 1136 1281 1399 1038 1042 1511 1039 1002 1249 1335 1265 1128 1427 1203 1341 1330 1590 1544 1336 1605 1556 1247 1334
N 32
 1182 1307 1509 1617 1377 1547 1362 1275 1319 1021 1422 1575 1576 1611 1579 1115 1400 1033 1232 1524 1180 1383 1475 1486
N 33
 1251 1145 1395 972 1210 1593 1592 1488 1444 1542 1146 1521 1356 1346 1111 1234 1499 1191 1410 1045 1259 1271 1059 1079
N 34
 1478 1234 1011 1180 1308 1070 1616 1572 1176 1023 1132 1371 1124 1266 1003 1509 1151 1109 1034 994 1540 1427 1484 1167
N 35
 1073 1383 1134 1188 1431 1260 974 1094 1368 1205 1267 1281 1307 1159 1028 1614 1316 1314 986 1350 1050 1595 1202 1403
N 36
 1341 1342 1417 980 1387 1442 1527 1040 1121 1210 1310 1391 1095 1304 1338 976 1394 1267 1537 1382 1316 1260 1431 1229
N 37
 1062 1139 1511 1450 1191 1180 1446 1035 1054 1264 1361 1494 1358 1434 1363 1357 1250 1254 1248 1029 1255 1445 1372 1404
N 38
 1284 1170 1517 1619 1144 1559 1367 1208 1388 1194 1508 1485 1263 1401 1360 1323 1438 1394 1007 1407 1041 1244 1501 1173
N 39
 1061 1054 1520 1237 1218 1498 1317 1379 1215 1406 1200 1533 1206 1571 1349 1026 1619 1522 1604 1438 1239 1168 1582 1451
N 40
 1491 1465 1260 1471 1125 1038 1414 1330 1572 1044 1482 1369 1487 1311 1436 1324 1062 1150 1579 1166 1013 1607 1558 1359
N 41
 1076 1575 1475 1551 1019 1429 1031 1548 1592 1184 1202 1140 1546 1061 1295 1251 1502 983 1363 1004 1614 1494 1344 1315
N 42
 1047 1239 1276 1231 1011 1138 1404 1545 1367 1569 1095 1385 984 1018 1482 1163 1603 1526 1612 1319 1288 1602 1290 1483
N 43
 1597 1310 1568 1203 1331 1048 1214 1334 1537 1257 1531 1414 1059 1583 1430 1044 1471 1512 1417 1609 1005 1273 987 1233
N 44
 1180 1150 982 1543 1507 1205 1367 1057 1545 1146 1240 980 1008 1210 974 1321 1023 1188 1216 1330 1201 1226 1508 1571
N 45
 1020 1602 1456 1589 1462 1545 1051 1414 1176 1144 1598 1473 1515 1008 1558 1528 1409 1543 1062 1237 1127 1593 1585 1541
N 46
 1603 1329 1461 1106 1344 1193 1446 1087 1148 1504 1088 1153 1358 1474 1119 987 1313 1521 1248 1219 1214 1523 1142 1137
N 47
 1438 1525 1463 1134 1608 1397 1200 1192 1562 1611 1033 1190 1181 1247 1109 975 1425 1600 1321 1060 1202 1324 1243 1292
N 48
 1190 1193 1214 1346 1008 1365 1448 1066 1494 1136 1397 1402 1108 1521 1506 1248 1619 1383 1358 1442 1232 1212 977 1245
N 49
 1536 994 1459 1217 1176 1466 1314 1130 1165 1264 1312 1126 1350 1024 1135 1431 1037 1299 1089 1273 1087 1237 1589 1492
N 50
 1125 1318 1484 1260 1333 1002 1171 1497 1145 1383 1412 1147 1420 1307 1173 1594 1256 988 1087 1180 1200 1385 1056 1601
N 51
 1092 981 1526 1487 974 1050 1551 1023 1455 1234 1539 1224 1193 1243 1360 1249 1185 1513 1211 1318 1488 1288 1005 1283
N 52
 1304 1496 1607 1387 1053 1249 1520 1046 1183 1393 1436 982 1283 1482 1049 1404 986 1204 1484 1597 1115 1152 999 1019
N 53
 1529 1333 1335 1214 1048 1498 1504 1175 1186 1500 1070 1501 1278 1260 1350 1128 1033 1083 1346 1279 1411 1280 1526 1348
N 54
 1061 1066 1455 1273 1043 1162 1262 1174 1523 1338 1461 1008 1048 1298 1241 1016 1119 1277 1250 1362 1543 1253 1081 1379
N 55
 1525 1015 1231 1278 1573 1073 1052 1092 1235 1343 1223 1254 1592 1251 1346 1197 1315 1491 1444 1322 1526 1108 1264 1179
N 56
 995 1062 1290 1165 1032 1282 1560 1375 1108 1273 1547 1279 1385 1336 979 1386 982 1235 1575 1523 1171 1241 1167 1294
N 57
 1473 1163 1128 1425 1238 1278 1464 992 1580 1373 1168 1357 1422 1245 1601 1157 1006 1154 1394 1520 1611 1070 1577 1014
N 58
 1454 1259 1447 1597 1038 1333 1352 1024 1530 1070 1593 1617 1231 1483 1335 1471 1565 1490 1109 1158 1227 1374 1417 1464
N 59
 1370 1347 1500 1008 1548 1192 1482 1411 1281 1414 1335 1377 1091 1521 1494 1598 1582 1546 1302 1131 1586 996 1502 1162
N 60
 1349 1197 1414 1612 1195 1222 1507 1145 1465 1138 1467 1619 1227 1320 1586 1237 1552 1055 1368 1094 1452 1298 1436 1493
N 61
 990 1487 1337 988 996 1316 1208 1491 1548 1393 1028 1315 1128 1323 1047 1090 1196 1156 1236 1602 1039 1472 1410 1119
N 62
 1242 1248 1468 1085 1011 1006 1273 1021 1222 1567 1453 1211 1102 1286 1541 1449 1114 1257 1481 1192 1079 1318 1331 1578
N 63
 1036 1340 1159 1575 977 1580 1412 1599 981 1239 1443 1421 1439 1038 1483 989 1240 1556 1523 1591 1093 1058 1082 1354
N 64
 1327 1358 1594 980 1422 1425 1028 1079 1212 1586 1159 1047 1228 1346 1331 1466 1324 1240 1463 1103 1563 1088 1514 1612
N 65
 1394 1467 1473 1493 1232 1235 1447 1585 1392 1025 1372 1159 1200 1437 1371 1486 1428 1075 1344 1469 1580 1157 1449 1255
N 66
 1110 1442 1178 1047 1056 1133 1163 1594 1583 1421 1051 1311 983 1516 1039 1234 1151 1100 1262 1130 1401 1268 1338 1137
N 67
 1603 1395 1242 1503 1000 1342 1450 1334 1336 1087 1477 1573 1176 1064 1319 1593 1451 1236 1399 1488 1496 1268 1127 1425
N 68
 1527 1179 1040 1373 1105 1139 1540 1137 1372 1503 1284 1274 982 1398 1560 1512 1336 1541 1216 1174 1177 1553 1400 1205
N 69
 1328 1533 1094 1566 1039 1296 1567 1113 1418 1176 1024 1038 1409 982 1197 975 1204 1163 1408 1469 1068 1294 1481 1343
N 70
 986 1443 1391 1348 1493 1510 1462 1330 1048 1312 1329 1527 995 1311 1280 1053 1061 1228 1208 1114 1427 1497 1175 1038
N 71
 1565 1339 1170 1420 1479 1602 997 989 1148 1003 1422 1214 1513 1020 1478 1600 1246 1056 1279 1164 1121 1034 1604 1222
N 72
 1419 1567 1445 1322 1291 1352 1159 974 1211 1412 1411 1022 1307 1544 1108 1000 1497 1262 1021 1557 1577 1463 1564 1476
N 73
 1049 1028 1554 1427 1444 1488 1376 1300 1461 1331 1572 1274 1313 1560 1320 1616 975 1057 1490 1542 1257 1268 1327 1254
N 74
 1559 992 1550 1594 1324 1339 1557 1407 1482 1345 1523 1534 1343 1122 1474 1282 1583 1439 1477 1564 1426 1356 1332 1574
N 75
 1619 1208 1110 1462 1130 1485 1258 1114 1425 1478 1103 1431 1455 1151 1390 1524 1480 1558 1207 1476 1026 1232 1494 1375
N 76
 1217 1096 1595 1601 1349 1134 993 1413 1374 1200 1539 984 1006 1444 1389 1173 1094 1443 1409 1086 1449 1496 1371 1445
N 77
 1400 1481 1215 1588 1470 1328 1487 1065 1045 1029 1083 1442 1500 1618 1271 1236 1489 1561 1273 1376 975 1191 1224 1206
N 78
 1343 1114 1491 1596 1423 1454 1199 1493 1403 1256 996 1465 1283 1035 1030 1147 1225 1361 1309 1098 1527 1191 1054 1519
N 79
 1526 1128 1236 1180 1498 1473 1383 1592 1619 1125 1602 1444 1330 1514 1270 1535 1475 1596 1317 1043 997 1181 1091 1017
N 80
 983 1408 1388 1143 1483 1508 1207 1042 1576 1477 1399 1167 1164 1264 1522 1380 1377 1228 1366 1418 1028 993 1359 1604
N 81
 1389 1086 1430 1034 1065 1040 987 1119 984 1310 1569 1599 1016 1477 1406 1415 1563 1427 1140 1588 1059 1073 1513 1019
N 82
 1464 1472 1322 1009 1010 1359 1387 1055 1417 1308 1029 1502 1456 1524 1416 1574 1199 1058 1285 1191 1205 1146 1569 1158
N 83
 1564 1137 1522 1483 1414 1443 1369 1235 1187 975 1054 1356 1043 1183 1358 1561 998 1448 1558 1593 977 1360 1480 1380
N 84
 1046 1258 1305 1321 1385 1377 1417 1128 1240 1285 1126 1389 1001 976 1149 1546 1018 1097 1222 1533 1302 987 1608 1501
N 85
 1271 1045 1448 988 1074 1122 1499 1407 1534 1229 1002 972 1172 1159 1484 1367 1488 1250 1356 1265 1520 1039 1043 1088
N 86
 1392 1098 1480 980 1220 1452 1148 1272 1261 1315 1102 1215 1060 1462 1322 1295 1290 1244 1020 1112 1054 1117 1514 1472
N 87
 1550 1395 1399 1447 1459 1609 1270 1111 1579 973 1337 1464 1262 1484 1479 1116 1191 972 1358 1507 1378 1272 1208 1412
N 88
 1121 1294 1232 1325 1466 1075 1529 1331 1364 1254 1307 1348 1408 1027 1143 1299 1287 1594 1288 1569 979 1029 1308 1132
N 89
 1344 989 996 1367 1469 1023 1163 1076 1228 1549 1123 1578 1608 1108 1443 1398 1593 1224 1390 1283 1567 1019 1222 1266
N 90
 1332 1156 1568 1547 1023 1459 1395 1584 1355 1606 1172 1029 1585 1593 1292 1309 1324 1113 1376 1293 1463 1314 1344 1529
N 91
 1107 1427 1597 1447 1392 1112 1547 989 1211 1401 1467 1356 1480 1617 1519 985 1606 1520 1402 1137 1075 1228 1129 1513
N 92
 1222 1528 1158 1016 1259 1201 1165 1568 1424 1025 1351 1398 989 993 1213 1447 1461 1155 1617 1098 1078 1164 1402 1088
N 93
 1604 1206 1038 1268 1011 1139 1177 1486 1059 1333 1473 1337 1234 1433 1173 1451 1250 1493 1386 1028 1551 1175 1503 1004
N 94
 1311 1013 1055 1429 1061 1279 998 1273 1391 1549 1217 1282 1506 1607 1106 1227 1441 1447 1611 1263 1007 1035 1499 1393
N 95
 1123 1096 1198 1343 1516 1575 1306 1102 1325 1476 1463 1049 1376 1295 1326 1547 1576 1398 1339 1207 1393 1405 1142 1381
N 96
 1379 982 1613 1303 1215 1343 1378 1545 1520 1467 1552 1472 978 1465 1338 1234 1603 1050 986 1375 1197 1188 1427 1432
N 97
 1500 1502 1112 1552 1249 1457 1507 1363 1450 1604 1520 1110 1521 1241 1549 973 1255 1149 991 1117 1582 1401 1020 1436
N 98
 1452 1089 1461 1071 1611 1072 1334 1314 1200 1292 1149 1509 1556 1356 1506 1235 1518 1231 1302 1516 1538 1319 1246 1363
N 99
 1460 1596 1160 1282 1478 1319 1162 1374 1185 1377 1583 1087 1184 1002 1277 1349 1153 1555 1112 1281 1135 1533 1340 1447
N 100
 1027 1237 1151 1260 1397 1611 1043 1596 1080 1612 1446 1040 1160 1514 1135 1444 1166 1255 1486 1396 1550 1302 1593 1152
N 101
 1354 1317 1399 1469 1212 1190 976 1323 1177 975 1267 1489 1596 1168 1355 1608 1552 994 1277 1342 1281 1533 1078 1038
N 102
 1553 1213 1443 1517 1349 1236 1403 1404 1432 1031 1208 1431 1538 1557 1522 1022 1099 1448 1618 1611 1014 982 1548 1261
N 103
 1184 1270 1339 1568 1043 1558 1439 1092 1212 1557 1535 1065 1267 1177 1079 1040 1529 986 1601 1288 1133 1174 1087 1492
N 104
 1295 1400 1002 1296 1577 1288 1355 992 986 1212 1588 1490 1150 1516 1454 1069 1255 1293 1147 976 1183 996 1247 1492
N 105
 1159 1290 1353 1557 1380 1430 1551 1349 1214 1267 1176 1114 1281 1518 1235 1266 1144 1296 1499 987 1007 1587 1149 1592
N 106
 1575 1380 1228 1170 1445 1119 1572 1381 1249 1527 1427 1454 1191 1077 978 1095 1265 1599 1432 1441 1128 1433 1514 1158
N 107
 1427 1617 1384 1149 1613 987 1250 1353 1074 1061 1538 1512 1489 1442 1608 1375 1009 1127 1501 1577 1382 1051 1526 1434
N 108
 1528 1201 1573 1495 986 1358 1048 1156 1116 1061 1271 1006 1583 1169 1144 1344 1021 1498 1189 1105 1102 1205 1338 1367
N 109
 1257 1061 1056 1100 1033 1488 1618 1006 1301 1235 1318 1043 1108 1226 1555 1366 1015 1474 1151 1228 1081 1140 1199 1274
N 110
 1492 1395 1010 1523 1139 1362 1581 1019 1457 1163 1106 1335 1055 1465 1495 996 1414 1561 1200 1566 1223 1074 1352 1567
N 111
 1514 1516 1236 1393 1154 1370 1546 1501 1252 1319 1572 1610 1183 1199 1357 1438 1173 1567 1123 1027 1324 1612 1347 1094
N 112
 1251 1172 1406 1474 1352 1014 1009 1465 1571 1501 1136 1148 1583 1321 1595 1409 1140 1503 1194 1442 1153 1396 1299 975
N 113
 1178 1349 1517 1047 1602 1188 1326 1611 1474 1608 1154 1136 1506 1377 1438 977 1296 1497 1230 1370 1292 1380 1286 1373
N 114
 980 1239 1311 1452 1269 1451 1562 1319 1139 1571 1064 1484 1210 1030 1476 1113 1498 1609 1364 1355 1102 1329 1405 1098
N 115
 1236 1378 1356 1120 1228 1383 1234 1138 1290 1518 1031 1394 1498 1610 1308 1593 1139 1231 1110 1164 1145 1279 998 1339
N 116
 1505 1164 1106 1010 1467 1189 1426 1042 1305 1203 992 1368 1540 1481 1366 1472 1313 1041 1476 1571 1182 1557 1194 1323
N 117
 1524 998 1321 1421 1607 1140 1378 1071 1561 1271 1209 1058 1437 1020 1251 1363 1148 1080 1448 1531 973 1268 1548 1157
N 118
 1039 1488 1388 1197 1544 1090 1404 1218 1291 1368 1279 1002 1486 1596 1420 1369 1605 1297 1325 1456 1509 1517 1284 1413
N 119
 1355 1616 1171 1350 1311 1415 1164 1319 1148 1459 1576 1361 1254 1462 1166 1060 1240 1596 1238 1179 1248 1090 1253 1452
N 120
 1060 1002 1261 1037 1160 1581 1464 1300 1041 974 1082 1480 1438 1286 1382 1027 1451 1086 978 1516 1437 1440 1100 1598
N 121
 1255 1540 1010 1423 1218 1487 1191 1574 1087 1109 1340 1308 1591 1174 1472 1009 1004 1279 1068 1358 1377 1605 1468 1495
N 122
 989 1479 1295 1459 1586 1302 1095 1211 1538 1214 1011 1210 1447 1440 1402 1368 1549 1159 1595 1614 1245 1236 1543 1073
N 123
 1397 1270 1189 1283 1314 1276 1082 1047 1287 1254 1590 1343 1307 1241 1231 1054 1141 1184 1387 1236 1561 989 1598 1237
N 124
 1224 1078 1396 1337 1040 1002 1417 1566 1190 1105 1242 1430 1047 1325 1355 1050 1445 1122 1448 1037 972 1031 1362 1532
N 125
 986 1169 1003 1234 1076 1525 1401 1182 1311 1192 1220 1308 1581 1122 1339 1058 1538 1477 1420 1349 1218 1242 1216 1351
N 126
 1484 1125 1007 1203 1415 1063 1594 1568 1248 1161 1062 1503 1603 1037 1124 1418 1510 1368 1122 1466 1117 1011 1346 1196
N 127
 1209 1203 993 1015 1162 985 1199 1205 1037 1023 1151 1598 1099 1192 1068 982 1081 1013 976 1143 1398 1002 1491 1026
N 128
 1607 1120 1288 1090 1462 1321 1293 1300 1311 1058 1331 1388 1148 1147 1104 1376 1250 1186 1202 989 1316 1401 1061 1282
N 129
 993 1350 1460 1462 1254 1310 1101 1170 976 1045 1093 1503 1409 1111 1537 1448 975 1011 1284 1192 1337 1209 1194 1601
N 130
 1055 1333 1069 1570 1404 1490 1410 1122 1143 1034 1246 1321 1125 1194 1212 1572 1184 1221 1424 1140 1589 1484 1263 1233
N 131
 1612 1456 999 992 1412 1407 1345 1015 1168 1090 1403 1493 1523 1068 1384 1089 1021 1135 1182 1257 1165 1543 1049 1401
N 132
 1262 1420 1581 1053 1338 1503 1559 1026 1096 1602 1139 1048 979 1562 1162 1615 1044 1294 1400 1455 1176 1283 1474 1199
N 133
 1268 1470 1157 1031 1582 1480 1416 1243 1198 1015 1182 1219 1353 1292 1206 1049 999 1518 1344 1443 1372 1321 1163 1391
N 134
 1610 1110 1044 1408 1399 1217 1596 1425 1017 1396 1002 1532 1415 1602 1380 1038 1424 1465 1018 987 1301 1220 1096 1328
N 135
 1062 1009 1437 1464 1526 1518 1503 1533 1291 1320 1509 1292 1016 1514 1003 1490 1100 1350 1349 1421 1353 1113 1160 1064
N 136
 1328 1326 1590 1325 1119 1193 1180 1018 1131 1317 1508 1447 1096 1254 1290 1049 1453 1311 1577 1110 1249 1556 1164 1117
N 137
 1290 1413 1359 1234 1423 1495 1161 1446 1287 1431 1067 1138 1269 1548 1251 1152 1233 1273 1214 978 990 986 1408 1088
N 138
 1583 1557 1519 1608 1505 1591 1069 1420 1365 1303 983 1064 1019 1363 1518 1307 1435 1131 988 1429 1342 1510 1188 1538
N 139
 1284 979 1199 1563 1141 1605 1509 1033 1035 1028 1195 1396 1162 1201 1119 1368 1041 1285 1561 1506 1376 1392 1029 1100
N 140
 1537 1521 1400 975 1163 1493 1125 988 1127 1287 1461 1392 1605 1514 1059 1606 1391 1271 1046 1019 1150 1478 1021 1117
N 141
 1067 1510 1569 1433 1550 1490 1577 1193 1415 995 1596 1440 1004 1574 988 1444 1127 1618 1338 1227 1297 1384 1078 1293
N 142
 1550 1584 1321 1579 989 1385 1326 994 1033 1345 1293 1300 1303 1091 1463 1467 1167 1478 1398 1593 1065 1094 1048 1013
N 143
 1131 1202 1482 1340 1187 1428 1296 1117 1353 1059 1521 985 1547 1492 1064 1034 1586 1369 1091 1389 1259 1435 1481 1568
N 144
 1484 1421 1198 1364 1610 1546 1400 1272 1394 1174 1170 1599 1472 1372 1127 1360 1289 1273 1462 997 1557 1126 1051 1239
N 145
 1285 1194 1017 1335 1191 1151 1454 1168 1386 1476 1005 1551 1330 1592 1588 982 1607 1469 1387 1240 1060 1011 1488 1307
N 146
 1289 1038 1446 1046 1048 1112 1188 1058 1328 1263 1193 1103 1222 1316 1337 1278 1182 1471 1062 1476 1341 1521 1369 1001
N 147
 1029 1490 1281 1186 1437 1447 1543 1474 1575 1175 1503 1019 1379 1547 1282 1155 1150 1381 1496 1520 1035 1069 1522 1317
N 148
 1291 1364 1217 1376 1575 1224 1548 1397 1087 1547 1499 1068 1196 1113 1247 1092 1587 1464 1530 988 1353 1428 1466 1403
N 149
 1481 1422 1113 1420 1463 1210 1332 1171 1173 1330 1248 1216 1261 1015 1527 1507 1512 1206 1176 1272 1606 1137 988 1145
N 150
 1359 1423 1192 1431 1437 1254 1556 1320 1352 1563 1414 1382 1312 1550 1006 1391 1132 1440 1072 1148 1587 1185 1201 1528
N 151
 1575 1451 1293 1109 1026 1172 1239 1062 975 1520 1571 1367 1300 1308 1541 1156 1178 1385 1072 1127 1275 978 1374 985
N 152
 1222 1217 1471 1005 1340 1299 1591 1014 1479 1364 1105 1047 1207 1619 1024 1277 1107 1081 1573 1368 1388 1418 1219 1227
N 153
 1218 1515 1390 1072 1137 1054 1103 1049 1264 995 1347 1396 1173 1090 1546 1420 1040 1366 1242 1046 1360 1557 1340 980
N 154
 1028 1216 1332 1164 1429 1170 1399 1122 1571 1162 1145 1033 1177 1358 1191 1094 1430 1486 1272 1281 1485 1595 1337 1356
N 155
 1274 1126 1385 1047 1569 1577 1328 1350 1541 1325 1517 1099 1488 1551 1043 1050 1386 1358 996 1033 1150 1255 1557 1142
N 156
 1167 1256 1338 1022 1233 1296 1157 1281 1381 1085 1333 1363 1551 1424 1321 1345 1594 1540 1107 1467 1482 1589 1068 1505
N 157
 1110 1415 1152 1382 1532 1068 1323 1277 1298 1059 1376 1095 1456 1321 1538 1188 1163 1009 1374 1202 1601 1133 1593 1003
N 158
 1515 1023 1048 1404 1284 1446 1445 984 1202 1259 1236 1072 1265 1530 1405 1089 1001 1479 1075 1198 1519 1020 1080 993
N 159
 1436 1542 1171 1047 1101 1332 1335 1475 1166 1485 1529 1041 1088 1247 1112 1520 1058 1017 1032 1146 1238 1187 988 1342
N 160
 1005 1517 1526 1461 1095 1564 1280 1160 1375 1460 1138 1358 1544 1348 1546 1013 1586 1162 1588 1129 1174 1386 1086 1426
N 161
 1281 1379 1199 1387 993 1069 1614 1396 1600 1219 1027 1204 1364 1437 1484 1587 1106 1558 990 1409 1015 1066 1518 1115
N 162
 1325 1012 1371 1411 1396 1381 1575 997 1475 1173 1510 1059 1277 1092 1586 1081 1355 1039 1494 1420 1457 1095 1154 1587
N 163
 1473 1599 1032 1037 1156 1433 1197 1289 1008 1518 1172 1160 1201 1396 1379 1619 1390 1174 1603 998 1385 1545 1298 1423
N 164
 1319 1374 1518 1005 1413 1280 1190 1295 1440 1477 1617 1254 1062 1488 1235 1086 1442 1461 1395 1162 1432 1470 1303 1174
N 165
 1387 1244 1476 1556 1418 985 1147 1347 1420 1289 979 1427 1514 1430 1091 1022 1317 1370 1543 1164 1180 1026 1191 1600
N 166
 1560 1204 1325 1507 1293 1056 1219 1033 1476 1270 1259 1485 1246 1290 1373 1600 1032 1382 1098 1515 1209 1357 1078 1542
N 167
 1558 1539 996 1010 1377 1135 1062 1142 1552 1176 1161 1579 1422 1368 972 1132 1244 1033 1432 1557 1591 1514 1448 1076
N 168
 1160 1006 1491 1108 1587 1448 1097 1162 1592 1539 1277 1577 1336 1487 1356 1494 1297 1434 1396 1426 1088 991 1573 1397
N 169
 1416 1585 982 1402 1179 1283 1284 984 1324 1148 1508 1406 1392 1067 993 1366 975 1434 1104 1385 1211 1461 1570 1102
N 170
 1099 1302 1113 1608 1412 1111 1524 1487 1049 1604 1427 1117 1226 1271 1353 1347 1087 1402 1319 1179 1200 1360 1536 1293
N 171
 1075 1509 1020 1253 1004 981 1410 1138 1084 1337 1615 1198 1427 1403 1302 1046 1082 1003 1205 1157 1453 1385 1357 1525
N 172
 1250 1215 1318 1123 1405 1492 984 1576 1525 1349 974 1213 1401 1353 1504 1030 1053 1109 1613 1418 1183 985 1219 1413
N 173
 1469 1321 1224 976 1449 1199 1584 1004 1044 1535 1172 1354 1155 1520 1365 975 1325 1537 1376 1170 1465 1479 1185 1015
N 174
 1288 983 1354 1397 1555 1207 1506 1053 1243 1280 1605 1534 1488 1128 1346 1579 1181 1474 1447 1183 1223 1554 1277 1528
N 175
 1021 1014 984 1280 1368 1362 1128 1493 1172 1457 1484 1381 1328 1384 1268 1608 1310 1456 1212 1474 1583 1544 1613 1269
N 176
 1069 1498 1111 1219 1469 1066 1231 1224 1065 1423 994 1399 1593 1402 1010 1542 1615 985 1480 1036 1527 1407 1377 1454
N 177
 1013 1028 1204 1137 1388 1427 1538 1391 1024 1436 1233 1352 1617 1444 1417 1565 1126 1102 1296 1125 1039 1042 1270 1219
N 178
 1335 1392 1317 1062 1362 1141 1032 1053 1476 1464 1373 1574 1333 1245 1041 1143 1503 1110 1060 1568 1499 1314 1033 1097
N 179
 1309 1337 1543 1181 1182 1569 1213 1614 1263 1372 1154 1232 1419 1476 1455 1296 1237 1529 1579 1594 1520 1037 1422 1294
N 180
 1417 1491 1016 1416 1064 1274 1548 1215 1156 1056 1219 1588 1587 1592 1181 985 1025 1304 1522 1440 1252 1536 1336 1012
N 181
 992 1253 1201 1398 1161 1318 1479 1239 1190 1596 1244 1134 1047 1369 984 1057 1501 1042 1215 1283 1599 1543 1311 1140
N 182
 1520 1288 1298 1499 1240 1514 1589 1291 1574 1395 1615 1188 1364 1269 1247 1226 1190 1186 1234 1136 1178 1193 1481 1607
N 183
 1169 1487 1197 1367 1326 1405 1203 1158 1076 1608 1527 1499 1532 1334 1449 1550 1378 1465 1046 1211 1438 1453 1333 1612
N 184
 1200 1565 1441 1547 1612 1035 1576 1377 1608 1072 1477 1026 1216 1409 1475 1473 1548 1288 1603 987 1276 1190 1249 1310
N 185
 1471 1015 1104 1027 1617 1198 1445 1325 1350 1464 1207 1461 1069 1428 1389 1220 1393 1587 984 1012 1018 1295 1079 1341
N 186
 1091 1094 1462 1198 1506 975 1337 1494 1469 1485 1221 1274 1363 1539 1592 1447 1490 1360 1519 1152 1115 1577 1070 1234
N 187
 1473 1012 1492 1329 1025 1268 1484 1292 1459 1024 1102 1246 1540 1057 1084 1028 998 1216 1173 1276 1400 1081 1172 1563
N 188
 1614 1013 1009 1535 1063 1393 1121 1099 1207 1219 1498 1454 1030 1450 1222 1563 1543 1136 1184 1448 1511 1512 1399 1275
N 189
 1195 1610 1393 1327 984 1342 1053 1594 1228 1153 1290 1529 1202 981 1010 1409 1227 1273 1225 1496 1354 1333 1451 1082
N 190
 1026 1600 1162 1409 1421 1460 1379 1076 1265 1267 1250 1555 1327 1391 1563 1194 1110 1111 1107 1554 1354 1597 1259 1549
N 191
 1416 1476 1178 1081 1270 1389 1284 1086 1447 1221 1041 1302 980 973 1530 1407 1171 1040 1181 1281 1175 1608 1165 1526
N 192
 1409 1611 1539 984 1370 1171 1437 1002 1588 1576 1566 1044 1372 1293 1274 1361 1145 1317 1238 1617 1477 1568 1307 1602
N 193
 1076 995 1267 1035 1163 1056 1146 1011 1156 1443 1489 1020 1604 1517 1610 1289 988 1408 1537 1379 1385 1304 1110 991
N 194
 981 980 1339 1235 1145 1250 1399 1549 1182 1414 1096 1349 1597 1134 1281 1150 1138 1554 1271 1478 1548 1323 1555 1052
N 195
 1367 1397 1524 1349 1359 1241 1449 1141 1082 1053 1308 1146 1093 1276 1170 1508 1557 1098 1338 1382 1550 1180 1255 1303
N 196
 1113 1598 1069 1367 1384 1191 1306 1003 1500 1391 1578 1059 1232 1581 1272 1609 1226 980 1558 1295 1134 1325 1060 1181
N 197
 1243 1559 1618 1402 1348 1602 1293 1004 1355 1307 1483 1162 1550 1001 1462 1502 1262 1508 1170 1442 993 1521 1198 1206
N 198
 1112 1458 1115 1464 1210 1304 1327 1408 1001 1541 1179 1543 1595 1528 1420 1479 1090 1015 1214 1079 1376 1051 1610 977
N 199
 1117 1410 1197 1368 1409 1032 1505 1565 1169 1201 1602 1067 1252 1003 1230 1612 1335 1128 1366 1142 1153 1256 1259 1390
N 200
 1142 1312 1478 1008 1405 1307 1287 1563 1175 1606 1327 1227 1040 1449 1566 1095 1244 1010 1505 1253 1448 1249 1037 1482
N 201
 1461 1164 1410 1480 1011 1206 1346 1177 1373 1087 1556 991 1573 1138 1155 972 1339 1143 1144 1154 1610 1439 1247 1277
N 202
 1279 993 1393 1494 1483 1522 1548 1366 1427 1565 1452 1043 1550 1575 1075 1260 1025 1065 1265 1300 1049 1315 1319 1180
N 203
 1126 1122 1487 1564 1285 1105 1320 1575 1456 1315 1209 1287 1593 1584 1591 1190 1116 1291 1463 1086 1261 1386 1585 1536
N 204
 1166 1318 1139 1532 1502 1580 1151 1115 1175 1041 1545 1314 978 1167 1113 1460 1441 1424 1433 1310 1429 1213 1172 1275
N 205
 1405 1127 1002 1586 1185 1566 1561 1145 1559 1549 1523 1402 1052 1015 1039 1310 1162 1558 1123 1551 1565 1187 1277 1000
N 206
 1316 1261 1345 1389 1411 1038 1267 1413 993 1136 1158 1024 1563 1508 1565 1090 1043 1356 1611 1488 1504 1096 1108 1388
N 207
 978 1304 1225 1201 1392 1457 1258 973 1094 1308 1275 1041 1005 1406 1111 1465 1120 1537 1166 1521 1477 1586 1045 1077
N 208
 1599 1609 1409 1287 1330 1582 1431 1185 1414 1614 1253 1164 1495 1305 1072 1560 1550 1290 1511 1393 1000 1118 983 1350
N 209
 1535 1428 1042 1157 992 1409 1062 1452 1334 1060 1380 1225 1213 1404 978 1102 1584 1609 1275 1126 1586 1198 1232 1388
N 210
 1150 1043 1000 1462 1611 1400 1465 1557 990 1259 1158 1286 1063 1544 997 1076 1403 1263 976 989 1160 1460 1215 1478
N 211
 1373 1018 1180 1362 1316 1285 1599 1304 1589 1107 1479 1419 1340 1615 1489 1218 1280 1204 1415 1301 1176 1385 1430 1063
N 212
 1374 991 1547 1359 1499 1386 1230 1132 1311 1607 1279 1049 1302 1616 1458 1606 1378 1510 1413 1334 1242 1399 1123 1022
N 213
 1534 1093 1272 1101 1599 1012 1528 1152 1471 1488 1384 1572 1376 1189 1195 1228 1406 1419 1019 1205 1418 1252 1526 1153
N 214
 1500 1486 998 1552 1298 1316 1551 1327 1186 1066 1535 1525 1247 1032 980 1443 986 1574 1145 1558 1294 1300 1014 1057
N 215
 1401 1461 1184 1438 1497 1162 1517 1153 1427 1160 1546 1399 1355 1116 1309 1099 1618 1147 1403 1279 1211 1308 1545 1534
N 216
 1113 1446 1465 987 1462 1062 973 994 1412 1611 1052 1185 1468 1116 1479 1279 1292 1268 1478 1425 1328 1551 1531 1162
N 217
 1566 1438 1223 1616 1582 1157 1309 1295 1379 1415 1330 1231 1265 1239 1594 997 1581 1200 1433 1361 1381 1553 1254 1410
N 218
 1235 1258 981 1246 1230 1085 1519 1114 1443 1134 1591 1115 1193 1537 1327 1584 1310 1108 1446 1518 1543 1050 1607 1521
N 219
 1428 1070 1393 1519 1137 1476 1050 1256 1046 1301 1562 997 1238 1082 1161 1454 1132 974 1324 1571 1079 1029 1009 1212
N 220
 1615 1362 1219 1010 1026 1492 1118 1192 1189 1232 1066 1586 1507 1512 1015 1084 1087 1113 1530 1413 1216 1081 1060 1178
N 221
 1225 1295 1598 1108 1353 1214 1494 1162 1331 1507 1062 1122 1367 1411 1563 1392 1416 1068 1172 1490 1166 1193 1487 1236
N 222
 1198 1285 1292 1084 1589 1007 1314 1364 1208 1246 1014 1228 1575 1256 1408 1562 1597 1048 1147 1439 1288 1514 1489 1316
N 223
 1244 1031 1200 1332 1327 1238 1359 1064 1294 1454 1199 1570 1278 1262 1427 981 1369 1004 1616 1339 1179 1190 1417 1493
N 224
 1006 1064 1450 985 1233 1616 1077 1213 1201 1389 1142 994 1273 1220 1499 1579 1317 1046 1319 1540 1325 1238 1480 1418
N 225
 1205 1594 1084 1501 1545 1245 1114 1144 1300 1192 1350 1181 1504 1012 1389 1191 1428 1001 1372 1150 1405 1564 1586 1055
N 226
 1142 1104 1118 1489 1407 1315 1323 1024 1219 1085 1011 1465 1464 1306 1552 983 1355 1576 1590 1619 1277 1282 1353 1042
N 227
 1110 1605 1594 1362 1035 1437 1243 992 1270 1401 1474 1087 1430 1189 1312 1103 1059 1315 1240 1428 1298 1559 1061 1427
N 228
 1144 1565 1289 1028 1099 1490 1594 1378 1228 1223 1152 1048 1433 1235 1279 1295 1236 1042 1438 1363 1317 1113 1515 1580
N 229
 1505 1248 1225 1607 1364 1461 1335 978 1357 1422 988 1102 1199 1485 1173 1082 1316 1131 1059 1159 1600 1565 1494 1304
N 230
 1257 1232 1220 1419 1218 1001 1010 1486 994 1521 1250 1554 1493 997 1440 1056 1304 1364 1122 1114 1037 1478 1346 1278
N 231
 1200 1607 1579 995 1066 1432 1367 1065 1611 1220 1076 1149 1259 1063 1299 1091 1313 1534 1249 1364 1247 1206 1158 1361
N 232
 1229 1189 1007 1140 1278 1276 1319 1613 998 1429 1057 1379 1421 1506 1230 1496 1517 1151 1050 1240 1195 973 1045 1073
N 233
 1564 1146 1449 1291 1570 1172 1344 1036 1097 1413 1245 1507 1509 1536 1169 1442 1467 1403 1360 1006 1075 1466 1073 1252
N 234
 1506 1291 1246 1195 1451 1283 975 1203 1021 1298 1424 1277 992 1295 1094 1469 1441 1255 1599 1429 1087 1112 1602 1427
N 235
 1013 1007 1161 1173 1474 1001 1445 1195 1559 1122 1316 1339 1362 1150 1005 1395 1594 1591 1116 1356 1576 1292 1583 1140
N 236
 1404 1249 1121 1266 1536 1099 1078 1311 979 1244 1449 1037 1482 1265 1062 1452 1143 1503 1200 1350 1488 1522 1500 1573
N 237
 1566 1520 1438 1472 1361 1021 1081 1052 1578 1187 1588 1383 1295 1026 1304 1217 1435 1495 1279 1516 1003 1200 1277 1054
N 238
 1074 1576 1322 976 1126 1435 1523 1160 1383 1014 1202 1047 1329 1212 1139 1372 1100 989 1068 1294 1246 1088 1225 1455
N 239
 1041 1593 1364 1451 1011 1099 1057 1609 1448 1257 1606 1305 1286 1337 986 1478 1571 1387 1582 1368 1040 1269 1034 1470
N 240
 1485 1567 1470 1532 1535 1539 1272 1169 1503 1163 1321 1171 1196 1063 1150 1554 1181 1548 1256 1521 1263 1528 1022 1330
N 241
 1346 1451 1421 1256 1526 1550 1460 1392 1091 1216 1127 999 1501 1044 1102 1593 1506 1540 1505 1189 1332 1402 1549 1226
N 242
 1476 1607 1016 1175 1009 1045 972 1201 1089 1328 1082 1060 1435 1119 1164 1002 1404 1028 1265 979 1224 1512 1245 1331
N 243
 1380 1463 1136 1331 1534 1340 1303 1601 1336 1446 1127 1434 1174 1546 1058 1129 1371 1448 985 1273 1603 1196 1069 1055
N 244
 1192 1574 1059 1125 1349 1030 1259 990 1088 1117 1354 1222 1427 1601 1473 1307 1509 1261 1577 1296 1213 1198 1364 1290
N 245
 984 1219 1085 1063 1221 1126 1091 1510 1409 1346 982 1466 1265 1033 1023 1084 1001 1545 989 1473 1123 1173 1540 1026
N 246
 1530 1478 1431 1258 1048 1031 1018 1242 1508 1463 1150 1593 1507 1286 1411 1248 1390 1332 1049 1457 1509 980 1531 1558
N 247
 1351 1394 1150 1402 1109 1014 1015 1242 1237 1171 1167 1549 1128 1135 1473 1044 1497 1031 1163 1142 1170 1231 1260 1417
N 248
 1311 1085 1200 1347 1204 1028 1134 1559 1365 1423 1202 1035 1092 1342 1431 1580 1102 1286 1016 1078 1600 1398 1306 1534
N 249
 1468 1439 1306 1591 1103 1363 1164 1594 1117 1150 1354 1195 1006 1583 1194 1063 1010 1424 999 1148 1057 1333 1275 1609
N 250
 1545 995 1404 1125 1076 1257 1242 1145 1382 1205 1572 1585 1444 1358 1124 1529 1322 1378 1147 1303 1362 1093 1465 1515
N 251
 1259 1321 1572 1307 1320 1417 1134 1084 1278 1000 1480 1245 1127 1151 1492 1193 1149 1541 1181 1429 1174 1614 1256 1008
N 252
 1523 1316 1488 1054 1309 1095 1531 1419 1358 1372 1450 985 1542 1097 1238 1043 1558 1593 1189 1204 1366 1567 1099 1130
N 253
 1206 1455 1132 1528 1368 997 1406 1506 1303 1025 1426 1409 1044 1481 1145 1425 1141 1062 1111 1466 1180 1101 1615 1179
N 254
 1481 975 1448 1121 1107 1180 1603 1086 1298 1500 1314 1026 1181 1426 1444 1229 1178 1391 1276 1511 1487 1576 1074 1120
N 255
 1251 1141 1387 1224 1025 1271 1506 1555 1380 1564 1126 1212 1531 1532 1192 1266 1223 1394 1234 1243 1112 1595 1111 989
N 256
 1328 1587 1284 1208 1374 1348 1082 1251 1214 1549 1230 1514 1229 1243 1547 1109 1073 1047 1148 1542 1289 987 1502 1614
N 257
 1012 1525 1233 1424 1543 1540 1375 1447 1599 1418 1287 1335 1078 1110 1348 1455 1163 1426 1440 1183 1099 1040 1390 1229
N 258
 1361 1192 1239 1083 1583 1491 1329 1422 1117 1072 1300 1009 1589 1091 993 1352 1159 1263 1248 1163 1025 1538 1240 1019
N 259
 1480 1419 997 1504 1452 1091 1314 1098 1376 1135 1275 986 1323 1295 1424 1572 1299 1287 1247 1356 1312 1395 1181 1161
N 260
 1266 1036 1398 1120 1557 1299 1402 1294 1329 1616 1488 1298 1354 1184 1559 1223 1004 1495 1416 1292 1233 1570 1003 1021
N 261
 1195 1534 1149 1142 1216 1504 1486 1546 1387 1555 1109 1437 1131 1404 1338 1194 1209 1358 1603 1053 1527 1055 1418 1383
N 262
 1055 1491 1213 1531 1596 1092 1107 1272 1590 1106 1439 1315 1597 1161 1474 1443 1389 1527 1159 1483 1419 1031 1517 1519
N 263
 1161 1151 1297 1096 1520 1341 1506 1587 1551 1474 1069 1367 1313 1403 1292 1509 1052 1424 1030 1032 1468 1134 1480 1445
N 264
 1399 1055 1374 1150 1230 1529 1022 1493 1209 1000 1577 972 1046 1307 1575 1606 1199 1187 985 1351 1449 1236 1391 1185
N 265
 1159 1527 1123 1592 1190 1203 1569 1452 1289 1153 1380 1386 1164 1430 1020 1437 1343 1234 1553 1142 1511 1373 1080 1559
N 266
 1422 1616 1157 1130 1351 1055 1270 1006 1300 1039 1101 1017 1228 1183 1014 1224 1310 1420 1268 1081 1129 1421 1500 1473
N 267
 1548 1552 1259 1472 1156 1053 1392 1059 1024 1351 1225 1116 1523 1113 1581 1148 1014 1204 1217 1268 1164 1106 1038 1501
N 268
 1153 1416 1048 1168 1269 1385 1374 1070 1512 1370 1253 1444 1135 1188 1274 1018 1329 1382 1580 1308 1401 1270 1362 1364
N 269
 1207 1487 1538 1012 1544 1100 1016 1352 1250 1136 1318 1006 1567 1618 1463 1107 1376 1542 1139 1366 1368 974 1138 1297
N 270
 1388 1233 1439 1228 1354 1078 1099 1093 1372 1507 1452 1577 1446 1012 1236 1349 1612 1346 1391 1448 986 1160 1267 1203
N 271
 1432 1021 1154 1299 1280 985 1262 1061 1186 1544 1389 1535 1368 1221 1608 1419 1285 1434 1043 1561 1597 1253 1201 1100
N 272
 1046 1486 1042 1047 1203 1468 1248 1449 979 1086 982 1325 1294 1271 1566 1599 1146 1413 1249 1593 1591 1355 1081 1182
N 273
 1347 1482 1308 1231 1416 1420 1046 1079 1573 1582 1616 1403 1212 1206 1377 1349 1392 1186 1150 1250 1429 1285 1389 1056
N 274
 1380 1425 1158 1236 1297 1048 1020 1241 1117 1139 1193 1544 1546 1162 1371 1350 1112 1061 1263 1596 1133 1280 1339 1364
N 275
 1553 1393 1396 1526 1056 1292 1257 1129 1016 1463 1332 1614 1206 1432 1027 1234 1088 1057 1096 1467 1420 1491 1458 1211
N 276
 990 1375 1276 1615 1131 1144 1559 1154 1322 1263 1091 1143 1156 1531 974 1095 1281 1268 1238 1031 1266 1529 1059 1568
N 277
 989 999 1061 1581 1384 1220 1344 1395 1250 1455 1279 1003 1276 1330 992 1213 1280 1286 1423 1198 1034 1056 1233 1215
N 278
 1235 1066 1388 1465 1244 1458 1218 1051 1357 1035 1272 1472 1109 1196 1130 1023 1451 1321 1277 1263 1397 1285 1190 1111
N 279
 978 1250 1396 1607 1255 1021 1378 1296 1341 1024 1283 1095 1604 1348 1131 1117 994 1141 1179 1287 1168 1425 1121 1187
N 280
 1002 1196 1435 1549 1333 995 1096 981 1054 1579 1243 1120 1083 1210 1178 1058 1498 1475 1282 1427 991 1317 1098 1369
N 281
 1545 1442 1211 1586 1104 977 1035 1014 1452 1437 1431 1188 1092 1457 988 1241 1499 1573 1440 1356 1064 1608 1539 1377
N 282
 1504 1233 1273 1553 1121 1185 1103 1366 1049 1100 1193 1544 1502 1546 1572 1050 1373 1533 1042 1303 1263 1392 1210 1508
N 283
 1383 1306 981 1016 1107 1424 1285 1494 1278 1255 1466 1552 1488 1435 1226 1345 1431 1452 1090 1405 1580 987 1003 1300
N 284
 1314 1531 1087 1576 1393 1233 1069 1390 1119 1032 1426 1218 1043 1407 1466 1237 1186 1476 1562 1195 1482 1090 1210 1546
N 285
 1474 1010 1438 1137 1442 1195 1226 1074 1380 1063 1093 982 1391 1320 1050 1575 1324 1309 1504 1373 1103 1176 1369 1562
N 286
 1019 1452 1409 1585 1012 1174 1098 1583 1219 1316 1157 1131 1418 1349 1330 1337 1018 1022 1375 1024 1616 1224 1027 1285
N 287
 1190 1306 1523 1543 1035 1090 1599 1075 1605 1483 1106 1437 1516 991 1441 1504 1538 1482 1521 1309 1495 1475 1479 1024
N 288
 1147 1459 1414 1274 1444 1032 1368 1222 1457 1338 994 1089 1300 1075 1463 1217 1138 1469 1121 1468 1428 1196 1013 1366
N 289
 1156 1293 1550 1093 1125 1082 1022 1417 1598 989 1214 1174 1191 1429 1234 1213 1555 1571 1128 1028 1528 1448 1506 1397
N 290
 1535 1225 982 1140 1289 1014 1089 1235 1511 1561 1191 1475 1348 1183 1417 1115 1385 1097 1292 1280 1066 1196 1431 1098
N 291
 1397 1262 1556 1126 1411 1214 1000 1502 1083 1481 1461 1388 996 1013 1421 1393 1454 1597 1089 1236 1501 1100 1589 1240
N 292
 1161 1414 1520 1549 1065 1435 1005 1036 991 1151 1565 1465 1347 1423 1420 1475 1250 990 1067 1501 1421 1331 1218 1260
N 293
 1335 1400 1108 1336 1402 1343 1381 1297 1445 1373 1549 1007 1441 1283 1469 1308 1294 984 1444 1023 1214 977 1496 1196
N 294
 1057 1430 1167 1611 1170 1403 1497 1408 1449 1506 1088 1289 1112 1494 1222 1484 1184 1488 978 1152 1037 1325 979 1381
N 295
 1492 1448 1510 1617 1358 996 1052 1263 1342 1316 1475 1467 1489 1564 1409 1384 992 1497 972 1252 1495 1563 1336 1017
N 296
 1487 1143 1344 1220 990 1451 1227 1140 985 1072 1230 1027 1345 1286 1407 1154 1546 1156 1316 1374 1495 1417 1268 1610
N 297
 1168 1243 1084 1154 1179 1371 1092 1046 1207 1009 1569 1597 1204 1101 1026 1419 1581 990 1261 1198 1390 1468 1262 987
N 298
 1400 1496 1123 1294 1336 1445 1417 992 1318 1392 1574 1228 1086 1223 1287 1492 1284 1231 1451 1561 1079 1441 1311 1088
N 299
 1199 1302 1377 1188 1148 1505 1520 1607 1615 1558 1024 1208 1090 1395 1358 1407 1260 1136 1534 1379 1466 1581 976 1391
N 300
 1357 1445 1183 1401 992 1244 1307 1141 1254 1270 1333 1349 1403 1395 997 1250 1614 1241 1247 1037 1063 1420 1249 1086
N 301
 1137 1258 1618 1140 1218 1481 1388 1272 1531 1443 1199 1260 1465 1050 1483 1572 1177 1102 1498 1237 1457 1487 1332 1406
N 302
 1534 1542 1574 1322 1278 1207 1124 1253 1546 1001 1106 1485 1160 1252 1441 1310 1437 1360 1215 1523 1088 1405 1403 1179
N 303
 1504 1133 1016 1021 1180 1013 1052 1608 1317 1018 1509 1450 999 1001 1301 1544 1082 1569 1525 1548 1042 1141 1093 1533
N 304
 1357 1194 1351 1263 1593 1305 1383 1455 1354 1539 1521 1600 1565 1054 1562 1213 1524 1345 1096 1366 1557 1139 1042 1466
N 305
 1482 1295 1498 1053 1504 1105 1243 1171 1232 1312 1570 992 1077 1520 1016 1115 983 1369 1441 1380 1515 1365 1059 1233
N 306
 1489 1544 1517 1003 1365 1532 1398 1372 1289 1329 1221 1238 1050 1055 1353 1368 1264 1479 1583 1319 1559 1051 1160 1560
N 307
 1436 1210 1019 1180 1445 1477 1359 1093 1557 1182 1561 975 1490 1280 1010 1375 1357 1035 1374 1389 1260 1463 1173 1133
N 308
 1414 1454 1325 1146 1037 1307 1555 1611 1102 1209 1240 1301 1530 1607 1127 1568 1442 1130 1094 1215 977 1592 1443 1267
N 309
 1244 1118 1224 1198 1464 1497 1251 1105 1303 1060 1511 1077 1475 1152 1400 1515 1036 1386 1498 1521 1163 1272 1330 1555
N 310
 1005 1590 1181 1600 1015 1036 1003 1484 1104 1410 1120 1531 1329 1155 1051 1472 1574 1261 1078 1500 1503 1618 1575 1445
N 311
 1608 1208 999 1358 1132 1469 1375 1130 1559 1305 1181 1540 1473 1549 1542 1581 1404 1527 1401 1296 1043 1418 1393 981
N 312
 1525 1380 1327 1361 1097 1436 1435 1543 1216 1382 1249 1330 1367 1005 1155 1151 1407 1590 1619 1253 1063 1227 1086 1322
N 313
 1383 1356 1116 1091 984 1199 1209 1254 1074 1472 1053 1453 1038 1259 1596 1251 1130 1608 1039 1073 1584 1458 1493 1352
N 314
 1552 1294 1560 1297 1337 1068 1409 1005 1534 1600 1107 1073 1103 1524 1381 1486 1581 1586 1520 1283 1264 1470 1094 1558
N 315
 1152 1361 1338 1042 1202 1405 1295 1397 1413 1473 1510 1595 1529 1171 1037 1199 1174 1075 1345 1390 1130 1516 1230 1297
N 316
 1203 978 1394 1163 1183 1019 1301 1285 1511 1452 1489 1060 1271 1365 1456 992 1545 1102 1366 1509 1109 1371 1531 1198
N 317
 1274 1595 1292 1555 1307 1272 1513 1501 1251 1063 1394 1369 1227 1561 1360 1381 1419 1294 1235 1053 1209 1328 1150 1273
N 318
 1094 1429 1493 1552 1183 1606 1221 1365 1004 1130 1189 1043 1109 1106 1204 1329 1321 1517 1594 1206 1313 1024 1277 1553
N 319
 1120 1140 1565 1332 1252 1546 1507 1464 1335 1552 1105 1266 1350 1257 1496 1273 1344 1022 1617 1493 1618 1313 1004 1578
N 320
 1588 1119 985 1526 1218 1324 1179 1521 1217 1570 1456 1296 1607 1374 1301 1116 1429 1545 1385 1522 1520 1595 1346 1430
N 321
 1439 1567 1528 1512 1067 1184 1615 1138 1588 1266 1382 974 1045 1207 1391 1100 1286 1145 1458 1426 981 1537 1436 1603
N 322
 1550 1542 1152 1455 1097 1169 1240 1066 1140 1314 974 1009 1571 1441 1536 1469 1510 1471 1368 1577 1057 1357 1394 1222
N 323
 1386 1313 1119 1047 1334 1118 1471 1396 1598 1449 1435 1306 1610 1496 1171 1160 1343 1016 1587 1515 1180 997 1388 1566
N 324
 1413 1275 1571 1451 1539 1576 1312 1487 1518 977 1068 1351 1399 1151 1087 974 1552 1251 1067 1277 1579 1575 1042 1023
N 325
 1345 1226 1258 1347 1247 1278 1273 1382 1589 1007 1011 1553 1086 1069 1435 1220 1538 1396 1398 1293 1243 1160 1506 1569
N 326
 1052 1245 1403 1038 1556 1077 1616 1223 1511 1075 1117 1185 1039 1203 1537 1179 1149 1132 1534 1560 1161 1257 1212 1254
N 327
 1231 1498 1169 1007 1264 976 1009 1428 1280 1537 1188 1224 1087 1013 1023 1115 1457 1522 1286 1418 1419 1272 1429 1523
N 328
 1500 1161 1018 1017 997 1023 1340 1609 1418 1305 1323 1375 1401 976 1230 988 1437 972 1405 1057 1287 1471 1042 1416
N 329
 1385 1121 1599 1109 1053 1029 1592 1513 1157 1541 1302 1507 1215 1125 1505 1098 1488 1303 1370 1233 1459 1485 1010 1618
N 330
 995 1323 1533 1036 1204 1580 1300 1482 1217 1386 1380 1068 1067 1515 1123 1138 1489 1133 1010 1070 1406 1586 1318 1336
N 331
 1182 1094 1161 1383 1454 1410 1185 1056 1582 1138 991 1278 1050 1593 1128 1109 1417 1397 1381 1366 1343 1137 1457 1108
N 332
 1360 1130 1614 1357 1502 1340 1069 1259 1516 1454 1421 1189 1417 1562 1520 1009 1145 1477 1295 1583 1128 1325 1301 1085
N 333
 1450 1228 1243 1030 1163 1360 1036 1452 1147 1490 977 976 1010 1341 1244 1262 1495 979 1013 1174 1417 991 1568 1366
N 334
 1041 1469 1323 1238 1539 1188 1276 1588 1202 1197 1132 1433 1291 1520 1450 1229 1017 1252 1320 1522 1140 1579 1392 1061
N 335
 1185 1507 1161 987 1583 1274 1502 1490 1137 995 1220 1005 1113 1539 1426 1347 1550 1506 1162 1322 1547 1440 1522 1385
N 336
 1191 1606 1177 1549 1497 1053 1310 1429 1224 1108 1189 1394 1150 1373 1463 1202 1554 1238 1452 1336 1045 1542 1250 1294
N 337
 1325 978 1097 1604 1606 1348 1218 1408 1266 1585 1190 1413 1202 1122 1330 1199 1595 1444 1022 1066 1382 1210 1453 1246
N 338
 1436 1604 1041 1482 1111 1423 1384 1173 1095 1532 1033 1035 1521 1042 1190 1136 1194 1293 1448 1238 1449 1008 1071 1303
N 339
 1447 1048 1470 1144 1576 1238 1239 1415 1052 1270 1191 1616 1075 1513 1346 1223 1454 1361 1128 1201 1077 1404 1200 1358
N 340
 1140 1365 1027 1107 1267 1184 1490 1085 1415 1353 1008 1571 1074 1051 979 1479 1515 1346 1302 1362 1166 1582 1570 1433
N 341
 1428 1043 1480 1297 1475 1252 1610 1363 1305 1058 1157 1426 1069 1215 1028 1333 1347 1398 1187 1494 1023 1402 1543 1235
N 342
 1438 1141 1365 999 1139 1368 1146 1342 1547 1382 1338 1337 1591 1515 1049 1021 1057 1259 1555 982 1339 1147 1129 1439
N 343
 1187 1085 1086 1112 1466 1493 981 990 1464 1577 1065 1423 1316 1444 1039 1144 1032 1500 1175 1555 1160 1294 1599 1244
N 344
 1507 1580 1046 1084 1604 1456 1401 1072 1110 1405 1447 1160 1219 1078 1548 1375 1133 1603 1489 1243 1363 1359 991 1540
N 345
 1606 1422 1192 1312 1603 1005 1296 1568 980 1571 1196 1599 1013 1293 991 1168 1614 1050 1350 1550 1155 1190 1037 1416
N 346
 1425 1604 1450 1516 1597 1077 1364 1168 1481 1499 1535 1538 1114 1607 1374 1016 1359 1008 1115 1537 1018 1440 1231 1237
N 347
 1133 1509 1087 1605 1258 1242 1088 1280 1244 1534 1345 1026 1520 1449 1609 1422 1420 1033 1051 1004 1164 973 1365 1327
N 348
 1563 1263 1537 1551 1232 1112 1017 1527 1405 1473 1307 974 1193 1503 1168 1080 1070 1083 1543 1424 1138 980 1210 985
N 349
 1048 1480 1525 1565 1415 1299 1393 1329 1365 1335 1240 1537 1515 1603 1031 1162 1245 1424 1589 1349 1361 1475 977 1232
N 350
 1607 1407 1286 1129 1600 1619 1038 1469 1408 1606 1563 1120 1055 1195 1472 1241 1605 1150 1145 1206 1305 1571 1275 1171
N 351
 1003 1134 1413 1313 1012 1227 1250 1478 1210 1042 972 1197 1503 1051 1480 1586 1153 1286 1340 1029 1152 1093 1075 1079
N 352
 1269 1004 1233 1384 1210 1138 1266 995 1478 1232 1141 1052 1056 1598 1103 1350 1272 1297 1424 1096 1305 1619 1296 1461
N 353
 1073 1437 991 1134 1409 1583 1098 1080 999 1149 978 1588 1194 1602 1566 988 1248 1393 1233 1389 1590 1614 1041 1143
N 354
 1168 1486 1441 1485 1217 1036 987 1337 1060 975 1190 1044 1509 1455 1585 998 1580 1024 1153 1037 1424 1442 1137 1434
N 355
 1384 1282 1254 1484 1157 1078 1433 1153 1588 1184 1582 1559 1139 1610 1147 1068 1008 1302 1557 999 1054 1449 1021 1292
N 356
 1053 1581 1162 1090 1231 1108 1093 1523 1018 1267 982 1313 1262 1065 1110 1537 1608 1227 1395 1081 1130 1239 1042 1609
N 357
 1001 1240 1139 1491 1083 1331 1306 1586 1323 1574 1548 1344 1592 1613 1578 1131 1499 1327 1350 1504 1195 1354 1000 1007
N 358
 1167 1410 1399 1216 1369 1475 1292 1430 1377 1542 1162 1373 1154 1068 1076 1606 1257 1190 977 1120 1152 1547 1113 1612
N 359
 1283 1040 1242 1541 1496 1457 1428 1464 1322 1014 1610 1151 1522 1536 1201 1032 1462 1147 1209 1004 1202 1305 1087 1190
N 360
 1073 1158 1550 1360 1498 1590 1492 1381 1184 1575 1248 1361 1123 1324 1024 1095 1101 1108 1591 1174 1616 1441 1282 1436
N 361
 1374 1242 1083 1173 1234 1188 1013 979 1309 1439 1067 1317 1190 1373 1108 1456 1339 1253 1519 1101 1436 1049 1610 1229
N 362
 1366 1432 1079 1363 1198 1544 1167 1237 1578 1078 1469 1440 1028 1570 1209 1611 1545 1305 1477 1584 1460 1409 1512 1468
N 363
 1011 1330 1518 1163 1331 1290 1083 1604 1122 1366 1343 1119 1021 1003 1556 1416 1421 987 1557 1482 1439 1038 1572 1052
N 364
 1002 1416 1034 1133 1020 1126 1111 1003 1545 1588 1365 1077 1510 1618 1107 1315 1544 1532 1031 1485 1100 1356 1200 1399
N 365
 1522 1169 1257 1581 1265 1422 1227 1388 1041 1065 1015 1282 1536 1319 1269 1379 1250 986 1181 1119 1203 1299 1046 1025
N 366
 1284 1054 1347 1217 1568 1504 1578 1189 1122 1231 1603 1455 1291 1301 1078 1061 1336 1159 1264 1352 1349 1025 1438 1439
N 367
 985 1170 1193 1465 1327 981 1556 1062 1336 1564 1168 1213 1578 1444 1597 1413 1214 1205 1333 1559 1088 990 1576 1189
N 368
 1070 1584 1018 1148 1131 1412 1281 1472 1169 1234 1338 1160 1604 1450 1097 1297 1197 1056 1037 1500 1448 1024 1223 996
N 369
 978 1156 1603 979 1513 1442 1155 1124 1217 1267 1159 1223 1064 1128 1092 1194 1271 1617 1574 1286 1515 1548 1246 1318
N 370
 1207 1390 1046 1269 1251 1453 1180 1238 1012 1549 1176 1087 1455 1218 1094 1474 1545 1435 1386 1118 1570 1197 1360 1036
N 371
 985 1301 1293 1235 1048 1155 1209 1275 1380 1146 1361 1331 1537 1450 1022 1452 1270 1263 1295 996 1394 1255 1571 1587
N 372
 1225 1189 1601 1072 1365 1452 1111 1277 1599 1051 1596 1089 1386 1063 1505 1074 1354 984 1349 1533 1294 1591 1508 1483
N 373
 1239 1463 1406 982 1581 1444 1280 1189 1531 1320 1214 1068 1139 1322 1515 1356 1615 1617 1085 1061 987 1021 1516 1256
N 374
 1133 1216 1605 1136 999 1341 1242 1347 1442 1164 1068 1180 1037 1041 1586 1537 1228 1094 1512 1405 1256 1608 1295 1273
N 375
 1585 1390 1346 1486 1338 1407 1196 1398 1136 1122 1317 1589 985 1276 1315 1565 1167 1521 1012 1233 1255 996 1460 1588
N 376
 1021 1106 1428 1054 1532 1193 1448 990 1427 1511 1583 993 1180 1303 1163 1342 1362 1438 1073 1100 1402 1169 1297 1341
N 377
 1284 1377 1200 1195 1092 1274 1053 1534 1561 1266 1612 1574 1215 1322 1157 1389 1328 1033 1066 1214 1404 1265 1337 1532
N 378
 1345 1068 1165 1082 1278 1522 1597 1353 1478 1554 1482 1618 1191 1252 1589 1570 1575 995 1282 1429 1436 1546 1240 1390
N 379
 1554 1145 1575 1020 1301 1339 1042 1380 1402 1266 986 1269 1315 1310 1492 1025 1423 1017 1553 1022 1410 1484 1439 1142
N 380
 1315 1356 1593 1210 1476 1612 1261 1382 997 1372 1606 1229 1203 1493 1576 1197 1435 1396 1517 1361 1587 1001 1091 1138
N 381
 1289 1268 1441 1271 1265 1087 1021 1477 1189 1364 996 1398 1443 1201 1548 1130 1169 1136 1120 989 1083 1388 1193 1019
N 382
 1534 1556 1404 1375 1605 1347 1297 1544 982 1146 1480 972 1034 1261 1035 1039 1428 1485 1502 1003 1165 1361 1160 1164
N 383
 1110 1067 1244 1074 1289 1527 1114 1138 1476 1596 1488 1189 1056 996 1188 1425 1120 972 1270 1144 1271 1524 1132 1130
N 384
 1386 1431 1402 1428 1373 1017 1216 978 1567 1213 1234 1448 1584 1162 1389 1609 1499 1349 1038 1541 1163 1387 1579 1421
N 385
 976 1180 1244 1557 1364 973 1218 1588 1058 1431 1459 1303 1475 1149 1428 991 1055 1070 1353 1047 1407 1028 1146 1496
N 386
 1503 1223 976 1598 1212 992 1479 1177 1165 1176 1299 1528 1368 1262 1098 1471 1150 1096 1103 1499 1214 1410 1274 1047
N 387
 1424 1303 1083 1278 1227 1036 1066 1361 1076 1525 1126 1272 1392 1079 1129 1089 1072 1118 1051 1114 1512 1470 1355 1237
N 388
 1566 1155 1553 1332 1058 1581 1587 1186 1516 1297 1111 1491 1258 1472 1414 1309 1585 1574 1256 1314 1203 1213 1308 1452
N 389
 1247 1500 1147 1137 1110 1001 1355 1192 1114 1316 1465 1165 1021 1435 1541 1134 1567 1219 1319 1428 1593 1553 1587 1322
N 390
 1524 1127 1170 1543 1589 1053 1185 1218 1183 1267 1365 1599 1509 1472 1089 1462 1175 1415 1196 1098 1155 1104 985 1230
N 391
 1376 1525 1141 1177 1111 1408 1554 990 1437 1572 1002 1350 974 1361 1073 1217 1313 1413 1131 1308 1124 1289 1393 1243
N 392
 1357 1168 1137 1057 1186 1511 1105 1366 1590 1458 1062 1247 1525 985 1263 1182 1036 1616 1312 1119 1499 1445 1614 1512
N 393
 1173 1113 1156 1458 1411 1048 1008 1154 1112 1555 990 1080 1516 1221 974 1607 1264 1362 1236 1474 1583 1481 1058 1517
N 394
 1611 1295 1341 1162 1536 980 1307 1533 1026 1251 1205 994 1087 1124 1098 1510 1327 1452 1003 1089 1112 1474 1299 1292
N 395
 1383 972 1198 1561 994 1092 1600 1570 1231 1599 1252 1434 1225 1086 1134 1230 1182 1186 1232 1039 1295 1303 1176 1234
N 396
 1030 1536 1383 1132 1249 1362 1089 1299 1367 983 1421 1313 1431 1507 1243 1059 1576 1201 1333 1428 1554 1100 1009 1105
N 397
 1513 1600 1067 1590 1352 1241 1034 1474 1595 1525 1388 1596 995 1185 1608 1506 1497 1599 1152 1461 1210 1115 1284 1516
N 398
 1366 1406 1100 1535 1484 1083 1373 1531 1326 1139 1255 1035 1233 1339 1043 1031 1614 1505 1613 1353 1503 1434 1351 1047
N 399
 1430 1286 1523 1002 1007 1059 1012 1025 984 990 1606 1090 1184 1283 978 1253 1416 1397 1318 1307 1098 1296 1094 1410
N 400
 1121 978 984 1199 1279 1210 1201 1198 1097 1419 1231 1531 1306 989 1609 1536 1061 1575 1560 1165 1087 1038 1395 1396
N 401
 1093 1596 985 1092 1181 1135 1285 1089 1253 1468 1544 1362 1516 1111 1198 1433 1363 1616 1259 1392 1559 1070 1402 1567
N 402
 1158 1339 1434 1343 1540 1335 1531 1031 1402 1471 1584 1130 1000 1321 1185 1282 975 1416 1325 1067 1108 1571 1252 1414
N 403
 972 1507 980 1371 1164 973 999 1576 1266 1022 1452 1003 1215 1173 1541 1067 1468 1040 1299 1460 1373 1142 1154 1272
N 404
 1099 1038 1492 1110 1022 1466 1105 1565 973 1440 1541 1528 1521 1432 1168 1163 1411 1098 1012 1614 1472 1171 1398 1489
N 405
 1108 1225 1406 1265 1441 1159 1085 997 1389 1327 1289 1069 1565 1514 1250 1097 1117 1402 1095 1423 1336 1556 1595 1411
N 406
 1485 1581 1542 1336 1225 1091 1426 1441 1370 1287 1525 1611 977 1597 1193 1598 1589 1105 1359 1155 1243 1032 1303 1510
N 407
 1558 1559 1022 1485 1410 1091 1269 1099 1585 1437 1370 1180 1144 1051 1234 1298 1527 995 1285 1212 1327 1167 1443 1215
N 408
 1617 1248 1511 1076 1083 1234 1249 1003 1335 1260 1605 1557 1219 1602 1011 1198 1341 1603 1609 1247 1183 1240 1051 1611
N 409
 1312 1104 1269 1219 1512 1252 1220 1304 1387 1211 1123 1305 978 1032 977 1595 1155 1103 995 1050 1397 1527 1584 1255
N 410
 1582 1417 1515 1366 973 1217 1325 1309 1595 1541 1231 984 1398 1370 1033 1425 980 1323 1580 1114 1130 1474 1345 1382
N 411
 1122 1242 1166 1452 1077 1531 1377 1194 1268 1354 1494 1264 1463 1262 1256 978 1350 1615 1230 1426 1126 1193 1074 1398
N 412
 1084 1245 1207 1037 1214 1602 1004 1514 1113 1345 1341 1265 1145 1116 1152 1489 1504 1477 1085 1074 1336 1269 1479 988
N 413
 1549 1543 1041 1245 1544 1371 1489 1557 1584 1168 998 1332 1001 1144 1357 980 1469 1538 1086 1381 1195 1021 1601 1487
N 414
 1545 1594 1400 1234 1186 1251 1236 1093 1497 1402 1505 1578 1568 1020 1157 1201 1026 1271 1212 1567 1340 1173 1517 1130
N 415
 1056 1505 1282 1414 1561 1314 1027 1303 1458 1449 1225 1451 1080 1261 1493 1506 1404 1616 1060 1198 999 1364 1596 1064
N 416
 1010 1514 1292 1082 1396 1345 1221 1349 1553 1052 1224 1528 1546 1407 1271 1547 1240 1022 1040 1094 1417 1530 1122 1159
N 417
 1188 1129 1083 1117 1406 1204 1484 1234 1006 1481 1315 1113 1467 1451 1299 1268 1114 1116 1488 1040 1372 1595 1072 999
N 418
 1145 1352 1472 1449 992 1608 1165 1153 1516 1364 1475 1102 1282 1281 1403 1600 1561 1610 1606 1270 1158 1394 1232 1032
N 419
 1237 1519 1275 1050 1617 1256 1081 1430 1246 1277 1614 1385 1156 1482 1178 1426 1149 1434 1418 1411 1564 1118 991 1283
N 420
 1065 1524 1348 1193 1351 1022 1444 1379 1216 1201 1241 1137 1498 1019 1277 978 1528 1346 1357 1557 1188 1088 1590 1063
N 421
 1429 1561 1089 1551 1470 1281 1144 1532 995 1006 1424 1589 1524 1177 1106 1134 1390 1189 1596 1170 1288 975 1591 983
N 422
 1451 1084 1187 1373 1439 1442 1553 1154 1316 997 1339 1438 1061 1608 1348 1230 1108 1171 1445 1342 1099 1537 1057 1120
N 423
 1187 1072 1167 1268 1151 1028 1613 1239 1193 1230 1490 1591 1578 1573 1271 1287 1358 1533 1315 1127 1390 1096 1312 1115
N 424
 1099 989 1414 1397 987 1359 1050 1404 1461 1129 1172 1486 1595 1123 1249 1082 1135 1137 1512 1573 1395 1288 1417 1114
N 425
 1247 1298 1023 1378 1044 1221 1585 1090 1567 1400 1238 1184 1519 1498 1396 1410 1103 1552 1065 1009 1098 1440 1422 1466
N 426
 1010 1320 1306 1101 1135 1275 1053 1463 1484 1309 1475 1230 1545 1200 1114 1561 1262 1610 1025 1136 1506 1389 1234 1482
N 427
 1034 1194 1158 1453 1111 1485 1249 1139 1193 1494 1435 1247 1322 983 1327 1455 1541 1540 1035 1174 1544 996 1398 1376
N 428
 1132 1485 1128 1335 1456 1146 1131 1381 1504 1112 1063 1276 1259 1481 1569 1088 1443 1097 1392 1221 1249 1441 1055 1094
N 429
 1211 1351 1191 1213 1398 1402 1533 1105 1110 1081 1007 1540 1033 1503 1302 1222 1330 1495 1075 1148 1338 1183 1328 1308
N 430
 1147 1325 1278 1564 1401 1382 1400 1480 1516 1386 1455 976 1464 1479 1575 1555 1336 1545 1013 1597 1577 1274 1473 1220
N 431
 1342 1408 1261 1592 1096 1566 1578 1218 1105 1198 1539 1346 1510 1060 974 1482 1252 1134 1111 1432 1434 1083 1087 1612
N 432
 1418 1524 1194 1033 1084 1129 1375 1507 1269 1096 1212 1343 1204 1097 1106 1519 1617 1176 1486 1145 1383 1138 1005 1503
N 433
 1524 1099 1124 1107 1144 1409 1132 1261 1554 1506 1014 1505 1233 1033 1607 1133 1458 1539 1457 1162 1443 1052 1172 1378
N 434
 1253 1297 1378 1421 1227 1532 1091 1057 1513 1367 1246 1049 990 1134 1026 1176 1577 1166 1085 1051 1598 1170 1181 1504
N 435
 1046 1294 1366 1600 1616 1221 1401 1488 1070 1006 1613 1384 1298 1197 1311 1312 1402 1083 1166 1105 1323 1588 1554 1269
N 436
 1437 1069 1428 1568 1355 1478 1128 1392 1508 1504 991 1076 1562 1408 1236 1447 1298 1452 1377 1239 1313 1111 1223 1467
N 437
 1373 1118 1167 1368 1524 984 1273 1094 1465 1553 1104 1031 1241 1021 1007 1016 1560 1193 1017 1077 1256 1497 1557 1353
N 438
 1306 1157 1249 1520 1382 1162 1148 1350 1187 1344 1444 1528 1522 1581 1618 1352 1174 1006 1202 1146 1076 1106 1419 1475
N 439
 1509 1176 1611 1323 1303 1537 1158 1188 1309 1470 1040 1128 1255 1165 1602 1257 1383 1324 1377 1111 1476 1038 1042 979
N 440
 1619 1319 1014 1448 1159 1238 1559 1032 1347 1095 1170 1132 1178 1388 1497 984 1361 1161 1414 1004 1574 1611 1603 1570
N 441
 1143 1303 1455 1179 1342 1506 1009 1564 1182 1062 1381 1278 1328 1445 1316 1575 1432 1472 1393 1111 1323 1229 1529 1085
N 442
 1463 1001 1011 1471 1404 1263 1371 1046 1129 1327 985 1411 1224 1126 1548 1013 1090 1078 1377 998 1470 1317 1331 1142
N 443
 1269 1343 1507 986 1407 1492 1344 1412 1115 1535 1560 1192 1553 1566 1263 1267 1552 1069 1178 1099 1527 1105 1521 979
N 444
 1239 1195 1133 1094 1304 1579 1517 1607 1106 1352 1236 1047 1599 1603 1098 1609 1241 1355 1594 1351 1162 1059 999 1177
N 445
 1439 1539 1248 1473 1303 1347 1165 1177 1025 1075 1542 1509 1144 1546 975 1286 1397 1069 1001 1074 1610 1100 1262 1300
N 446
 1468 1496 1325 1423 1308 1514 1204 1550 1544 1070 1043 1219 981 1523 1062 1202 1335 1291 1208 1327 1261 1334 1547 1093
N 447
 1592 977 1399 1478 1320 1264 1397 1237 1286 1181 1474 1348 1490 1075 1164 1581 1416 1438 1014 1613 991 1191 1395 1210
N 448
 1557 1578 1255 1424 1560 1302 1134 1449 1387 1142 1566 1529 1574 1229 1230 1139 1507 1487 1054 1078 1402 1358 1220 1016
N 449
 1301 1480 1577 1421 1250 1028 1114 1188 1332 1578 985 1256 1515 1464 1507 1008 1082 1139 1392 1040 1523 1509 1558 1579
N 450
 994 991 1379 1085 1098 1378 1483 1257 1288 1275 1067 1356 1042 1226 1443 1264 1016 978 1547 1418 1055 1343 1404 1248
N 451
 1030 1168 1071 1256 1375 1038 1056 1023 994 1385 1476 1283 1547 978 1255 1395 1133 1563 1268 1454 1194 1104 1300 1555
N 452
 1550 1089 973 1563 1522 1397 1524 1119 1447 1580 1131 1124 1499 1262 1615 1507 1418 1184 1041 1405 1373 1160 1237 1332
N 453
 1286 1312 1524 1223 1005 1169 1529 1607 1325 1301 1282 1019 1273 1405 1111 1585 1136 1564 1572 1376 1305 1213 1316 1264
N 454
 1304 1082 1194 1104 1362 1594 1046 1541 1286 1285 1119 1275 1342 987 1050 997 1575 1208 1397 1319 1432 1301 1497 1502
N 455
 1454 1460 1009 1181 1551 1476 1353 1036 1440 1446 1499 1582 1391 1373 1205 1235 1019 1002 1416 1315 1104 1606 1317 1067
N 456
 993 1169 1574 1217 1054 1179 1154 1242 1603 1075 1221 1569 1239 1514 1049 1322 1510 1612 1256 1362 1265 1112 1336 1107
N 457
 1339 1109 1040 1376 1501 1320 1060 1242 1145 1253 1215 1002 1476 1309 1052 1113 1500 1438 1613 1221 1194 1374 1177 1410
N 458
 1266 1387 1306 1575 1513 1569 1015 1130 1519 1288 1108 1179 1425 1157 1194 1077 1153 1202 1305 983 1023 1311 1343 1437
N 459
 1166 1308 1222 1203 1418 1375 1116 1066 1100 1257 1321 1585 993 1571 1393 1202 1020 1400 1213 1000 1322 1434 1124 1152
N 460
 990 1514 1075 1229 1448 1084 1047 1587 1063 1470 1220 1057 1360 979 1467 1292 1001 1613 1466 1436 1161 1088 1322 1049
N 461
 1524 1558 1466 1271 1478 1266 1485 1604 1056 1573 1378 1034 1045 1261 1562 979 994 990 1389 1596 1382 1204 1150 1360
N 462
 1523 1517 1292 1554 978 1088 1335 1403 1061 1421 1085 1562 1588 1043 1015 1380 1415 1511 1023 1209 1227 1218 1241 1100
N 463
 1407 1022 1050 1344 1457 1329 1269 1243 1158 1503 1258 1311 1328 1026 1314 1181 1536 1168 1528 1283 1306 1586 1593 1044
N 464
 1123 1175 1488 1390 1340 1425 1427 1589 1044 1235 1349 1363 1571 996 1276 1105 1496 1558 1199 1526 1182 1319 1262 1380
N 465
 1444 1109 1467 1189 1316 1075 1029 1331 1227 1600 1213 1541 1416 1569 1025 1384 1558 1318 1067 1089 1073 1079 1550 1292
N 466
 1183 1348 1023 1337 1514 1563 1163 1502 1395 1223 1048 1257 1497 1314 1388 1172 1352 1071 1275 1428 1462 1003 1603 1264
N 467
 1432 1242 1185 1358 1103 1100 1604 1263 1046 1178 1446 1428 1278 1370 1270 1532 1417 1315 1541 1422 1142 1297 1529 1444
N 468
 1245 1587 1490 1426 1021 1132 1361 1324 1243 1602 1439 1408 1181 1345 990 1261 1601 1414 1385 1328 1207 1615 1118 1576
N 469
 1530 1612 1460 1100 1598 1539 1055 1296 1479 1545 1521 1442 1519 1506 1103 1458 1046 1169 1382 1159 1089 1338 1378 1517
N 470
 1272 1444 1304 1015 1096 1005 1462 1218 1029 1342 1334 1367 1380 1228 1299 1205 1201 1565 1579 1370 1569 1421 1618 1212
N 471
 1463 1540 1505 1348 1534 1126 1010 1149 1028 972 1613 1316 1189 1411 1235 1487 1034 1122 1139 1332 1594 1386 983 1338
N 472
 1344 1584 1132 1140 1139 1489 1203 1040 1547 1267 1073 1429 1393 1036 1580 1119 1349 1472 1192 1536 1292 1480 1228 1492
N 473
 1603 1591 1284 1570 1209 1429 1473 1456 1269 1233 1299 1009 1308 1044 1204 1229 1116 1264 1589 1607 1348 1506 1226 1024
N 474
 1584 1177 1124 1195 1001 1067 1038 1047 1354 1617 975 1596 1016 1588 1500 1153 979 1375 1391 1137 1501 1304 1341 1443
N 475
 1302 1103 1605 1114 1208 1470 1231 1209 1531 1579 1603 1270 1160 1564 1260 1438 1027 1356 1179 1253 1067 1468 1030 1428
N 476
 1413 1492 1309 1079 1507 1404 1360 1141 1582 1459 1388 1106 1291 1513 1014 1505 1511 1427 1136 1244 1396 1327 1493 1441
N 477
 1082 1235 1146 1396 1136 1098 1498 1477 1430 1083 1106 1390 1105 1193 993 1297 1196 1043 1343 1457 1588 988 1466 1278
N 478
 1077 1400 1226 1498 1069 1222 1165 1121 1471 1151 1436 1264 1201 1034 1006 1405 1241 1489 1430 1524 1618 1459 1326 1519
N 479
 1080 1065 1157 1390 1520 1557 1445 1260 1063 1341 1334 1220 1328 1598 1014 1140 1530 1369 1244 1491 1207 1265 1176 1053
N 480
 1049 1059 1486 973 1015 1052 992 1357 1064 1320 1377 1224 1582 1014 1262 1355 1359 1088 1159 1268 1011 1423 1217 1595
N 481
 1112 1364 1397 1511 1425 1289 1477 1420 1560 1597 1119 1456 1027 1453 1590 1122 1076 1570 1085 1114 1206 982 972 1545
N 482
 1376 1538 1562 1171 1503 1612 1269 1425 1242 1006 1495 1189 1041 1249 1260 1028 1574 1295 1125 1285 1310 1103 1132 1533
N 483
 1118 1445 1389 1495 1372 1254 1340 1022 996 1032 1346 1511 1164 1103 1365 1461 1536 1355 1215 1586 1512 1407 1517 1526
N 484
 1171 1489 1504 1253 1340 1233 1363 1414 1593 1328 1410 1600 1360 1203 1164 1618 1310 1270 1010 1416 1127 1166 1396 1512
N 485
 1597 1178 1246 1278 1196 1365 1105 1320 1173 1010 987 1456 1176 1238 1098 1504 1604 1288 1542 1161 1141 1166 1167 1492
N 486
 1113 1035 1292 1365 1120 1191 1072 1098 1581 1440 1253 1372 1395 1462 1560 1033 1306 1508 1013 1522 1539 1548 1078 1199
N 487
 1502 1160 1128 1262 1316 1430 1053 1175 1275 1532 1318 1584 1297 1328 1448 1475 1264 1339 1126 1441 1566 1425 1187 1599
N 488
 1013 1366 1409 1124 1619 1550 1559 1151 1026 1206 1300 1154 1316 1042 1177 1049 1226 1433 1359 1530 1292 987 1301 1065
N 489
 1509 1554 1588 1545 1367 1446 1192 1290 1419 1376 1398 1200 1496 1021 1539 1619 1064 1336 1360 1178 1511 1251 1206 1058
N 490
 1226 1403 1287 1462 1275 1060 1519 1532 1363 1290 1341 1069 1600 1147 1084 1552 1433 1351 1103 1555 980 1390 1090 1399
N 491
 1587 1095 1612 1296 1058 1394 1560 1289 1493 1548 1501 1366 1571 1236 1232 1314 1090 1556 1251 995 1242 1516 1066 1580
N 492
 1036 1255 1080 1129 1528 1353 1315 1151 1035 1085 1223 1388 1009 1295 1570 1597 1477 1108 1260 1369 1013 1179 976 1278
N 493
 1385 1330 1277 1142 1301 1140 1430 992 1492 1025 1200 1500 1333 1616 1591 1165 1068 1203 1055 1475 1597 1434 1559 1415
N 494
 1011 1044 1494 1027 1029 1443 1481 1178 1409 1191 1442 1304 1419 1556 1438 1332 1378 1362 1595 1382 1563 1552 1257 1054
N 495
 990 1618 1585 1453 1381 1507 1537 1578 986 1340 1214 1013 1133 1337 1116 1409 1498 1174 1069 999 1248 1251 1012 1562
N 496
 1196 1032 1013 1589 1334 1097 1481 1466 1081 1020 1464 1376 1051 1339 1426 1209 1566 1276 1490 1076 1372 1609 1190 1419
N 497
 1398 1348 1003 1544 1215 1156 996 1378 1470 1480 1290 1018 1504 1153 1158 1097 1327 1488 1473 1615 1214 1380 1556 1577
N 498
 1094 1191 1294 1598 1463 1241 1246 1526 1266 998 1571 1153 1263 1075 1141 1178 1392 1118 1576 1514 1325 1417 1302 1465
N 499
 1582 1052 1109 1394 1026 1468 1205 1352 1016 1225 1289 1268 1024 1002 1285 1490 1086 1071 1417 1482 1254 1302 1386 1256
N 500
 1379 1242 1067 1012 1320 1463 1304 1369 1038 1129 1016 1059 1142 1026 1430 1037 1257 1586 1512 1269 1422 997 1256 1560
N 501
 1575 1217 1481 980 1183 1464 1490 1364 1002 1604 1284 1168 1192 1389 1127 1435 1304 997 1087 1203 1474 1471 1527 1045
N 502
 1167 1156 1460 972 1076 1246 1527 1554 1513 1199 1440 1271 1151 993 1401 1217 1105 1216 1095 1551 1400 1214 1326 1419
N 503
 1278 1236 1540 995 1188 1086 1533 1354 1163 1511 1399 1185 1528 1375 1523 1274 1050 1006 1135 981 1226 1439 1395 1450
N 504
 1539 1084 1274 1026 1190 1033 1119 1281 1182 1175 1347 1414 1194 1134 1378 1333 1065 1381 1311 1113 1243 1469 1518 1560
N 505
 1195 1374 1569 1268 1212 1133 1292 1542 1150 1166 1537 1077 1127 1431 1400 1139 1154 994 1040 1354 1044 1092 1582 1333
N 506
 1460 1467 1541 1505 1540 987 1020 1197 1455 1117 1416 989 997 1354 1360 1110 1509 991 1042 1055 1018 1358 1192 983
N 507
 998 1053 1576 1361 1165 1405 1468 1414 1318 1256 1307 1168 1110 1549 1067 1046 1126 1151 1090 1204 1041 1567 1350 1471
N 508
 1556 1073 989 1074 1399 1220 1539 983 1029 1209 1459 1289 1238 1173 1424 1041 1604 1479 1052 1368 1612 1123 1403 1493
N 509
 1397 1179 1168 1542 1431 1085 998 1337 1291 1411 1517 1128 1299 1141 1304 1005 1075 1136 1281 1258 1063 1484 1154 1237
N 510
 973 1109 1459 1324 1445 1224 1518 1293 1151 1269 1502 1440 1355 1072 1083 1049 988 1442 1391 1370 1611 1399 1095 1066
N 511
 1110 1020 1294 1218 1434 1594 1108 1074 1523 1516 1042 1117 1109 1396 1061 1068 1030 1048 1259 1036 1579 1559 1424 1329
N 512
 1549 1091 1447 1569 1319 1120 1593 1446 1038 1460 1597 1519 1487 1491 1397 1353 1358 1374 1421 1042 1589 1281 1436 1434
N 513
 1133 1113 1082 1107 1194 996 1025 1058 1340 1548 1518 1108 1582 1599 1051 1566 1333 1542 1318 1312 1065 994 1052 1288
N 514
 1290 1529 1303 1260 1300 1453 1094 1551 1334 999 1008 1493 1186 1558 1056 1515 1007 1528 1492 1416 1188 1312 1477 1395
N 515
 1590 1314 1468 1275 1240 1069 1024 1618 1187 1054 1152 1089 1205 1232 1411 1322 1395 1072 1305 1501 1229 1423 1199 1031
N 516
 1416 1123 1045 992 1004 1489 1069 1181 1262 1590 991 1506 972 1066 1252 1060 1298 1518 1147 1378 1580 1071 1450 1491
N 517
 1131 1456 1171 1245 1192 1263 1143 1446 1388 1182 1536 999 1175 1459 1429 1259 1336 1375 1387 985 1267 1167 1478 1432
N 518
 1436 1051 1127 1495 1166 990 1210 1401 1395 1382 1089 1187 1466 1580 1490 1282 1172 1043 1610 1133 1216 1526 1483 1427
N 519
 1246 1280 1457 972 1185 1570 1306 1605 1404 1096 1144 1468 1100 982 1073 1033 1261 1418 1397 1461 1474 1463 1107 1070
N 520
 1606 1296 1038 1098 992 1538 1334 1504 1097 1144 1535 1102 1584 1359 1395 1276 972 1396 1317 1612 1498 1265 1556 1491
N 521
 999 1159 1054 1245 1255 1153 1401 1395 1219 1352 1218 1080 1119 1141 1592 1440 1115 1208 1416 1432 1167 1137 1120 1262
N 522
 1425 1125 1232 1494 1205 1303 1070 1465 1584 1330 1553 1207 1458 1491 1072 1493 1008 1030 1346 1000 976 1095 1250 1283
N 523
 1138 1169 1475 1399 983 1044 1386 1321 1078 978 1101 1486 1079 1124 1465 1091 1076 1535 1019 1501 1309 1433 1033 1080
N 524
 1298 1101 1023 1330 1309 1275 1447 1481 1394 1121 1393 1106 1364 1318 1114 1057 1469 1098 1294 1557 1411 1179 1369 988
N 525
 1394 1319 1039 1107 1486 1608 1056 1351 1289 1619 1184 1115 1615 1084 1346 1288 1113 1187 1134 1382 1025 1186 1114 1558
N 526
 1151 1412 991 1544 1284 1470 1140 1536 1078 1001 1007 1150 1104 1365 1467 1571 1106 1170 1278 1193 1141 1210 1281 1073
N 527
 1455 1035 1357 1211 1348 1133 1016 1247 973 1140 1139 1065 1402 1530 1428 1240 1122 1306 1410 1213 1446 1610 1167 1404
N 528
 1593 1394 1200 1405 990 1165 1513 1002 980 1384 1190 1505 1201 1049 1428 1441 1494 1092 1603 1169 1277 1553 1109 1281
N 529
 1538 1376 1045 993 1296 1571 1516 1213 1229 1307 1310 1326 1096 1187 1618 1394 1126 1534 1491 1081 1186 1075 1088 1163
N 530
 1606 1051 1412 1054 1414 1308 1352 1510 1475 1350 1335 1372 1583 1259 1177 1049 989 1244 1579 1008 1258 1497 1199 1180
N 531
 1429 1103 1509 1243 1613 1590 1489 1539 1369 1543 1328 1295 1320 1354 1261 1511 1420 1213 1177 1264 1419 1204 1246 1453
N 532
 1501 1254 1535 1359 1547 1489 1425 1362 1612 1381 1204 1003 1390 1267 1088 1617 1445 1576 1225 1033 1206 1481 1196 1205
N 533
 1067 1450 1433 1202 1362 1281 1457 1582 1501 1594 1439 1504 1514 1575 1354 1597 1420 1544 1577 1287 1070 1341 1344 980
N 534
 1410 1173 1522 1356 1201 1180 1021 1342 1434 1404 1024 1286 1018 1424 1508 1334 1437 1016 1363 1440 1246 1321 1467 1413
N 535
 1330 1325 1055 1282 1165 1230 1084 1317 1464 1572 1607 998 1241 1462 976 1071 1431 1400 1416 1482 1538 1119 980 1247
N 536
 1589 1057 1594 1204 1395 1035 1434 974 1012 1442 1411 1292 1194 1011 1483 1241 1014 1094 1236 1031 1154 1331 1225 1175
N 537
 1344 1008 1051 1176 1241 1386 1287 1119 1304 1061 1115 1574 1435 1601 1431 1321 1260 1544 1616 983 1040 1147 972 1117
N 538
 1414 1421 1124 1474 992 1543 1335 1017 993 1267 1372 1014 1384 1064 1343 1447 1538 1348 1573 1187 1569 995 1135 1256
N 539
 1489 1264 1250 1589 1267 1077 1048 1537 1593 1426 1206 1186 1125 1515 1098 1383 1379 1315 1363 1561 1309 1466 1113 1337
N 540
 1419 1456 1555 1121 1022 972 1522 1440 1400 1615 1376 1534 1229 1187 1066 1386 1000 1104 1170 1156 1125 1518 1091 1193
N 541
 1343 1454 1082 1280 1007 1495 1540 1092 1101 1332 1268 1412 1050 1125 1119 1613 1542 987 1017 1261 1189 1522 1347 1423
N 542
 977 982 1031 1124 1222 1067 1580 1137 1226 1549 1046 1560 1356 1225 1088 1075 1341 1384 1555 1359 1261 1099 998 1327
N 543
 1091 1076 1170 1508 1483 1469 1230 1460 1592 1499 1442 1158 1045 1419 1085 1000 1236 1532 1438 1209 1115 1566 1576 1401
N 544
 1267 1160 1439 1251 1228 1207 1618 1236 1059 1432 1030 1153 1462 1503 1062 1279 1248 1520 1289 1405 1197 1587 1572 1352
N 545
 1226 1348 1217 1274 1054 1589 1244 1316 1594 1400 1340 1496 1287 1008 1596 1490 1056 1494 1233 1124 1413 1563 1569 1090
N 546
 1324 1186 1107 1144 1290 1238 1175 1260 1467 1069 1481 1170 1279 1020 1048 1247 1145 1391 1607 1333 1372 1118 1155 1072
N 547
 1262 1266 1565 1602 1324 1154 1159 1445 994 1496 1609 1453 1001 1109 1456 1585 1596 1274 1424 1617 1257 1196 1293 1261
N 548
 1032 1263 1314 1298 1188 1137 1544 1063 1247 1549 1467 1271 1392 1602 1430 1516 1604 988 1092 1084 1515 1037 1385 1592
N 549
 1410 1312 1297 1272 1045 1486 1280 1428 1585 1079 1142 1268 1604 1103 1383 1501 1130 1386 1258 1290 1600 1204 1273 1039
N 550
 1502 1207 1229 1408 998 1091 1584 1119 1457 1217 1117 1316 1048 1201 1230 989 1489 1433 1265 1409 1040 1276 1123 1322
N 551
 1419 1561 1596 1301 1085 1293 1588 1582 1434 1027 1576 1190 1132 1112 1026 1254 1439 1420 1142 1151 1084 1322 1102 1046
N 552
 986 1195 1286 1451 1260 1013 1263 1340 1356 1539 1040 1288 1552 1498 1553 1289 1025 1404 1207 1306 1549 1063 1246 1445
N 553
 1107 1168 1036 1214 1556 1039 1326 1050 1009 1106 1286 1152 1437 1258 1151 1212 1196 1154 1422 1322 1495 1491 1391 1093
N 554
 1014 1012 1347 1471 1507 1092 1023 1353 1076 1430 1446 1447 1036 1090 1288 1504 1511 1603 1521 1191 1553 1205 1006 1182
N 555
 1264 1118 1280 1170 1576 1214 1592 1509 1612 1530 1510 1101 1271 1361 1056 1448 1161 1100 1494 1505 1225 1482 1189 1523
N 556
 1548 1615 1502 1204 1184 1321 1097 984 1140 1005 1334 1215 1280 1459 1605 1500 1520 1384 1118 1381 1366 1293 1219 1408
N 557
 1249 982 1184 1125 1506 1064 1521 1231 1146 1602 1172 1337 1324 1250 1019 1065 1435 1402 1614 1071 1487 1261 1560 1554
N 558
 1034 1200 1099 998 1275 1564 1165 1397 1470 1386 1461 1452 1173 1553 1498 1297 1324 1434 1182 1188 1436 1335 1139 1562
N 559
 1031 1385 1121 1469 1565 1086 1156 1161 1524 1093 1320 1196 1283 1448 1458 981 1217 1218 1290 1433 1149 1112 1427 1038
N 560
 1382 1103 1370 1303 1550 1081 1245 980 1112 1332 1536 1289 1539 1577 1069 1146 1257 1176 1030 1151 1598 1156 1102 1170
N 561
 1605 1024 1045 1468 1571 1587 1083 1321 1057 1312 1272 1102 1014 1071 1406 1174 1619 1027 1167 1031 1050 1508 1617 1442
N 562
 1105 1199 1413 1403 1007 1379 1099 1511 1515 1467 1121 1448 1438 992 1006 1197 1577 1201 1032 1140 1279 1447 1463 1316
N 563
 1461 1480 1610 1129 1596 1331 1150 1493 1554 1348 1390 1577 1017 1405 1332 1002 1365 1562 1093 1346 1547 1125 1010 1176
N 564
 1425 1042 1311 1185 1274 1210 1070 1349 1324 1595 1298 979 1296 1169 1487 1503 1598 1400 1470 1414 1415 1256 1016 1539
N 565
 1517 1472 1292 1464 1004 1611 1615 1351 1026 1383 1333 1359 1251 1399 975 996 1524 1057 1304 1092 1400 1081 1442 1274
N 566
 1303 1125 1168 1218 1232 1163 1129 1077 1352 1011 985 1084 1266 1089 1488 1122 1172 1544 998 1360 1044 1460 1012 1025
N 567
 1545 1547 1112 1325 1117 1118 1273 1422 1369 1314 1529 996 1407 1196 1446 1521 1436 1614 1017 1524 1320 1308 1101 1099
N 568
 1458 1440 1065 1116 1224 1120 1000 1478 1414 1471 982 1057 1491 1039 1575 1448 1472 1341 1477 1016 1181 1143 1426 1565
N 569
 1524 1496 1534 1453 1212 1246 1336 1096 1582 1175 1045 1365 1242 1330 1160 1581 1456 1367 1174 1156 1447 1451 1019 1368
N 570
 1144 1088 1371 1309 1511 1486 1335 1475 1049 1118 1407 1240 1110 1077 1588 1490 1552 1456 1140 1064 1377 1201 1025 1048
N 571
 1351 1530 1592 1175 1619 1459 1147 1216 1493 1555 1315 1056 1118 1045 1070 1435 1337 983 1307 1411 1519 1495 1355 1535
N 572
 1539 984 1279 1530 1109 1412 1200 1353 1042 1016 1467 1540 1131 1584 1095 1471 1440 1590 1273 1404 1096 1494 1608 980
N 573
 1074 1119 1200 983 1201 1423 1525 1609 1004 1393 1017 1313 1550 1460 1612 1062 1081 1292 993 1481 1479 1223 1404 1210
N 574
 1486 1233 1221 1422 1116 1448 1325 1529 1548 1589 1052 1463 1551 1483 1166 1606 1346 1188 976 1514 1175 1002 1540 1252
N 575
 1069 1166 1014 984 1345 1568 1388 1334 1245 1103 993 1594 1031 1026 1543 1262 1424 1610 1501 1062 1486 1506 1356 1465
N 576
 1406 1407 1334 1201 1020 1192 1057 976 1616 1540 1084 1091 1558 1171 1315 1329 1264 1587 1430 1543 1037 1141 1394 973
N 577
 976 1085 1143 1537 1547 1335 1342 1464 1172 1245 1246 1369 1040 1240 1012 1186 1470 1041 1032 1433 1471 1533 1318 1304
N 578
 1103 1529 1597 1085 1195 1549 1590 1544 1025 1086 1341 1058 1282 1135 1260 1466 1387 978 1066 1262 1120 1536 1026 1187
N 579
 1289 1558 1313 1070 1333 1178 1334 1568 1217 1245 1297 1214 1270 1167 1292 1538 1181 1424 1192 1553 1508 1465 1468 1017
N 580
 1014 1075 1372 1480 1109 1319 1182 1241 1467 1184 1015 1244 1582 1618 1172 1069 1377 1330 1088 1585 1579 1304 1483 1586
N 581
 1290 1035 1306 1544 1504 1511 1009 1471 997 1375 1369 1001 1446 1318 1131 1193 1266 1506 1307 1077 1051 1194 1387 1500
N 582
 998 1462 1401 1271 1517 1106 1163 1447 1250 1269 993 1601 972 1319 1205 1515 1423 1059 1336 1407 1548 1260 1586 1031
N 583
 1280 1283 1056 1234 1588 1598 1198 1374 1609 1113 1163 1506 1045 1149 1496 1081 1389 1501 985 1130 1368 1161 1150 1438
N 584
 1073 1378 1472 1227 1233 1301 1058 1370 1573 998 1077 1298 1487 1425 1291 1497 1274 995 1394 1302 1222 1164 1050 1241
N 585
 992 1538 1106 1355 1073 1540 1086 1556 1303 1219 1485 1279 1144 1447 1534 1134 1573 1373 1068 1588 1250 1340 1242 1455
N 586
 1036 1149 1412 1538 1368 1357 1180 1074 1313 976 1125 1557 1555 1498 1246 1116 1305 1531 1532 999 1242 1203 990 1227
N 587
 1133 1297 1017 1374 1497 1474 1370 1430 1125 1425 1113 1332 1122 1333 1144 977 1442 983 1041 1418 1068 1518 1432 1196
N 588
 1272 1349 1175 1296 1168 1396 1228 1560 998 1042 1150 1223 1603 1048 1193 1449 1306 1262 1404 1412 992 1157 1108 1260
N 589
 1449 1585 1339 1095 1040 1077 1371 1487 1065 1325 1043 1266 1433 976 1182 1050 1509 1051 1554 1084 1427 1046 1146 1451
N 590
 1507 1029 1311 1129 1452 1303 1426 1056 1223 1575 1415 1048 1467 1418 1033 1304 1007 1118 1360 1143 1249 1230 993 1090
N 591
 984 1423 1435 985 1608 1031 1279 1559 1318 1398 1447 1080 1399 1134 1515 1285 1157 1023 1281 1174 1402 1542 1615 1534
N 592
 1591 1338 1273 1059 1554 1339 1600 1287 978 1253 1124 1232 1125 1260 1615 1126 1063 1353 1170 1517 1469 1563 1453 1440
N 593
 1034 1233 1133 1249 1244 1391 1187 1599 1309 1447 1155 1056 1461 1544 1258 1581 1275 1321 1224 1603 1119 1121 1148 1401
N 594
 1434 1284 1131 1218 1333 1180 1214 1071 1536 1501 1223 1357 1045 1116 1105 1009 1554 1361 1231 1577 1119 1110 1563 1134
N 595
 1284 1005 1542 1337 1036 1604 1177 1580 1423 1519 1032 1008 1573 1086 1478 1208 1134 1356 1165 1102 1196 1116 991 1618
N 596
 1302 1417 1091 1546 1446 1451 1041 1146 1493 1301 1393 1573 1294 1483 1079 1199 1275 1480 1011 1594 1212 1551 1352 1049
N 597
 1613 1549 1364 1539 1379 1346 1150 1201 1611 992 1527 1210 997 1324 1485 1459 1588 1226 1138 1029 1237 1530 1143 1482
N 598
 1086 1286 1153 1191 1604 1093 1060 1442 1162 1350 1017 1309 1276 1136 1347 1253 1432 1064 1378 1209 1010 1554 1433 1015
N 599
 1083 1257 1405 1070 1391 1118 1331 1227 1537 979 1439 1120 1018 1354 1317 1483 1413 1196 1021 1286 1210 1092 1482 1051
N 600
 1418 1313 1291 1104 1385 1528 1180 1185 1549 1297 1408 1074 1461 1174 1354 1148 1114 1380 1581 1255 1488 1193 1031 1329
N 601
 1014 1058 1359 1428 1318 1468 1605 1373 1372 1319 1148 1479 1482 1273 1221 1417 1350 1484 1047 1237 1411 1259 1513 1460
N 602
 991 1439 1579 1605 1420 1200 1236 1499 1601 1559 1454 1260 1353 1195 1233 1291 1329 1266 1010 977 1040 1593 1564 1543
N 603
 1081 1464 1108 1338 1183 1102 1153 1588 1091 1438 1204 1112 1196 1466 1287 1184 1406 1598 1594 1289 1212 1431 1528 1028
N 604
 1157 1350 1258 1230 1356 1435 1429 1234 1617 1144 1521 1562 1220 1012 1363 1229 1025 1586 1149 1553 1618 975 1066 1392
N 605
 1349 1050 1387 1519 1526 1495 1149 1093 1155 1370 1326 1246 1497 1465 1175 972 1206 1360 1317 1137 1572 1445 1563 1527
N 606
 1614 1314 1228 1101 1285 1568 1083 1486 1152 977 1217 1600 1205 1373 1567 1455 1249 1256 1340 1119 1565 1267 1357 985
N 607
 1361 1452 1107 1267 1599 1300 1265 1355 1387 1109 1370 1117 1512 1299 1408 1279 1151 1176 1503 1432 1552 1440 1614 1200
N 608
 1567 1190 1499 1121 1331 1549 1171 1388 1204 1132 1418 1215 1506 1128 1183 1016 1170 1463 1099 1280 1038 1074 1237 1486
N 609
 1351 1547 1352 1581 1423 1317 1604 1455 989 1319 1269 1066 1281 1157 1521 1089 1573 1265 1353 1443 1345 1237 1531 1000
N 610
 1341 1449 997 1426 1310 1562 1328 1457 1057 1099 1570 1062 1037 1274 1326 1585 1027 1305 1342 1465 1257 1507 1466 1129
N 611
 1380 1450 1122 1123 999 1580 1358 1373 1252 1081 1125 1065 1336 994 1413 1546 1225 1080 1562 1271 1179 1053 1047 1320
N 612
 1056 1596 976 1468 1275 980 1505 1601 1173 1256 1474 1527 1071 1148 1160 1268 1600 1270 1182 1425 1238 1196 1416 1572
N 613
 1575 1470 1522 1010 1300 1277 1556 1097 1458 1268 1229 1488 1391 1401 1078 1398 1152 1411 1593 1247 1017 1051 1576 993
N 614
 1022 1454 1174 1221 1160 1135 982 1427 1072 1432 1527 1381 1420 1275 1436 1291 1150 1018 1041 1228 1334 1403 1209 1402
N 615
 1187 1135 1370 1559 1019 976 991 1423 1572 1234 1336 1132 1613 1155 1593 1099 1454 1149 1121 1424 1546 1324 1462 1195
N 616
 1496 1173 1478 1225 1101 1213 1534 1403 1397 1372 1431 1196 1436 1567 1443 1027 1090 1164 1373 994 1530 1162 1206 1381
N 617
 1235 1458 1148 1403 1327 1540 1109 1421 1089 1530 1137 1157 1168 1539 1580 1396 1082 1476 1374 1284 1040 1457 1612 1572
N 618
 1398 1430 1137 1287 1031 1569 1169 1144 1599 1490 1405 1115 1343 1036 1324 1378 1068 1147 1412 1117 1500 1473 1104 1178
N 619
 1450 1495 1573 1286 1062 1103 1244 1166 1298 1272 1568 1329 1043 1474 1449 1213 1104 1601 1063 1562 1576 1293 1047 1095
N 620
 1263 1321 1600 1331 1042 1344 1080 1579 1083 1077 1061 1247 1347 1062 1235 1560 1394 1444 1104 1250 1075 1574 1143 1608
N 621
 1498 1312 1078 1011 1347 1327 1023 1166 1351 1175 1580 1406 1407 1256 1520 1159 1543 1017 1422 1308 1535 1155 1161 1443
N 622
 1478 1067 1315 1028 1615 1015 1308 1479 1397 1552 1327 1590 1231 1004 1285 1385 1072 994 1469 1216 1543 1537 1473 1351
N 623
 1310 1384 1383 1523 1561 1570 1285 1609 1370 1017 1457 1409 1139 1173 1393 1591 1338 1454 1114 1363 1344 1502 1494 1403
N 624
 1251 1450 1592 1112 993 1275 1528 1040 1611 1416 1422 1298 1185 1617 1086 1589 1080 1268 1346 1109 1056 1179 1583 1255
N 625
 1252 1502 1590 1462 1398 1354 1167 1552 1459 1083 1212 1238 1433 979 1503 1011 1019 1483 1239 1595 1012 1311 1119 1135
N 626
 1196 978 1301 1013 1288 1566 994 1129 1396 1594 1541 1270 1490 1098 1100 1148 1291 1247 1252 1264 1587 1526 1034 1429
N 627
 1442 1168 1441 1551 1312 1410 1319 1144 1189 1270 1382 1445 1332 1280 1432 1500 1243 1070 1013 1077 1398 1155 1071 1028
N 628
 1161 1225 1317 1341 1595 1495 1462 1494 1087 1416 1544 1523 1488 1493 1179 1001 1333 1375 1167 1193 1066 1000 1176 1487
N 629
 1016 988 1551 1348 1309 1595 1581 1221 1536 1318 1511 1457 1143 1249 1479 994 1477 1429 1263 1432 1272 1070 1360 1310
N 630
 1404 1127 1056 1099 1605 1091 1158 1595 1318 1071 1551 1337 1004 1555 1573 1265 1546 1133 1344 1258 1194 1310 1459 1068
N 631
 1162 1281 1045 1456 1299 1403 1051 1073 1206 1317 1149 1229 1410 1004 1400 1020 1460 1013 1044 1570 973 1287 1136 1480
N 632
 1233 1216 1267 1340 1420 1010 1379 1239 1532 1044 1594 1337 1185 1030 1032 1016 1329 1482 1092 1000 1273 1551 1221 1067
N 633
 1438 1594 1079 1183 1431 1097 1087 1214 1078 1279 1309 1110 981 1510 1578 1584 1598 1132 1320 1154 1166 1531 1398 1480
N 634
 1596 1273 1387 1550 1022 1297 1305 1513 1351 1345 1051 1108 1517 1221 1298 1467 1131 1377 1007 977 1164 1132 1021 1052
N 635
 1278 1533 1251 1525 1225 1567 1104 981 1289 1173 1293 1559 1357 1468 1109 1073 1473 1111 1129 1001 1238 1250 1153 1518
N 636
 1301 1134 1110 1450 1211 1472 1279 1222 1456 1412 1233 1081 1224 1240 1297 1408 1063 1365 1205 1446 1480 1064 1453 1244
N 637
 1169 1259 978 1269 1290 1087 1111 1206 1278 1512 1557 1404 1525 1326 1511 1377 1578 1164 1219 1435 1135 1042 1294 1425
N 638
 1483 1615 1359 1599 1224 1547 1350 1122 1467 1314 979 1420 1437 1525 1509 1592 1453 1607 1334 1213 1279 1426 1075 1118
N 639
 1189 1578 973 1512 1305 1337 1153 1430 1547 1132 1319 1235 1562 1296 1186 1375 1323 1147 1190 978 1367 1191 1503 1065
N 640
 1597 974 1094 1461 1258 1497 1469 1197 1457 1311 1547 1552 1036 1387 990 1101 1079 1232 1002 1060 1116 1193 1047 1368
N 641
 1077 1532 1471 1519 1107 1353 1592 1436 1111 1262 1472 1538 1563 1326 1027 1058 1118 1112 1171 1082 1559 1011 1445 1321
N 642
 1324 1333 1206 1294 1511 1471 1370 1564 1205 1299 1399 1230 1613 1339 976 1165 1122 1304 1120 1280 1014 1328 1590 1313
N 643
 1317 1336 1441 1267 1408 1060 1010 1428 1247 1348 1068 1054 1004 1402 1479 1318 1109 1493 1551 1430 1199 1507 1532 1591
N 644
 1278 1354 1101 1537 1196 973 1322 1248 1515 1564 1578 1356 1062 1426 1375 1577 1540 1490 1239 1045 1095 977 1195 1183
N 645
 1613 1047 1455 1500 1186 1210 1286 1154 1211 1165 1471 1075 999 1254 1478 1329 1166 1226 1473 1037 1508 1429 1147 1481
N 646
 1442 1391 1310 1557 1602 1074 1331 1219 974 1555 1249 1615 1182 1174 1018 1121 1106 1004 1326 1355 1117 975 1029 1577
N 647
 1175 1568 1533 1344 980 1290 1049 1590 1317 1122 1282 1045 1416 1254 1302 1238 1498 1021 1326 1614 1564 1341 1429 1358
N 648
 1221 1471 1306 1041 1508 1127 1357 1290 1386 1556 1321 1526 1316 1144 1226 1140 1132 1561 1383 1135 1012 1032 1443 1376
N 649
 1315 1537 1143 1583 1474 1320 1258 1077 1028 1105 1349 1312 1451 1229 1495 1396 1488 1206 1259 1407 1384 1618 1438 1464
N 650
 1371 1403 973 1101 1188 1252 1085 1535 1272 1235 1577 1073 1344 1150 1096 1463 1584 1230 1470 1415 1156 1572 1302 1247
N 651
 1522 1295 1327 1543 992 1207 977 1279 1313 1033 1100 984 1564 1538 1431 1191 1269 1517 1009 1604 1429 1312 1443 1342
N 652
 1137 1166 1027 1451 1215 1304 1407 1546 1082 1259 1178 1374 1107 1073 1405 1444 1041 1078 1435 1198 1482 1534 1216 1028
N 653
 1397 1315 1389 1157 1015 1221 1499 1613 1258 1543 1079 1357 1530 1241 1273 1483 1027 1225 1481 1409 1586 1245 1571 1566
N 654
 1394 997 1270 1237 1183 1286 1490 1064 1242 1039 1227 1070 1314 1214 1609 1579 1398 1477 1347 1250 1546 1583 991 1104
N 655
 1483 1356 1325 1434 1022 1036 1499 1574 1582 1213 1007 1190 1270 1486 1206 1116 980 1050 1592 1152 1370 1114 1033 1604
N 656
 1142 1511 1040 1127 1077 1018 976 1032 1501 1587 974 1374 1384 1563 1577 1452 1091 1033 1284 996 1326 1249 1258 1199
N 657
 1564 1017 1427 1064 1378 1115 1060 1601 1340 1515 1300 1126 1138 1072 1606 1145 1608 1565 1146 1392 1129 1511 1082 989
N 658
 1486 1443 1455 1374 1520 1480 1618 1442 1133 1381 1152 1018 1002 1162 1358 1185 1276 1081 1275 1457 1001 1114 1437 1321
N 659
 1017 1320 1184 1142 994 1372 1449 1174 1528 1280 1048 1406 1481 1247 1435 1379 1196 1277 1329 1193 1136 1591 1431 1492
N 660
 1179 1194 1073 1068 1271 1377 1422 1017 1277 1274 1364 1534 1302 1207 1101 1105 1566 1535 1259 1568 982 1452 1329 1178
N 661
 1396 1471 1300 1415 1187 1149 1121 1074 1435 1583 1309 1455 1320 1406 1380 1249 1495 1239 1608 1115 1200 1341 1137 999
N 662
 1609 1575 1379 1169 1269 1049 1485 1363 1233 1442 1494 1561 977 1170 1441 1619 1368 1365 998 1181 1499 1491 1124 1602
N 663
 1607 1230 1378 1408 1397 1371 1080 1005 1126 1212 1021 1291 1373 1521 1032 989 1449 1136 1477 1363 1090 1125 1605 986
N 664
 1202 1033 1044 1143 1057 1492 1534 1029 1071 1448 1325 1608 1309 1182 1362 1036 1525 1212 1048 1454 1172 1214 1121 1196
N 665
 1330 1519 1344 1613 1002 1545 1299 1129 1240 1153 1066 1458 1549 1051 1453 1064 1423 1313 1548 1157 1182 1560 1413 1460
N 666
 1592 1338 1142 1165 1434 1152 1190 1123 1374 1310 1140 1272 1440 1119 1609 1315 1535 1475 1038 1477 1341 1018 1381 1015
N 667
 1610 1309 1404 1093 1164 1044 1176 1146 1267 1196 1269 1613 1354 1443 1533 1410 1526 1265 1282 1504 972 1509 1342 981
N 668
 1450 1569 1061 1126 1486 1322 1062 1186 973 1145 1329 1435 1140 1595 1202 1152 975 1365 1471 1441 1079 1295 1530 1224
N 669
 1330 1123 1057 1533 1086 1574 1111 1149 1281 1007 1320 1361 1012 1326 1388 1403 1529 1386 1125 1387 1561 991 1565 1608
N 670
 1490 1505 1551 1449 1283 1447 1198 1549 1107 999 1253 1234 1538 1390 1130 1269 1165 1507 1498 1376 1133 1450 1335 1054
N 671
 1512 1347 1213 1308 1278 1072 1415 1387 1091 1480 1079 1411 1243 1333 1454 1146 1027 1518 1140 1012 1401 1208 1197 1149
N 672
 1144 1222 1223 1504 1024 1432 1346 1281 1509 1380 1459 1360 1317 1368 1416 1587 1525 1388 1602 1460 1134 1544 1126 1555
N 673
 1283 1336 1471 979 1449 998 1103 1411 1173 1288 991 1131 1322 1030 1230 1204 1595 1561 978 1128 1045 1053 1188 1303
N 674
 1487 1326 1389 1071 1017 1431 1012 1251 1006 1481 1130 1564 1151 1018 1327 1047 1323 1196 1156 1618 1013 1580 1325 1075
N 675
 1261 1387 973 1114 1331 1155 1039 1433 1443 1608 1288 1299 1351 1614 1018 1009 1116 1257 1082 1500 1308 1045 1585 1587
N 676
 1502 1258 1112 1113 1323 1249 1369 1082 1137 1142 1517 1570 1415 1120 1529 1088 1211 1208 1315 1381 1589 1109 979 1562
N 677
 1243 1233 1294 1115 1265 1312 1223 1446 1524 1258 1141 1563 1266 979 1492 1533 1367 1231 1362 1491 1439 1053 1106 1559
N 678
 1604 1315 1299 1058 1462 1446 1378 1459 1177 1011 1045 1413 1387 1239 990 1030 1508 1601 1394 1474 1541 1120 1322 1473
N 679
 1114 1394 1153 1504 1521 1239 1086 1223 1587 1403 1365 1480 1060 1231 1563 1313 1451 1088 1459 1136 1502 1095 1606 1552
N 680
 1065 1028 1522 1343 1215 1244 976 1598 995 1330 1488 1491 1562 1384 1531 1260 1520 1024 1080 1418 1135 1214 1063 1259
N 681
 1301 1593 1275 1467 1149 1396 1326 1005 1462 1514 1291 1246 1025 1379 1203 1519 1305 1322 1284 1318 1208 1245 1616 1092
N 682
 1165 1472 1512 1536 1199 1136 1527 1455 1390 1438 1311 1235 1460 1484 1383 1404 1581 1265 1213 1160 1147 982 1616 1576
N 683
 1127 1347 1075 1248 1120 1513 1202 1470 1486 1418 1103 1227 1550 1273 1296 1480 1579 1348 1456 1268 1395 1258 1412 1419
N 684
 1162 1205 1001 1335 1520 1043 1308 1578 1364 1288 1151 1141 1406 1096 1007 1208 1445 1361 1116 1327 1127 1029 1013 1518
N 685
 1098 1434 1616 1525 1496 1360 1555 1384 974 1000 1133 1184 1592 1325 1309 1306 1313 1505 1115 1241 1066 1061 994 1127
N 686
 1478 1341 1560 1303 1220 1459 1474 1078 1090 1619 1084 1480 1326 1080 1473 983 1460 1083 1019 1555 1045 1271 1189 1504
N 687
 1598 1357 1181 1609 1533 1604 1463 1241 1401 1339 1119 1514 1005 1118 1469 1101 1330 1272 1020 1088 1282 1513 1097 1130
N 688
 984 1229 1227 1254 1235 1414 1216 1564 1491 1458 1350 1298 1304 1542 1021 1579 992 1189 1574 1302 1032 1195 1004 1580
N 689
 1379 1312 1354 1013 1526 1114 1604 1172 1446 1241 1331 1290 972 1487 1470 1097 1142 1481 1259 1156 991 1563 1528 1248
N 690
 1228 1243 1383 1574 1457 1296 1364 1305 1199 1379 1012 1116 1459 1539 1112 1528 1253 1128 977 1372 1440 1439 1172 1211
N 691
 1030 986 1542 1350 1247 1175 1026 1384 1258 1472 1568 1618 1088 1492 1165 1337 1206 1352 1339 1535 1359 1058 1522 1117
N 692
 1130 1348 1311 1247 1473 1216 998 1340 1015 1028 1447 1462 1143 1458 1079 1602 1477 1600 1213 1054 1099 1254 1451 1243
N 693
 1206 1186 1524 1113 1139 1074 1579 1288 1379 1092 1282 1543 1366 1163 1135 1082 1369 1497 1257 1192 1308 1532 1567 1451
N 694
 1046 1324 1264 1435 1364 1171 1081 1250 1323 976 1045 996 1211 1214 1508 1219 1254 1008 1341 1413 1476 1039 1515 1577
N 695
 1403 1151 1468 1081 1367 1585 1273 996 1495 1485 1268 1351 1611 1182 1456 1372 1031 1414 1176 1239 1008 1509 1113 1519
N 696
 1571 1293 1303 1390 1030 1297 1122 1096 1323 1255 1042 1566 1203 1017 1382 1579 1619 1274 1226 1207 1529 1453 1178 1334
N 697
 1069 1418 1160 980 986 1591 1044 1584 1034 1613 1358 1456 1280 1568 1600 1052 1389 1211 1517 1606 1238 1351 1612 1539
N 698
 1400 1577 1240 1318 1263 1328 1264 1549 1182 1021 1009 1314 1184 1609 1205 1420 1363 1502 1302 1158 1380 1311 1588 996
N 699
 987 1078 1284 1567 1451 1129 1170 1399 995 1386 1466 1514 1501 1447 1352 1354 1479 1272 1419 1243 1494 1186 1486 1454
N 700
 1178 1457 1087 1544 1602 1550 1145 1519 1052 1393 1237 1434 1187 1485 1306 1165 1163 1385 1601 972 1610 1503 1576 1083
N 701
 1490 1457 1474 1554 1436 1336 1208 1140 1455 1182 1350 1595 1285 1072 1551 986 1508 1545 1093 1327 1577 1426 1482 1289
N 702
 1473 1300 983 1051 999 1369 1479 1221 1340 1200 1246 1453 1297 1031 1544 1541 1499 1252 1497 1164 1349 1400 1025 1450
N 703
 1167 1581 1127 1614 1383 1610 1118 1494 1467 1306 1001 1617 1177 1101 1568 1443 1316 1315 1185 1274 1147 1216 1592 1142
N 704
 1283 1322 1361 1320 1126 1031 1328 1422 1156 1111 1240 1401 1310 1262 1592 1250 1519 1151 1087 1158 1339 1143 990 1193
N 705
 1224 1416 1393 1005 1256 1151 1244 1068 981 1172 987 1574 1510 1527 1266 1153 1564 1147 1613 1106 1175 1541 1251 1057
N 706
 1195 1546 981 1087 1513 1297 1169 1112 1359 1116 1419 1527 1051 1409 1016 1325 1580 1334 1441 1582 1044 1470 1106 1342
N 707
 1309 1159 1424 1208 1186 1289 1600 1134 1421 1369 1547 990 1563 1536 1137 1074 1483 1368 1290 1451 1570 1578 1426 1502
N 708
 1400 1605 1415 1403 1422 1160 1209 1005 1182 1232 1033 1264 1124 1087 1318 1225 1468 1402 1227 1371 1240 1336 1071 1287
N 709
 1507 1215 1467 1341 1171 1283 1495 1612 1591 1092 1568 1470 1558 1430 1464 1415 1465 1163 1242 1012 1143 1483 1487 1034
N 710
 1014 1006 1192 1423 1020 1004 1203 1395 1574 1443 1155 1218 1438 1247 1551 1117 1222 1570 1258 974 1166 1456 1264 1436
N 711
 1575 1171 1150 1143 1206 1258 1337 1376 1358 1070 1534 1444 1169 1323 1287 981 1105 1079 1410 1295 1228 1084 1614 1127
N 712
 1023 1060 1045 1510 1531 1529 1183 1409 1146 1024 975 1431 1210 1376 1252 1345 1587 1031 1481 1089 1047 1297 1117 1265
N 713
 999 1288 1155 1217 1298 1438 1381 1035 1203 1046 1027 1135 1078 974 1299 1110 1257 1597 1071 1247 1258 1586 1215 1548
N 714
 1598 1356 1231 1183 1510 1373 1154 1134 1503 1070 1321 974 1442 1109 1098 1390 1470 1542 1108 1211 1258 1525 1037 1027
N 715
 1456 1408 1451 1542 1064 1609 1072 1526 1504 1086 1327 1361 1249 1157 1306 1606 1283 1075 1253 1289 1286 1481 1419 1080
N 716
 1490 1070 1410 1246 1257 1118 1029 1437 1216 1083 1130 1307 1197 1373 1295 1489 1217 1114 1617 1368 1415 1346 1041 1538
N 717
 1331 1412 1250 1098 1193 1141 1256 1522 1179 1055 1400 1102 1535 1579 1122 1306 1181 1330 1538 1458 1364 1398 1073 1178
N 718
 1353 1027 987 1491 1536 1547 1529 1000 1387 1538 1026 1321 1226 1456 1081 1560 1361 1355 1415 1531 1113 1438 1406 988
N 719
 977 1258 1343 1370 1197 1476 1290 1305 1063 1344 1286 1068 1036 1580 1314 1506 1503 1242 1153 1457 1474 1406 1176 1081
N 720
 1251 1327 1148 1018 1381 1077 1475 1015 1323 1102 1237 1284 1208 981 1440 1318 1114 1231 1400 1060 1301 1023 1226 1153
N 721
 1314 1195 984 1003 1576 1491 1270 1595 1458 1483 1507 1230 1237 1351 1605 1199 1495 1564 1010 1367 1324 1054 1600 1354
N 722
 1607 1478 1572 1579 1411 1278 1473 1525 1201 1234 1125 1263 1380 1512 1590 1586 1148 1444 998 1075 980 1159 1055 1067
N 723
 1036 1331 993 1048 1305 1572 1141 1351 1006 1032 1173 1271 1025 1044 1255 1502 1066 1473 1067 1197 982 1461 1113 1287
N 724
 1287 991 1011 1597 1576 1243 1207 1541 1551 1560 1585 1126 1268 1520 1454 974 1177 1146 1312 977 1012 1260 1294 1168
N 725
 1213 1065 1205 1489 1006 1138 981 1288 1030 1174 1564 1497 1034 1617 1315 1375 1147 1510 1472 1194 1419 1398 1125 1124
N 726
 1106 1159 1462 1187 1297 1619 1150 1243 1169 1055 1492 1254 1371 1071 1598 1603 1324 1360 1238 1591 1459 1437 1040 1446
N 727
 1071 1216 1523 1303 1236 1602 1411 1359 1588 1581 1212 1314 1509 1169 1292 1293 1536 1329 1595 1563 1424 1437 1484 1022
N 728
 1431 1611 1175 1306 1116 1111 1584 1617 1343 1034 1543 1009 1063 1609 1416 1595 1243 1370 1237 1105 1184 1135 997 1512
N 729
 1472 981 1516 1570 1074 1382 1117 1462 1160 1606 1180 1152 1553 1240 1138 1137 1183 1264 1543 1538 1546 1590 1053 1453
N 730
 1128 1586 1594 1304 1043 1301 1287 1435 1590 1030 1471 1060 1178 1580 1108 983 1562 1157 1176 1462 1266 1146 1461 1342
N 731
 986 1294 1481 984 1116 1499 1137 1072 1028 1477 1180 1044 1576 1459 1305 1318 1299 1022 1493 1303 1572 1064 1029 973
N 732
 1121 1569 1427 1029 1201 1158 1525 1440 985 1155 1597 1596 1564 1428 1345 1360 1306 1288 1149 1314 1534 1411 1094 1059
N 733
 1124 1506 1569 1296 1081 1158 996 1080 1060 1331 1343 1405 1610 1118 1112 1316 1059 1581 1606 1266 1290 1178 1236 1553
N 734
 1191 1044 1573 1361 1349 1550 1059 1131 1000 1305 1193 1529 1518 1061 1347 1293 1417 1494 1165 1387 1154 1483 1094 1429
N 735
 1317 1037 1259 1296 1135 1578 1116 1537 1327 1401 1164 1314 1367 1566 1041 1070 1238 1225 1536 1118 1257 1391 1129 1207
N 736
 1494 1187 1377 1133 1066 1071 1143 1350 1089 1275 1524 1353 1465 1146 1352 1331 1458 1507 1430 1466 995 1543 1405 1619
N 737
 1563 1517 1254 1201 1152 1495 1120 1278 1200 1337 1241 1099 1304 1161 1378 1532 1217 1605 1505 982 1235 1140 1085 1098
N 738
 1007 1239 977 1323 1332 1469 1329 1338 1186 1326 1282 1339 1216 1374 1479 1302 1272 1080 1178 1363 1439 1097 1312 1222
N 739
 1067 1285 1131 1222 1578 1459 1040 1410 1190 1065 1059 1267 1023 1074 1510 1362 1070 1464 1593 973 1239 1146 992 1499
N 740
 1339 1179 1248 1170 1554 1224 1049 1416 1216 982 1560 1161 1533 1551 1457 1261 1548 1213 1445 1034 1366 1208 1334 1272
N 741
 1371 1027 1317 1584 1528 1127 1433 1275 1097 1301 1034 1282 1555 1285 1067 1004 1321 1091 1009 1578 1519 1389 1483 1380
N 742
 1062 1177 1554 1057 1594 1519 1576 1570 1578 986 1585 1548 1530 1355 1070 1007 1435 1370 1399 1255 1516 1215 1248 1143
N 743
 1068 1398 1186 1604 1339 1159 1211 1458 1342 1039 1145 983 1332 1246 1616 1467 1150 1149 1270 1363 1559 1171 1391 986
N 744
 1094 1239 1533 1454 1283 1466 1317 1519 1294 1130 1608 1595 1167 1252 1487 1500 1491 1509 1054 1060 1243 1019 1074 1248
N 745
 1562 1339 1003 1218 1521 1047 1377 1272 1043 1458 1000 1565 987 1136 1051 1139 1426 1335 1323 1487 973 1083 1276 1302
N 746
 1369 1371 1467 1041 1327 1582 1317 1508 1609 1218 1338 1039 1475 1324 1279 1208 1304 1614 1334 1436 1107 1606 1597 1058
N 747
 998 1595 1058 1567 1487 1159 1469 1094 981 1215 1308 1435 1573 1054 1314 1459 1076 996 1052 1542 1438 1458 1199 1254
N 748
 1174 1092 1408 1334 1554 1037 1583 1560 1039 1344 1257 1326 1387 1578 1496 1521 1239 1338 1600 1510 1020 981 1612 1429
N 749
 1518 1477 1008 1306 1488 1448 1421 1494 1228 1239 1495 1146 1119 1049 1066 1410 1322 1145 1148 1472 1411 1434 1473 980
N 750
 1305 1515 1565 1123 1471 1000 1242 1479 1192 1225 1028 1005 1228 1609 1235 1003 1233 1044 1590 1369 1090 1070 1513 1407
N 751
 1199 1492 1223 1142 1301 1384 1245 1099 1087 1040 1425 1128 1039 1527 1267 1233 1300 1556 1617 1253 1503 1140 1059 1155
N 752
 1082 973 1005 1010 1385 1030 1362 996 1183 1447 1207 1572 1104 1143 1081 1349 1185 1055 1140 1223 1520 1200 1241 1334
N 753
 1496 1371 1152 1090 1556 1154 1421 1267 1320 1394 1101 1430 1123 1227 1332 1073 1440 1602 1375 1389 1299 1061 1313 1065
N 754
 1308 1121 1610 1449 1293 1357 1095 1222 1189 1575 1438 1242 1334 1127 1530 1313 1022 1604 1473 1310 1489 1401 1553 1612
N 755
 1612 1497 1475 989 1143 1252 1436 1276 1597 1000 1272 1601 1579 1256 1446 1365 1080 986 1526 1050 1428 1389 1004 1615
N 756
 1530 1476 1000 1369 1268 1079 1259 1320 1239 1483 1148 981 1461 1127 1326 1241 1235 1207 1022 1182 1270 1008 1616 1143
N 757
 1077 1294 1551 1053 1434 1610 979 1132 1163 1449 1241 1299 981 1246 1070 1371 1433 1573 1228 1594 1282 1208 1276 1147
N 758
 1308 994 1078 1006 1039 1266 1028 1257 1427 1368 1345 1291 1508 1315 1340 1372 1212 1564 1546 1476 1253 1569 1406 1582
N 759
 1549 1567 1274 1040 1338 1607 1615 1183 1279 1582 1192 1285 1302 1450 1021 1124 1361 1535 1387 1159 1253 1598 1357 1342
N 760
 1463 1130 1510 1249 1158 1445 1604 1283 1332 1118 1252 1379 1392 1336 1496 1318 1072 1145 1572 1296 1535 1123 1340 1239
N 761
 1256 1217 1111 997 1465 1357 1038 1063 1324 1214 1613 1124 1410 1425 1271 1039 1535 1209 1402 1592 1254 1572 1596 1196
N 762
 1375 1505 1439 1078 1105 1180 1418 1512 1098 1157 1217 1469 1612 1003 1517 975 1205 1148 1247 1029 1361 1587 1135 1133
N 763
 1189 1551 1014 1384 1169 1108 1211 1558 1080 1301 1221 1406 1175 1464 1272 1110 1269 1102 1392 1364 1328 1165 1019 1218
N 764
 1115 1158 1495 1578 1040 1281 1082 1121 1224 1267 1528 1590 1584 1028 1533 1150 1117 1203 1592 1420 1523 1149 1098 1350
N 765
 1563 1565 1180 1094 1384 1168 1048 1105 1454 1214 1611 1158 1185 1177 1029 1403 1599 1393 1166 1063 1500 1352 1006 1078
N 766
 1529 1472 1148 1096 1000 1536 1007 1294 1518 1432 1494 1255 1458 1102 1581 1268 1414 1554 1462 1348 1356 1192 1375 1174
N 767
 1449 1496 1545 1503 1101 1530 1354 1300 1464 1525 1360 1372 1177 1049 1365 993 1239 1274 1397 1366 1478 1092 1198 1004
N 768
 1258 1602 1257 1316 1195 1359 1412 1029 1619 1222 1291 1367 1524 1352 1230 1011 1014 1208 1118 1433 1383 1395 1407 1030
N 769
 1429 1034 1120 1036 1283 1130 1004 1615 998 1458 1128 1204 1587 1613 1457 1482 1337 1541 1055 1151 1284 1244 1408 1083
N 770
 1526 1501 1385 1604 1348 1515 1306 1572 1305 1007 1406 1079 1503 1343 1603 1608 1157 1605 1212 1256 1279 1128 1066 1050
N 771
 1565 1071 1436 1195 1183 1222 1051 1562 1100 1043 1027 1468 1477 1446 1434 1299 1291 1571 1049 1326 1181 1097 1370 1241
N 772
 1102 1333 1495 1552 993 1412 1197 1023 1413 1115 1104 1542 1367 1619 1013 1585 1617 1539 1321 1212 1099 1035 1047 1541
N 773
 1084 1351 1551 1457 1340 1560 1512 1054 985 1441 1129 1250 1078 1206 978 1313 1168 989 1543 1362 1578 1388 1591 1413
N 774
 1188 1017 1377 1507 1223 1177 1332 1095 1008 1130 1161 1182 1598 1123 1516 1198 1014 1437 1187 1052 1309 1468 1460 1444
N 775
 1419 1277 1316 1528 1202 1094 1617 1551 986 1319 1204 1494 1221 1144 1477 1466 1289 1425 1259 1522 1444 1355 1428 1099
N 776
 1454 1372 1001 1383 973 1357 1407 1168 1277 1122 1315 1542 1162 1105 1019 1463 1106 1268 1514 1366 1175 1061 1189 1207
N 777
 1576 1167 1401 1232 1123 1560 995 1057 1090 1341 1328 1080 1024 1513 1538 1536 1585 1547 1027 1098 1444 1075 1324 1512
N 778
 1248 1614 1370 1307 1107 1227 1351 1478 1131 1069 1532 1545 1363 1064 1010 1345 1276 1205 1055 1455 1139 1058 1226 1418
N 779
 1049 1299 1280 1497 1606 1504 1394 1320 1330 1609 1161 1211 1529 1551 1180 1003 1450 1460 1006 1367 1174 1566 1307 1271
N 780
 1107 1264 1145 1372 1038 1220 1185 1025 1093 1003 1225 1530 1102 1342 1149 1355 1406 1262 1198 1016 1304 1437 1239 1172
N 781
 1058 1184 1212 1289 1143 1177 1246 1075 1158 1485 1185 1080 1495 990 1078 1344 1619 1008 1229 995 1460 1061 1599 1475
N 782
 1407 987 1607 1335 1441 1378 1526 1004 1238 1236 1286 1447 1415 1026 1178 1124 1189 1012 1393 1496 1076 1454 1298 1114
N 783
 1034 1257 1561 1242 1209 975 1194 1309 1345 1215 1531 990 1186 1423 1191 1083 1198 1039 1020 1329 1129 1225 988 1552
N 784
 1469 1171 980 1452 1589 1093 1582 1261 1290 1601 985 992 1491 1229 1492 1227 1183 1291 1185 1453 1159 1289 1025 1197
N 785
 1468 1531 1543 1219 1111 1164 1378 1255 1100 1287 1569 1254 983 1030 1209 1034 1058 1558 1452 977 1607 1155 1557 1163
N 786
 1276 1215 1125 1326 1340 1573 1107 1353 1139 972 1598 1345 1115 1052 1121 1348 1552 1086 1469 1260 1586 1392 1388 1271
N 787
 1374 976 1567 1084 1359 1010 1086 1488 1504 1441 1510 1602 1307 1228 1048 1498 1559 1406 1022 1005 1112 1361 1225 1126
N 788
 1586 1294 1558 1444 1141 1296 1478 1142 1309 1203 1067 1606 1006 998 1391 1126 1154 1580 1022 1562 1353 1424 1556 1561
N 789
 1390 1414 1326 1323 1497 1587 1267 1042 1332 1252 1428 1345 1020 1575 1219 1030 1493 1465 1228 1477 1093 1181 1173 1569
N 790
 1535 976 999 1379 1375 1528 1088 988 1052 1043 1232 990 1427 1090 1371 1073 1395 1154 1266 1033 1055 1259 1577 1131
N 791
 1608 999 1248 1006 1152 1206 1321 1275 1331 1558 1088 1083 1050 1190 1155 1399 1525 1147 1231 1556 1167 1034 1526 1510
N 792
 1322 1106 1103 1298 986 1389 1328 1362 1393 1276 978 1317 996 1022 1241 1391 1527 1357 1061 1418 1578 1310 1002 1139
N 793
 1217 1426 1248 1030 991 1343 1288 1003 1170 1355 1354 1052 1085 1110 1054 1545 1568 1417 1184 1061 1265 1216 1451 1181
N 794
 1277 1152 1134 993 1525 1208 1031 1544 1560 1554 1141 1453 1135 1566 1210 1380 1244 1444 1029 1599 1339 1172 1320 1269
N 795
 1486 1196 1367 1025 1060 1568 1220 1420 985 1101 1111 1413 1406 1331 1437 1155 1555 981 1303 1609 1102 1573 1611 1107
N 796
 1146 1023 1460 1390 1270 1329 997 1609 1384 1493 1410 1035 1462 1468 1350 1326 1255 1234 1583 1451 1163 1001 1049 1615
N 797
 1373 1192 1044 1134 1324 1055 987 1291 1038 1132 1487 1614 1587 1123 1525 1244 1535 979 1174 1320 988 1238 1056 1302
N 798
 1375 1044 1133 1580 1498 1220 1334 1060 1016 1345 1505 1093 1166 1549 1236 1265 1112 1128 995 1337 1018 1590 1560 1409
N 799
 1201 1333 1063 1093 1131 1445 1559 1502 1047 1084 998 1433 1211 1266 1301 1523 1442 1596 1223 1379 1122 1412 1552 1319
N 800
 1089 1427 1298 1378 1177 1317 1232 1095 1192 1085 1395 1452 1227 1374 1529 1005 1602 1617 1306 1360 1359 1583 1613 1154
N 801
 1532 1151 1518 1384 1098 1314 1511 1597 1195 1500 1555 1388 982 1247 1572 1243 1530 1050 1461 1565 1513 1574 1033 1006
N 802
 1513 1338 1029 1580 1016 1156 1262 1553 1354 1231 1560 1516 1011 1300 1279 1148 1171 1458 1187 1251 1421 1276 1384 1538
N 803
 1230 986 1290 1347 1100 1004 1045 1352 1067 1340 1019 1299 1547 1066 1324 979 1168 1580 1482 1461 1508 1218 1197 1471
N 804
 1468 1277 1619 1338 1550 1481 1313 1053 1160 1216 1199 1323 1406 1450 1015 1124 1155 1181 1485 1588 1518 1212 1067 1388
N 805
 1078 1118 1368 1534 1514 1275 1458 1269 1043 1181 1105 1508 1211 978 1360 1192 1339 1160 1470 1185 1101 1619 1020 1139
N 806
 1132 1353 974 1476 1020 1478 1312 1585 1210 1401 1244 1545 1496 991 1383 1090 1076 1530 1299 1121 1398 1015 1295 1264
N 807
 1009 1344 1204 1540 1144 1417 1529 1095 1579 1486 1288 1039 1100 1133 1210 1058 1406 1226 1215 1502 1220 1143 1130 1047
N 808
 1038 1211 1278 1130 1418 1577 1365 1077 1270 1143 1584 1235 1351 1360 1399 1432 1141 1189 1136 1526 1412 1234 1423 1305
N 809
 1160 1114 1547 1232 1432 1122 1282 1020 1086 1179 1029 1457 1583 1312 1244 1360 1424 1532 1285 1177 1023 1213 1066 974
N 810
 1434 1497 1020 1017 1509 1079 1547 1491 1610 1442 1589 1103 1231 1283 1094 1198 977 1242 1135 1502 1305 1263 1450 1131
N 811
 1210 1244 1097 1511 1490 1263 981 1591 1144 1204 1561 1476 1532 1051 1109 1284 1588 1549 1432 1322 1332 1342 1233 1124
N 812
 1587 1308 1534 1435 1472 1064 1376 1037 1480 975 1553 1186 1310 1131 1130 1562 1388 1451 1613 1334 1309 1311 1203 1099
N 813
 1483 1261 1074 1253 1568 1121 1037 1414 1508 1297 1475 1413 1128 1553 1584 1025 1005 1353 1574 1171 1384 1172 1385 1391
N 814
 1578 1409 1521 1183 1304 1477 1347 1423 1138 999 1014 1516 1525 1016 1567 1198 1265 1101 1395 1350 1098 1374 1553 1170
N 815
 1348 1556 1240 1402 1466 1047 1512 1221 1347 1244 1205 1409 1558 1365 982 1153 1278 1484 1237 1097 1562 1236 1266 1584
N 816
 1326 1349 1055 1492 1156 1440 1278 1142 1190 1275 1144 1378 1358 1165 1081 1417 1446 1517 1516 1291 1606 1235 1274 1205
N 817
 1486 1060 1185 1434 1472 1564 1499 1512 1117 1111 1224 1164 1139 1119 1584 1345 1440 1128 1246 1533 1068 1376 1367 1314
N 818
 995 1223 1121 1202 1305 1451 1579 1181 974 1125 1136 1332 1069 1461 1195 1072 1254 1342 1036 1218 1081 1270 975 1618
N 819
 1010 1027 1135 1269 1277 1298 1261 1226 996 1202 1485 1509 1366 1348 1578 1080 1492 1559 1574 1046 1589 1486 1136 1604
N 820
 1159 1514 1031 1110 1474 1219 1515 1561 1388 1592 1079 1351 1152 1300 1093 1024 1521 1090 1265 1052 1096 1064 1083 1570
N 821
 1108 1234 1030 1618 986 1227 1526 1492 1222 1533 1064 1173 1513 1364 988 1495 1254 1202 1520 1215 1159 1573 1007 1169
N 822
 1255 1042 1600 1396 1140 1515 1194 990 1421 1170 1586 1231 1041 1008 1059 1397 1227 1224 1570 1437 1554 1071 1383 1121
N 823
 1362 1162 1126 1406 1217 1430 1440 1299 1063 1328 1275 1097 1453 1370 1376 1135 1344 1003 1083 1220 1410 1012 1450 1589
N 824
 1619 1341 1543 1401 1332 1071 1384 1117 1587 1605 1143 1313 1283 1146 1304 1357 1305 1315 1097 1381 1278 1323 1385 1607
N 825
 1021 997 1258 1351 1259 1563 1554 1224 1014 1110 1209 1443 1026 1408 1564 1128 1429 1270 1612 1156 1572 1076 1433 1288
N 826
 1511 1246 1230 1037 1568 1402 1346 1081 1140 1229 1176 1505 1265 1415 1243 1152 1494 1313 1533 1255 1561 1594 1083 979
N 827
 1141 1185 1367 1518 1172 1267 1139 1270 1291 1119 1500 1572 1496 1450 1189 1336 1178 1216 1033 1131 1344 1081 1422 1008
N 828
 1117 1245 1253 1325 1107 1507 1448 1130 1116 1100 1409 1148 1566 1390 1170 975 1348 1052 1405 1051 1186 1191 1125 1606
N 829
 1400 1088 1111 1410 1601 1000 1169 1090 1131 1415 1032 1280 1147 1496 1539 1082 1166 1353 1115 1054 1109 1063 1048 1220
N 830
 1336 1380 1245 1519 1273 1321 1177 1300 1141 1505 1163 1055 1271 1005 1322 1333 1261 1542 1133 1518 1610 1063 1004 1548
N 831
 1286 1158 1176 1614 1116 1292 1394 1073 1103 1127 1050 978 1414 1222 1284 1318 1320 1062 1421 1401 1495 1084 974 1540
N 832
 1425 1053 1115 1036 1513 1533 1599 1439 1290 1571 1563 1158 1141 1155 1168 1343 1506 1312 1194 1034 1502 1030 1396 1568
N 833
 1540 1171 1232 1462 1162 1470 1373 1213 1377 1357 1560 1339 1002 1011 1585 1571 1423 1601 1310 1104 1092 1219 1340 1154
N 834
 1491 1071 1052 1449 1438 1255 1198 1036 1561 1325 1430 1237 1190 1334 1239 1584 1605 1413 1458 1440 1489 1179 1130 1303
N 835
 1176 1404 1167 1236 1132 1489 1405 1358 1403 1595 1253 1302 1563 1049 1019 1079 1582 1499 1035 1091 985 983 1495 1285
N 836
 1419 1441 1302 1505 1281 1408 1444 1176 1517 1088 1061 986 1294 1330 1277 1229 1104 1245 1105 1027 1221 1083 1469 1124
N 837
 1226 1307 1285 1209 1195 1393 1483 1324 1545 1264 1077 1114 1399 1298 1167 1197 1353 1245 1573 1616 972 1075 1022 1614
N 838
 1488 1137 1482 1585 992 1233 1357 1259 1351 1584 1138 1446 1459 1308 1365 1054 1114 1356 1120 1381 1328 1435 1579 1268
N 839
 1437 1461 1020 1132 1362 1085 1345 1324 1297 1578 1191 1479 1591 1010 1560 1424 1501 1341 1233 1177 1556 1138 1354 1209
N 840
 1533 1171 1389 1568 1577 1125 1203 1542 1079 1064 1360 1096 1508 1459 1175 1106 1413 1385 1326 1456 1198 1058 1606 1428
N 841
 1556 988 1421 1257 1296 1071 1338 1174 1619 1188 1291 1117 1231 1053 1226 1342 1355 992 1331 1276 1045 1256 1036 1240
N 842
 1011 1017 1195 1395 1556 1076 1298 1379 1071 1335 1029 1577 1434 1200 975 1280 1541 1344 1024 1152 1382 1006 1121 1123
N 843
 1514 1331 1497 1215 1572 1211 1455 1431 1468 1535 1312 1346 1267 1541 1084 1378 1186 1105 1414 1546 1179 1245 1338 1608
N 844
 1198 1468 1598 1497 1242 1349 972 1609 1162 1531 1452 1051 1064 1147 1554 1393 1581 975 1220 1269 997 1295 1210 1000
N 845
 1519 1122 1282 1187 1061 1201 1274 988 1351 1166 982 1269 1498 1232 1615 1352 1561 1415 1082 1173 1585 1560 1536 1071
N 846
 1167 1346 996 1542 1023 1283 1424 1160 992 995 1298 1318 1255 1145 1223 1465 1211 994 1071 1175 1164 1510 1415 1036
N 847
 1281 1470 1310 1136 1425 1041 1291 986 1460 1535 1210 1120 1406 1429 1613 998 1082 1401 1009 1352 1171 1048 1446 1071
N 848
 1515 1469 1172 1366 1002 1476 1362 1407 1545 1037 1281 1101 1528 1388 1400 1234 972 1109 1158 1280 1569 1475 1200 995
N 849
 1513 1448 1104 1603 1611 1460 1420 1310 1607 1118 1132 1244 1108 1258 1590 1085 1148 1492 1229 1242 1181 1443 1280 1427
N 850
 1183 1327 1498 1567 1526 1179 1277 1274 977 1418 1521 1008 1340 1006 1319 1043 1019 1147 1578 1470 1195 1213 1480 1460
N 851
 1490 1422 1372 1214 1501 1404 1342 1574 1261 1278 1559 1546 1432 1584 1108 1336 1000 1046 1180 1391 1536 1024 1134 1159
N 852
 1118 1446 1300 1097 1500 984 1593 1363 1155 1618 1428 1420 1129 1501 1243 1508 1302 1510 1276 1205 1370 1103 1035 1454
N 853
 1255 1234 1211 983 1322 1373 1203 1556 1570 1147 1248 1182 1478 1580 1438 1375 1492 1133 1018 1165 1183 1412 973 976
N 854
 1519 1430 1329 1436 1192 1449 1262 1540 1244 996 1273 1093 1488 1610 1491 1291 1371 1367 1456 1287 1414 1270 1053 1221
N 855
 1076 1262 1135 1561 1408 1141 1297 1065 1389 1445 1267 1582 1161 1159 1615 1035 1070 1074 1456 1406 1346 1470 1260 1527
N 856
 1336 1328 1085 1542 1377 1053 1326 993 1254 1190 1604 1249 1558 1102 1300 1556 1132 1168 1384 1001 1035 1110 1048 1173
N 857
 1131 1166 1570 1567 1022 979 1106 1410 1154 1092 1273 1160 1431 1581 1158 1182 997 1510 1011 1148 1238 1220 1156 1525
N 858
 1252 1470 1380 1342 1240 1277 1484 1369 1403 1347 1533 1573 1166 1041 1105 1436 1102 1043 1001 1454 1568 1237 1497 1424
N 859
 1212 1415 1131 1441 1392 1037 1301 1167 1532 1427 1464 1146 1224 1186 1254 1547 1032 1550 1382 1026 1282 1058 1067 1190
N 860
 1431 1613 1495 1378 1567 1136 1295 1601 1359 1292 1076 1313 1149 1077 1263 1169 1577 1044 1248 1505 991 1437 1095 1540
N 861
 1140 1371 1510 1300 1157 1123 1530 1381 1391 1541 1192 1035 1092 1132 1344 1305 1352 1239 1120 1397 1365 1089 1307 1228
N 862
 1031 1277 1518 991 1005 1208 1313 1550 1476 1455 1347 1052 984 1335 1523 1249 1594 1427 1071 1587 1312 1607 1030 1598
N 863
 1365 1138 1018 1134 1267 1549 1473 1353 1497 1260 1500 1004 1263 1215 1258 1084 1149 1310 1439 1126 1535 1151 1446 1583
N 864
 977 1085 1349 1322 1290 1110 1529 1555 1101 1598 1133 1129 1262 1034 1209 1032 1223 1025 1077 1378 1222 1559 983 1291
N 865
 1479 1007 1217 1531 1598 1617 987 1034 1022 993 1616 1030 1534 1263 1606 1453 1489 1295 1538 1474 1009 1564 1490 1268
N 866
 1396 1539 1335 1398 1194 1249 1264 1069 1391 1405 1035 1219 1601 1208 1040 1032 1107 1280 1169 1464 1540 1015 1453 1412
N 867
 1407 1424 1311 1302 1612 1554 1299 1317 1356 1191 1418 1599 1142 1138 1422 1382 1208 1615 1477 1188 1219 1018 1272 1080
N 868
 1145 1084 1012 1346 1619 1571 1003 1172 1396 1430 1017 1310 1478 1276 1517 1045 972 1421 1516 1023 1139 1440 1570 1552
N 869
 1251 1245 1376 1144 1182 1184 1104 1405 1333 1319 1218 1387 1605 1439 1530 1523 1222 1105 1072 1590 1157 1541 1298 1567
N 870
 1605 1181 1055 974 1125 1222 1195 1310 1293 1168 1280 1025 1466 1252 1514 1522 1030 1610 1383 983 1104 1071 1457 1120
N 871
 989 1479 1581 1019 1471 1123 1065 1368 979 1619 1300 1466 1074 1247 1585 1330 1116 1558 1391 1354 1047 1540 1239 1207
N 872
 1316 1087 1454 1088 1293 1479 1313 1058 1424 1348 1131 1021 1112 1619 1486 1216 1298 1068 1510 1122 1373 1110 1231 1485
N 873
 1581 1187 1533 1401 1515 1582 1584 1123 982 1074 1616 1532 1535 1326 1399 1018 1296 1355 1528 1133 1186 1150 1387 1034
N 874
 1161 1492 1035 1601 1124 1295 1229 1137 1248 1228 1058 1369 1002 1100 1079 1361 1251 986 1536 1493 1617 983 1316 1067
N 875
 1057 1152 1575 1111 1318 1252 1063 1496 1202 1085 1426 1284 1466 1039 1200 1023 1280 1220 981 1077 1092 1017 1570 1450
N 876
 992 1158 1364 1387 1526 1279 1285 1354 1280 1419 1551 1231 1059 1136 1301 1288 1226 1282 1089 1462 1232 1314 1589 997
N 877
 977 1330 1553 1279 1320 1099 1426 1537 1008 1483 1480 1416 1374 1619 1301 1072 1191 1419 1556 1546 1074 1465 1617 1588
N 878
 990 1417 1340 1597 1008 1194 1594 1313 1176 1272 1191 1129 1508 1367 1405 1189 1225 1138 1064 977 1060 1555 1179 1536
N 879
 1618 1157 1412 1600 1599 1086 1347 1309 1586 1215 1357 1041 1376 1404 1024 1195 1416 994 1483 1346 1266 1321 1285 1571
N 880
 1293 1376 1024 1362 1015 1523 1528 1597 1589 1079 1591 1524 1165 1382 1136 1062 1248 1122 981 1445 1612 1476 1304 1245
N 881
 1060 1169 1488 1015 1153 1405 1237 1092 1020 1188 1297 982 1106 1561 1422 1548 1394 1095 1535 1319 1555 1234 1499 1590
N 882
 1148 1443 1155 1426 1439 1259 1054 1425 1611 1598 1169 1470 1569 1562 999 1540 1279 1227 1463 1194 1573 1488 1129 1442
N 883
 1461 1154 1467 1350 1429 1372 1382 1603 1023 1096 988 1386 1351 1007 1498 1323 1141 1101 1569 1363 1127 1359 1069 1308
N 884
 1172 1491 1348 1094 1199 1484 1276 1240 1462 1590 1197 1096 1511 1066 1283 1336 1158 1221 1602 1281 1495 1455 1228 1108
N 885
 1221 1453 1569 1058 1516 1599 1406 1505 1500 1601 1360 1426 1565 1175 1386 1582 1232 1156 1335 1228 1186 1182 1092 1269
N 886
 1561 1581 1097 1117 1136 1184 1432 1351 1180 1165 1317 1319 1571 976 1159 1042 1107 1592 1177 1550 1029 1187 1249 1046
N 887
 1138 1513 1118 1460 1498 1276 1114 1537 1541 1293 1444 1523 1182 1589 972 1392 1197 1174 1384 1366 1323 980 983 1441
N 888
 1363 1269 1001 1569 1508 1191 1530 1216 1613 1601 1499 1019 1116 1293 1341 1134 1168 1301 1124 1245 1100 1552 1537 1386
N 889
 1095 1060 1122 1183 1602 1608 1471 1341 1293 1397 1539 1245 1204 1097 1597 1362 1296 1207 1525 1489 1290 1253 1262 1287
N 890
 1089 1429 1311 1588 990 1076 1126 1185 1452 1436 997 1461 1503 1475 1145 1002 1040 1583 1451 1086 1242 1208 1156 1298
N 891
 1263 1256 1170 1371 1346 1027 1034 1465 1297 1569 1016 1342 1120 1362 1078 1307 1382 1498 1603 1164 1311 1113 1145 1438
N 892
 1100 1157 1529 1394 1378 1524 1400 1582 1519 1026 1153 1374 1252 1068 1142 1156 1217 1552 1359 998 1311 1053 1263 1410
N 893
 1007 1202 1531 1343 1334 1083 1165 1485 1049 1328 1092 1340 1223 1459 1206 1388 1370 1460 1333 1311 1379 1357 1077 1235
N 894
 1093 1223 1177 1260 1356 1270 1456 1236 1102 1522 1323 1204 1089 1449 1386 1530 1306 1540 1039 1128 1094 1111 1566 1383
N 895
 1011 1485 1592 1333 1193 1501 1093 1596 1582 1185 1541 1043 1419 1352 1082 1230 1600 1307 1006 1385 1369 1532 1072 1146
N 896
 1186 1218 1390 1407 1476 1108 1127 995 1443 1142 1251 1489 1232 1600 1135 989 1069 1220 1002 1370 1320 1007 1574 1219
N 897
 1296 1157 1330 1467 1370 1079 1029 1373 1290 1120 1251 1425 1142 1258 1202 995 1013 977 1456 1487 1119 1058 1050 1260
N 898
 1453 1048 1417 1589 1188 1483 1371 1379 1570 1097 1452 1294 1115 1591 1006 1065 1449 1078 1338 1251 1271 1493 1285 1567
N 899
 1072 1539 1342 1021 1343 1242 1283 1557 1071 1003 1465 1192 992 1076 1261 1017 1226 1035 1363 1514 1135 1220 1102 1188
N 900
 1107 1311 1399 1130 1386 1410 1019 1001 1477 1516 1156 1425 974 1221 1571 973 1287 1231 1056 1507 1451 1115 1320 1486
N 901
 1020 1591 1010 1384 1106 1271 1207 1287 1584 1059 1450 1179 1372 1375 1402 1213 1012 1501 1204 1291 1156 986 1218 1304
N 902
 1356 1596 1334 1207 984 1549 1567 1515 1618 1377 1359 1358 1041 997 1583 1179 1566 1505 1371 1399 1565 1603 1612 1322
N 903
 1195 1386 1039 1412 1091 1606 1597 1261 1512 975 1096 1393 1463 1121 1448 1154 1596 1475 1423 1466 1235 1194 1147 1562
N 904
 1228 988 979 1510 1048 1550 1593 1171 1256 1531 1409 1618 1324 1294 1261 1274 1076 1494 1333 1573 1082 1253 1612 1326
N 905
 1284 1129 1521 1346 1082 1241 990 1295 1448 1286 1446 1124 1339 1484 1477 1430 1616 1271 1164 1123 1424 1144 1143 1592
N 906
 1377 1203 1093 1616 1358 1614 1583 1095 1568 1013 1536 1005 1018 989 1167 1134 1565 1338 974 1365 1307 1011 979 1138
N 907
 1557 1413 1194 1367 1343 1467 1376 1113 1583 1460 1264 1212 1329 1227 1106 1286 1611 1600 1323 1154 1300 1240 1265 1464
N 908
 1522 1502 1257 1494 1509 1036 1074 1567 1396 1510 1475 1058 1377 1261 1453 1186 1369 1439 1225 1408 1229 1388 1283 1115
N 909
 1558 1580 1434 1197 1044 1073 1586 1347 1025 1211 1067 1222 1069 1248 994 1202 1155 1534 987 1563 1173 1132 1265 1557
N 910
 1517 973 1500 1127 1100 1135 1491 1616 1096 1317 1268 988 1453 1381 1095 1301 1230 1598 1225 1329 1224 1485 1351 1435
N 911
 1179 1223 1217 1120 1230 1084 1161 1102 1193 1364 1338 1400 1068 1194 1436 1496 1156 1029 1516 1000 1382 1104 1605 1421
N 912
 1473 1184 1618 1527 1451 1579 1386 1178 1319 1156 1530 1598 1562 1001 1110 1086 1587 1151 1046 1288 1422 1518 1209 1273
N 913
 1420 1112 1538 1431 1046 998 1411 1241 1357 1494 1259 1518 1564 1474 1535 978 1328 1072 1029 1539 1402 1343 1601 1333
N 914
 1201 1350 1059 983 1459 1177 1592 1396 1420 1504 1205 980 1161 1371 1464 1129 1481 1015 1237 1529 1471 1066 1076 1173
N 915
 1530 1380 1303 1096 1500 1434 1480 1085 1290 1355 1211 1374 1083 1398 1002 1383 1088 1311 1145 1203 1142 1433 1238 1073
N 916
 1459 1566 1366 1060 1552 1382 1211 1392 1484 1538 1604 1572 1031 1246 1206 1270 1144 1461 1505 1472 1445 1016 1565 1497
N 917
 1489 1203 1581 1041 1427 1518 973 1316 1344 1210 1304 1553 1415 1101 1499 1276 1323 1245 1135 1012 1444 1296 1478 1217
N 918
 999 1272 1383 984 1028 1538 994 1100 1405 1279 1343 1082 1601 1385 1152 1463 1116 1052 1361 1037 1312 1319 1441 1420
N 919
 1145 1355 1055 1567 1003 1414 1348 1305 1300 1615 1379 989 1441 1412 1132 1421 1330 1323 997 1515 1255 1221 1499 1392
N 920
 1326 1309 1284 1313 1391 1161 1589 1158 1606 1600 1409 1363 1087 1496 1299 1414 1539 1064 1531 1113 1172 1066 1067 1393
N 921
 1283 1284 1590 1426 1412 1447 1019 1115 1408 1243 1153 1184 998 1501 1481 1367 1527 1491 1484 1222 1004 1464 1266 1545
N 922
 1044 1611 1547 1369 1123 1253 1120 1027 1068 1389 1408 987 1516 1215 1555 1052 1600 1532 1062 1484 1260 1282 1143 1265
N 923
 1464 1299 1437 1433 1557 1172 1131 1566 1090 1505 1454 1289 1125 1011 1428 1105 1450 1381 1025 1127 1104 1046 1253 1377
N 924
 1603 1526 1342 1275 1122 1375 1091 1066 1038 1152 1493 1240 1613 1270 1073 1208 1453 1237 1097 1542 1358 1236 1538 1383
N 925
 1178 1432 1077 1529 1248 1365 1312 1532 1017 1496 1381 1434 1411 1573 1536 1247 1185 1619 1191 1439 1433 1514 1250 1441
N 926
 1285 1080 1563 1363 1444 1589 1000 1332 1141 1288 1392 1566 1391 1345 1226 1371 1310 1227 1009 1039 1158 1613 1601 1235
N 927
 1522 1459 1093 1227 1073 1174 1332 1389 1032 1605 1514 1263 1224 1029 1419 1595 1540 1358 1133 1461 1301 1487 1285 1527
N 928
 1370 1335 1266 1221 1095 1015 1426 1225 1260 1034 1361 1229 1032 1327 1454 1106 1024 1186 1548 1535 1166 1530 1205 1368
N 929
 1411 1023 1245 1573 1056 1161 1274 1100 973 1422 984 1506 1118 1236 1084 1065 1080 1101 1148 1292 1030 1115 1335 1379
N 930
 1521 1415 1197 1159 1153 1184 1387 1468 1583 1515 1142 1063 1432 1610 1051 1167 1482 1587 1591 1522 1230 1407 1450 1226
N 931
 1330 1381 1485 1276 1099 1341 1271 1282 1315 1102 1415 1390 1344 1076 1532 1524 1407 977 1136 1208 1616 1526 1209 1054
N 932
 1167 1097 1291 1528 1468 1290 1057 1366 1069 1006 1464 1447 1419 1288 1024 1329 1076 1110 1138 1614 1188 1583 1416 1068
N 933
 1187 1612 1586 980 1145 1127 1578 1584 1318 1264 1178 1536 1556 999 1166 1205 1395 1534 1354 1120 1532 1324 1456 1293
N 934
 1523 1307 1314 1177 1271 1229 1252 1610 1390 1095 1020 1029 1513 1281 1202 1564 1166 1157 1571 1393 1052 1458 1530 1125
N 935
 1422 1417 1202 1142 1328 1291 1334 1448 1308 1024 1034 1282 1058 1524 1484 1013 1446 1137 1559 1570 1273 1331 974 1015
N 936
 1204 1061 1030 1486 1463 1211 1453 1107 1310 1126 1611 1374 1025 1394 1343 1249 1124 1129 1337 1306 1254 1339 1421 1540
N 937
 1070 983 1253 980 1294 1331 1559 1528 1546 1079 1525 1554 1238 1558 1179 1298 1226 1039 1419 1337 1415 1037 974 1496
N 938
 1430 1374 1204 1043 1422 1586 1493 1498 1115 1497 1047 1508 1044 1602 1184 1034 1168 1237 1338 975 1150 1092 1610 1617
N 939
 1513 1409 1109 1474 1531 1187 1307 1272 1076 1331 1273 1064 1588 1328 1369 1412 1257 1408 1085 1089 1605 1433 1290 1615
N 940
 1284 981 1470 994 1512 1178 1128 1008 1256 1580 1371 1222 1116 1593 1258 1253 1138 1291 1342 1610 1034 1170 1226 1092
N 941
 1192 1422 1148 1295 1580 1412 1468 1552 1527 1512 1214 1418 1537 1300 1284 1096 1380 1542 1072 1161 1477 1573 1033 1566
N 942
 1356 1101 1399 1041 1569 1596 979 1370 1221 1287 1544 1618 1349 1146 1421 1171 1565 1238 1470 1466 1508 1293 1611 1220
N 943
 1104 1008 1605 1548 1075 1609 1344 1536 1526 1585 1456 1229 1454 1033 1202 1089 1148 1411 1053 1355 1473 1023 1197 1287
N 944
 1209 1074 1367 1422 1442 1071 1472 1365 1352 1366 1267 1593 1049 1120 1220 1108 1435 1391 1555 1501 1323 1123 1388 1248
N 945
 1156 1541 1422 1005 1433 1257 1089 1377 1514 1498 1583 1556 1183 1282 1572 1455 1513 1055 1080 1205 1091 1534 1516 1425
N 946
 1484 1170 996 1197 1545 1523 1326 1306 1116 1381 1165 1575 1443 1518 1489 1000 1073 989 1366 1245 1496 1537 1207 1506
N 947
 1352 1197 1554 1310 1537 1588 972 1315 1366 1512 1553 1103 1276 1329 1426 1392 1218 1615 1237 1445 1020 1484 994 1407
N 948
 1437 1175 1602 1315 1070 1433 1432 1163 1121 1503 1508 1607 1135 1169 1334 1399 1483 1206 1014 1458 1517 1279 1616 1318
N 949
 1102 1010 1169 1385 1030 1474 1004 1525 1240 1583 1578 1155 987 1204 1312 1211 1392 1158 1459 1107 1056 1502 1379 1603
N 950
 1371 1617 1568 1005 993 1397 1254 1351 1545 1428 1313 1420 1457 1245 1458 1345 1489 1073 1227 1423 1563 1405 1003 981
N 951
 988 987 1511 1551 1199 1126 1415 1090 1227 1497 1338 989 1408 1557 1043 1571 1350 1221 1099 1596 1180 1121 1060 1210
N 952
 1605 980 1232 1284 1019 1393 1154 1463 1288 1390 1529 1380 1408 1525 1170 1532 1173 1061 1346 1319 1450 1325 1131 1485
N 953
 1002 1011 1513 1545 1238 1149 1239 1180 1276 1442 1615 993 1074 1433 1322 1379 1223 1026 1476 1609 1449 1053 1007 1253
N 954
 1118 1509 1174 1345 1530 1282 1505 1169 1232 1523 1198 1188 995 979 1284 1524 1063 1478 1410 1558 1210 1190 1207 1000
N 955
 1547 1025 1126 1218 1109 1009 1219 1023 1531 1230 1074 985 1112 1617 1220 1046 1543 1582 1289 1101 1417 1498 1129 1128
N 956
 984 1479 1519 1229 1110 1376 1566 1511 1125 1065 1286 1208 1512 1433 1104 1527 1390 1209 1378 1129 1454 983 1057 1325
N 957
 1281 1293 1318 1385 1452 1471 993 1411 1005 1027 1050 1261 1460 1434 1439 1531 1576 1149 1295 1224 1112 998 1030 1615
N 958
 1425 1184 1153 1245 1467 1364 1124 995 1050 1502 1590 1292 1055 984 1332 1558 1434 1564 1458 1406 1423 1216 1315 1172
N 959
 1091 1286 1031 1166 1482 1567 1220 1221 1133 1411 1565 1436 1153 1155 1243 1467 1268 986 1588 1550 988 1591 990 1276
N 960
 1432 1104 1017 1149 1139 1403 1573 1470 1332 1438 1057 1613 1355 1141 1154 1463 1086 1066 1510 1564 1601 1358 1553 1616
N 961
 1007 1164 995 1091 1020 1500 1527 1095 1264 1093 994 1067 1096 1492 1394 1565 1101 1075 1308 1021 1344 1481 1097 1251
N 962
 1073 999 1061 1179 1071 1348 1222 1475 1208 1175 1469 1026 1062 1059 1119 1347 1490 1548 1363 1172 1199 1068 1376 1566
N 963
 1123 1396 1057 1302 1386 1036 1206 1453 1009 1544 1599 1574 1044 1134 1513 988 1559 1466 977 1278 1548 1066 1229 1042
N 964
 1369 1339 1580 1285 1116 1373 1125 1407 1226 1562 1121 1080 1224 1502 1106 1371 1265 1413 1143 1504 1573 1337 1520 1541
N 965
 1289 1043 1436 1554 1015 1456 1591 1287 1359 1529 1491 1138 1292 1250 1381 1386 1089 1038 1420 1455 1513 1001 1510 1446
N 966
 1094 1080 1511 982 1045 1435 1478 1516 1472 1309 1437 1274 1333 1009 1022 1343 1359 1002 1140 1355 1141 1507 1123 1145
N 967
 1215 1453 1284 1313 1574 1372 1457 1222 1375 1356 1413 1402 1562 1131 1045 1112 1487 1223 1104 1303 1476 1248 1212 1340
N 968
 1485 1497 1090 1085 1149 1131 1445 987 1184 1397 1489 1117 1037 1508 1425 1054 1224 1152 1467 1534 1218 1343 1519 993
N 969
 1031 1197 1262 1570 1231 1176 1236 1342 1205 1481 1429 1174 1585 1375 1433 1209 1046 1020 1146 988 1504 1165 1180 1363
N 970
 1107 1376 1029 1032 1475 1458 1141 1105 1103 1384 1000 1285 1124 1157 1121 1178 1399 1420 1072 1081 1301 1503 1411 1171
N 971
 1485 1311 1590 1167 1367 1439 1560 1207 999 1317 1440 1517 1370 1288 1605 1601 1099 1489 1045 1313 1132 1007 1323 1392
N 972
 23 33 85 87 124 167 201 242 264 295 328 351 382 383 395 403 471 481 502 516 519 520 537 540 582 605 667 689 700 786 837 844 848 868 887 947
N 973
 8 26 28 87 97 117 191 207 216 232 347 385 403 404 410 452 480 510 527 576 631 639 644 650 668 675 731 739 745 752 776 853 900 910 917 929
N 974
 18 19 35 44 51 72 120 172 219 269 276 321 322 324 348 391 393 431 536 640 646 656 685 710 713 714 724 806 809 818 831 870 900 906 935 937
N 975
 10 47 69 73 77 83 101 112 129 140 151 169 173 186 234 254 307 354 402 421 445 474 565 604 646 668 712 762 783 812 818 828 842 844 903 938
N 976
 10 21 36 84 101 104 127 129 173 210 238 299 327 328 333 385 386 430 492 522 535 574 576 577 586 589 612 615 642 656 680 694 787 790 853 886
N 977
 48 63 83 113 198 281 293 308 324 333 349 358 406 409 447 542 587 602 606 634 644 651 662 690 719 724 738 785 810 850 864 877 878 897 931 963
N 978
 96 106 120 137 151 204 207 209 229 279 294 316 337 353 369 384 399 400 409 411 420 450 451 462 523 578 592 626 637 639 673 773 792 805 831 913
N 979
 26 56 88 132 139 165 236 242 272 294 333 340 361 369 439 443 460 461 474 564 599 625 638 673 676 677 757 797 803 826 857 871 904 906 942 954
N 980
 36 44 64 86 114 153 191 194 196 214 246 345 348 394 403 410 413 490 501 528 533 535 560 572 612 647 655 697 722 749 784 887 914 933 937 952
N 981
 30 51 63 171 189 194 218 223 280 283 311 321 343 367 446 503 559 633 635 667 705 706 711 720 725 729 747 748 756 757 795 811 875 880 940 950
N 982
 20 44 52 56 68 69 96 102 127 145 169 245 272 285 290 342 356 373 382 481 519 542 557 568 614 660 682 723 737 740 801 815 845 873 881 966
N 983
 11 25 41 66 80 138 174 208 226 305 396 421 427 458 471 506 508 523 537 571 573 587 686 702 730 743 785 835 853 864 870 874 887 914 937 956
N 984
 13 42 76 81 158 169 172 175 181 185 189 192 245 293 313 372 399 400 410 437 440 556 572 575 591 651 688 721 731 852 862 902 918 929 956 958
N 985
 29 91 127 143 151 165 172 176 180 224 243 252 264 271 296 320 348 367 371 375 390 392 401 442 449 517 566 583 591 606 732 773 784 795 835 955
N 986
 22 35 52 70 96 103 104 108 125 137 214 239 259 270 365 379 443 495 552 663 691 697 701 731 742 743 755 775 792 803 821 836 847 874 901 959
N 987
 1 2 43 46 81 84 105 107 134 184 216 256 283 297 335 354 363 373 424 454 485 488 506 541 699 705 718 745 782 797 865 909 922 949 951 968
N 988
 15 21 50 61 85 138 140 141 148 149 159 193 229 281 328 353 412 477 510 524 548 629 718 783 790 797 821 841 845 883 904 910 951 959 963 969
N 989
 17 18 29 63 71 89 91 92 122 123 128 142 210 238 245 255 277 289 381 400 424 506 508 530 550 609 657 663 755 773 871 896 906 919 946 951
N 990
 21 61 137 161 210 244 276 292 296 297 343 367 376 391 393 399 434 460 461 468 495 518 528 586 640 678 704 707 781 783 790 822 878 890 905 959
N 991
 1 22 25 97 168 193 201 212 280 287 292 331 333 344 345 353 385 419 436 447 450 506 516 526 595 602 615 654 669 673 689 724 793 806 860 862
N 992
 22 57 74 104 116 131 181 209 227 234 277 295 298 300 305 316 386 418 480 493 516 520 538 562 585 588 597 651 688 739 784 838 841 846 876 899
N 993
 15 76 80 92 127 129 158 161 169 197 202 206 258 376 456 459 477 502 529 538 573 575 582 590 613 624 723 767 772 794 856 865 950 953 957 968
N 994
 17 19 23 34 49 101 142 176 216 224 230 279 288 394 395 450 451 461 505 513 547 611 616 622 626 629 659 685 758 846 879 909 918 940 947 961
N 995
 19 28 56 70 141 153 193 231 250 280 330 335 352 378 397 407 409 421 491 503 538 584 680 699 736 777 781 798 818 846 848 896 897 954 958 961
N 996
 4 10 59 61 78 89 104 110 155 167 291 295 368 371 375 381 383 427 464 483 497 513 565 567 656 694 695 698 733 747 752 792 819 846 854 946
N 997
 0 22 71 79 144 162 210 217 219 230 253 259 300 323 328 380 405 422 454 500 501 506 581 597 610 654 728 761 796 825 844 857 876 890 902 919
N 998
 13 83 94 115 117 163 187 214 232 354 413 442 498 507 509 535 542 550 558 566 582 584 588 662 673 692 722 747 769 788 799 847 892 913 921 957
N 999
 18 52 131 133 241 249 277 303 311 342 353 355 374 403 415 417 444 495 514 517 521 586 611 645 661 670 702 713 790 791 814 882 918 933 962 971
N 1000
 7 26 67 72 205 208 210 251 264 291 357 402 459 522 540 543 568 609 628 632 685 718 734 745 750 755 756 766 829 844 851 911 926 946 954 970
N 1001
 24 84 146 158 197 198 225 230 235 245 302 303 357 380 389 413 442 445 460 474 526 547 581 628 635 658 684 703 776 796 856 858 888 900 912 965
N 1002
 31 50 85 99 104 118 120 124 127 134 192 205 242 280 364 391 399 455 457 499 501 528 563 574 640 658 665 792 833 848 874 890 896 915 953 966
N 1003
 34 71 125 135 157 171 196 199 237 260 277 283 306 310 351 363 364 382 394 403 408 466 497 532 721 745 750 762 779 780 793 823 868 899 919 950
N 1004
 41 93 121 141 171 173 197 223 260 318 319 347 352 359 412 440 516 565 573 622 630 631 643 646 688 710 741 755 767 769 782 803 830 863 921 949
N 1005
 43 51 145 152 160 164 207 235 292 310 312 314 335 345 432 453 470 509 556 595 663 681 687 705 708 750 752 787 800 813 830 862 906 945 950 957
N 1006
 57 62 76 108 109 150 168 224 233 249 266 269 417 421 435 438 478 482 503 554 562 674 710 723 725 758 765 779 788 791 801 842 850 895 898 932
N 1007
 26 38 94 105 126 222 232 235 293 325 327 357 399 429 437 514 526 541 562 590 634 655 669 684 738 742 766 770 821 865 883 893 896 953 961 971
N 1008
 1 7 22 44 45 48 54 59 163 200 251 338 340 346 355 393 449 514 522 530 537 545 595 694 695 749 756 774 781 822 827 850 877 878 940 943
N 1009
 6 82 107 112 121 135 157 188 219 242 258 297 322 327 332 396 425 441 455 473 492 553 581 594 651 675 698 728 741 807 847 865 926 955 963 966
N 1010
 25 82 110 116 121 167 176 189 200 220 230 249 285 307 329 330 333 416 426 471 484 485 563 598 602 613 632 643 721 752 778 787 819 839 901 949
N 1011
 16 34 42 62 93 122 126 129 145 193 201 226 239 325 363 408 442 480 494 536 566 596 621 625 641 678 724 768 802 833 842 857 895 906 923 953
N 1012
 1 162 180 185 187 213 225 257 269 270 286 351 370 375 399 404 495 500 536 554 566 577 604 625 648 669 671 674 690 709 724 782 823 868 901 917
N 1013
 14 16 29 40 94 127 142 160 177 188 235 288 291 303 327 333 345 361 430 442 486 488 492 495 496 552 626 627 631 674 684 689 772 897 906 935
N 1014
 13 57 102 112 152 175 214 222 238 247 266 267 281 290 359 433 440 447 476 479 480 536 538 554 561 575 580 601 642 710 763 768 774 814 825 948
N 1015
 27 55 109 127 131 133 149 161 173 185 198 205 220 247 310 365 458 462 470 480 580 598 622 653 666 692 720 804 806 866 880 881 914 928 935 965
N 1016
 19 54 81 92 135 180 242 248 269 275 283 303 305 323 346 437 448 450 474 499 500 527 534 564 568 572 608 629 632 706 780 798 802 814 891 916
N 1017
 79 134 145 159 266 295 328 334 348 379 384 437 538 541 563 567 573 579 587 598 613 621 623 657 659 660 674 696 774 810 842 868 875 899 925 960
N 1018
 8 12 18 30 42 84 134 136 185 211 246 268 286 303 328 346 356 368 497 506 534 599 614 646 656 658 666 674 675 720 798 853 863 867 873 906
N 1019
 1 29 41 52 81 89 110 138 140 147 213 258 286 307 316 381 420 453 455 523 557 569 615 625 686 744 763 776 803 835 850 871 888 900 921 952
N 1020
 45 71 86 97 117 158 171 193 265 274 364 379 414 459 496 506 511 546 576 631 687 710 748 783 789 805 806 809 810 839 881 901 934 947 961 969
N 1021
 32 62 72 108 131 140 175 234 237 260 271 279 303 342 355 363 373 376 381 389 413 437 468 489 534 599 634 647 663 688 698 759 825 872 899 961
N 1022
 12 72 102 156 165 212 240 264 286 289 319 337 371 379 403 404 407 416 420 463 483 540 614 634 655 727 731 754 756 787 788 792 837 857 865 966
N 1023
 34 44 51 89 90 127 158 245 278 293 324 327 328 341 425 451 458 462 466 524 554 591 621 712 720 739 772 796 809 846 868 875 883 929 943 955
N 1024
 24 28 49 58 69 152 177 187 206 226 267 279 286 287 299 318 354 360 368 473 499 515 534 561 672 680 712 777 820 842 851 879 880 928 932 935
N 1025
 65 92 180 187 202 253 255 258 365 366 379 399 426 445 465 493 513 525 552 566 570 578 604 681 702 723 780 784 795 813 864 870 909 923 936 955
N 1026
 5 8 39 75 127 132 151 165 184 190 220 237 245 254 297 347 394 414 434 463 488 499 500 504 551 565 575 578 691 718 782 825 859 892 953 962
N 1027
 5 16 19 88 100 111 120 161 185 275 286 296 340 415 475 481 494 551 561 610 616 641 652 653 671 713 714 718 741 771 777 819 836 891 922 957
N 1028
 2 8 27 35 61 64 73 80 93 139 154 177 187 228 242 248 289 341 362 385 423 449 471 482 603 622 627 649 652 680 692 731 750 758 764 918
N 1029
 37 77 82 88 90 139 147 219 329 351 465 470 494 508 590 597 646 664 684 716 731 732 762 765 768 794 802 809 842 886 897 911 913 927 934 970
N 1030
 12 78 114 172 188 244 263 333 396 451 475 511 522 544 560 632 673 678 691 696 725 730 752 768 785 789 793 821 832 862 865 870 929 936 949 957
N 1031
 12 41 102 115 124 133 223 246 247 262 276 349 364 398 402 437 515 536 542 559 561 575 582 591 600 618 695 702 704 712 794 820 862 916 959 969
N 1032
 21 56 159 163 166 178 199 214 263 284 288 343 359 406 409 418 440 483 496 548 562 577 595 632 648 656 663 688 723 829 859 864 866 927 928 970
N 1033
 14 32 47 53 109 139 142 154 155 166 167 178 245 338 347 377 410 429 432 433 486 504 519 523 532 590 651 655 656 664 708 790 801 827 941 943
N 1034
 34 71 81 130 143 239 277 364 382 397 427 461 471 478 558 593 626 697 709 725 728 740 741 769 783 785 791 832 864 865 873 891 928 935 938 940
N 1035
 2 15 22 37 78 94 139 147 184 193 227 248 278 281 287 307 338 382 398 427 486 492 527 536 581 713 772 796 835 852 855 856 861 866 874 899
N 1036
 4 63 176 233 260 292 309 310 330 333 354 370 387 392 455 472 492 511 553 554 586 595 618 640 655 664 719 723 769 818 832 834 841 846 908 963
N 1037
 28 49 120 124 126 127 163 179 200 230 236 294 300 308 315 345 354 368 374 412 500 548 576 610 645 714 735 748 812 813 826 848 859 918 937 968
N 1038
 5 15 31 40 58 63 69 70 93 101 134 146 206 267 313 326 350 363 384 400 404 439 451 474 500 512 520 559 608 666 761 780 797 808 924 965
N 1039
 9 31 61 66 69 85 118 162 177 205 266 313 326 343 382 395 525 549 553 568 654 675 694 743 746 748 751 758 761 783 807 875 894 903 926 937
N 1040
 36 68 81 100 103 124 153 191 200 239 257 359 403 416 417 439 449 457 472 505 537 550 552 577 589 602 617 624 656 726 739 751 759 764 866 890
N 1041
 38 116 120 139 159 178 191 204 207 239 334 338 353 365 374 413 452 482 507 508 577 587 596 614 648 652 716 735 746 822 847 858 879 902 917 942
N 1042
 5 31 80 116 177 181 209 226 228 272 282 303 304 315 324 328 338 351 356 379 439 450 488 506 511 512 564 572 588 620 637 696 789 822 886 963
N 1043
 54 79 83 85 100 103 109 155 202 206 210 252 271 284 311 318 341 398 446 462 477 518 589 619 684 730 745 771 790 805 850 858 895 938 951 965
N 1044
 0 40 43 132 134 173 192 241 247 253 354 425 463 464 473 494 505 523 566 631 632 664 667 697 706 723 731 734 750 797 798 860 909 922 938 963
N 1045
 20 33 77 85 129 207 232 242 321 336 461 501 516 529 543 549 561 569 571 583 594 631 644 647 673 675 678 686 694 712 803 841 868 966 967 971
N 1046
 9 52 84 140 146 153 171 183 219 224 264 272 273 297 344 365 370 435 442 454 467 469 507 542 551 589 694 713 819 851 886 912 913 923 955 969
N 1047
 20 42 61 64 66 113 123 124 152 155 159 181 238 256 272 323 385 386 398 444 460 474 601 611 619 640 645 674 712 745 772 799 807 815 871 938
N 1048
 43 53 54 70 108 132 142 146 158 222 228 246 268 274 339 349 371 393 466 511 539 546 550 570 588 590 659 664 723 765 787 829 847 856 898 904
N 1049
 27 52 73 95 131 133 136 153 170 202 212 246 282 342 361 434 456 460 480 488 510 528 530 570 596 647 662 740 749 767 771 779 796 835 893 944
N 1050
 15 35 51 96 124 155 218 219 232 282 285 301 306 331 345 409 419 424 454 463 503 541 553 561 584 589 605 655 755 770 791 801 831 897 957 958
N 1051
 45 66 107 144 198 278 306 310 340 347 351 372 387 407 408 434 496 513 518 530 537 581 589 599 613 631 634 665 702 706 745 771 811 828 844 930
N 1052
 9 55 194 205 216 237 263 295 303 326 339 352 363 416 433 457 480 499 508 513 574 634 697 700 747 774 786 790 793 820 828 834 862 918 922 934
N 1053
 0 52 70 132 172 174 178 189 195 261 267 305 313 317 329 336 356 377 390 426 479 487 507 611 673 677 729 757 804 832 841 854 856 892 943 953
N 1054
 4 22 37 39 78 83 86 123 153 237 252 280 304 355 366 376 448 456 494 515 521 530 545 643 670 692 721 744 747 773 793 829 838 882 931 968
N 1055
 5 30 60 82 94 110 130 225 243 261 262 264 266 306 350 385 428 450 469 493 506 535 717 722 726 752 769 778 790 797 816 830 870 919 945 958
N 1056
 11 19 28 50 66 71 109 166 180 193 230 273 275 277 331 352 368 383 415 451 461 514 525 545 555 571 583 590 593 612 624 630 797 900 929 949
N 1057
 0 30 44 73 181 187 214 232 239 249 275 294 322 328 342 392 422 434 460 524 536 561 565 568 576 610 664 669 705 742 777 875 932 956 960 963
N 1058
 63 82 117 125 128 146 159 243 280 341 385 388 393 489 491 513 578 584 601 641 678 691 746 747 778 781 785 807 840 859 872 874 885 897 908 935
N 1059
 0 22 30 33 43 81 93 140 143 157 162 196 227 229 244 267 276 305 396 399 444 480 500 544 582 592 732 733 734 739 751 822 876 901 914 962
N 1060
 47 86 119 120 145 178 196 209 220 242 309 316 354 415 431 457 490 516 598 640 643 657 679 712 720 730 733 744 795 798 817 878 881 889 916 951
N 1061
 14 39 41 54 70 94 107 108 109 128 227 271 274 277 334 366 373 400 422 462 511 537 620 668 685 734 753 776 781 792 793 836 845 936 952 962
N 1062
 2 17 26 37 40 45 56 126 135 146 151 164 167 178 209 216 221 236 253 367 392 441 446 544 573 575 610 619 620 644 668 742 831 880 922 962
N 1063
 2 126 188 210 211 231 240 245 249 285 300 312 317 372 420 428 460 479 509 548 552 592 619 636 680 719 728 761 765 799 823 829 830 875 930 954
N 1064
 5 9 12 20 67 114 135 138 143 180 223 224 281 369 415 480 489 538 557 570 598 636 654 657 665 715 731 778 812 820 821 840 844 878 920 939
N 1065
 0 13 18 27 77 81 103 142 176 202 231 292 343 356 365 420 425 479 488 504 513 527 557 568 589 611 639 680 725 739 753 855 871 898 929 956
N 1066
 48 54 161 176 214 220 231 278 290 322 337 377 387 459 491 510 516 540 578 604 609 628 665 685 723 736 749 770 803 809 884 914 920 924 960 963
N 1067
 137 141 169 199 292 321 324 330 361 383 397 402 403 450 455 465 474 475 500 507 533 542 622 632 722 723 739 741 788 803 804 859 874 909 920 961
N 1068
 2 69 121 127 131 148 156 157 221 238 314 324 330 355 358 373 374 378 493 511 585 587 618 630 643 660 705 719 743 817 872 892 911 922 932 962
N 1069
 11 104 130 138 147 161 176 185 196 243 263 284 325 332 341 405 436 443 445 478 490 495 515 516 546 560 575 580 697 778 818 866 883 896 909 932
N 1070
 13 34 53 57 58 186 219 268 330 348 368 385 401 435 446 519 522 533 564 571 579 599 627 629 654 711 714 716 735 739 742 750 757 855 937 948
N 1071
 10 98 117 338 451 466 499 516 535 557 561 594 612 627 630 664 674 708 713 726 727 736 771 822 824 834 841 842 845 846 847 862 870 899 944 962
N 1072
 4 98 150 151 153 158 184 208 258 296 344 372 387 417 423 486 510 515 522 546 614 622 657 671 701 715 731 760 818 869 877 895 899 913 941 970
N 1073
 35 55 81 122 232 233 256 313 314 353 360 376 391 465 472 508 519 526 584 585 631 635 650 652 660 717 753 790 831 909 915 924 927 946 950 962
N 1074
 12 85 107 110 238 254 285 313 340 372 383 411 412 445 508 511 573 586 600 608 646 661 693 707 729 739 744 813 855 871 873 877 908 944 953 955
N 1075
 65 88 91 158 171 202 233 287 288 315 326 339 351 429 445 447 456 460 465 498 509 529 542 580 620 638 645 674 683 715 722 777 781 837 943 961
N 1076
 8 41 89 125 167 183 190 193 210 231 250 358 387 408 436 438 481 496 502 523 543 554 747 782 806 825 842 855 860 890 899 904 914 931 932 939
N 1077
 7 17 106 207 224 305 309 326 339 346 364 411 437 458 478 505 539 566 570 581 584 589 620 627 641 649 656 720 757 808 837 860 864 875 893 925
N 1078
 11 20 92 101 124 141 166 236 248 257 270 310 344 355 362 366 442 448 486 523 526 613 621 633 652 686 699 713 758 762 765 773 781 805 891 898
N 1079
 2 21 33 62 64 103 185 198 219 273 298 351 362 387 465 476 523 549 596 633 640 653 668 671 692 711 756 770 810 820 835 840 874 880 897 937
N 1080
 6 11 29 100 117 158 265 348 353 393 415 479 492 521 523 591 611 620 624 663 680 686 715 733 738 755 763 777 781 819 867 926 929 945 964 966
N 1081
 9 54 109 127 152 162 187 191 220 237 266 272 356 419 429 496 529 560 565 573 583 603 611 636 658 694 695 718 719 733 752 816 818 826 827 970
N 1082
 63 120 123 171 189 195 219 229 242 256 289 303 378 416 424 449 454 477 513 541 617 641 652 657 675 676 693 752 764 829 845 847 895 904 905 918
N 1083
 53 77 258 280 291 348 357 361 363 381 387 398 408 417 431 435 477 510 561 599 606 620 625 686 700 716 745 769 783 791 820 823 826 836 893 915
N 1084
 2 10 26 171 187 220 222 225 245 251 297 344 412 422 432 460 490 504 525 535 548 551 566 576 589 686 711 773 787 799 831 843 863 868 911 929
N 1085
 2 62 156 218 226 245 248 332 340 343 373 405 412 434 441 450 462 481 492 509 543 551 577 578 650 737 793 800 839 849 856 864 875 915 939 968
N 1086
 13 21 76 81 120 160 164 191 203 254 272 298 300 312 325 343 395 413 499 503 559 578 585 595 598 624 669 679 715 786 787 809 879 890 912 960
N 1087
 17 18 46 49 50 67 99 103 121 148 170 201 220 227 234 284 324 327 347 359 370 381 394 400 431 501 628 633 637 700 704 706 708 751 872 920
N 1088
 19 46 64 85 92 137 159 168 238 244 275 294 298 302 347 367 420 428 460 462 480 529 532 542 570 580 676 679 687 691 790 791 829 836 872 915
N 1089
 8 26 49 98 131 158 242 288 290 291 372 387 390 394 396 401 421 452 465 469 515 518 566 609 617 712 736 800 861 876 890 894 939 943 945 965
N 1090
 3 61 118 119 128 131 153 198 206 283 284 287 299 356 399 425 442 490 491 507 545 554 590 616 663 686 750 753 777 790 806 820 829 923 951 968
N 1091
 11 59 79 142 143 165 186 231 241 245 258 259 276 313 380 406 407 434 512 523 540 543 550 576 596 603 630 656 671 741 835 903 924 945 959 961
N 1092
 16 51 55 103 148 162 248 262 281 297 369 377 395 401 505 528 541 548 554 565 599 632 681 693 709 748 767 833 857 861 875 881 885 893 938 940
N 1093
 15 17 63 129 195 213 250 270 285 289 303 307 351 356 401 414 446 553 559 563 598 605 667 701 780 784 789 798 799 820 854 894 895 906 927 961
N 1094
 15 35 60 69 76 111 142 154 186 207 234 308 314 318 331 370 374 399 416 428 437 444 498 514 536 640 732 734 744 747 765 775 810 884 894 966
N 1095
 36 42 106 122 157 160 162 200 252 276 279 338 360 405 440 491 502 510 522 572 589 619 644 679 754 774 800 807 860 881 889 906 910 928 934 961
N 1096
 3 18 76 95 132 134 136 194 206 263 275 280 304 352 386 423 431 432 470 519 529 569 572 650 684 696 766 820 840 883 884 903 910 915 941 961
N 1097
 84 168 178 233 252 290 312 322 337 368 400 405 428 432 496 497 520 556 613 633 687 689 738 741 771 811 815 823 824 852 886 889 898 924 932 961
N 1098
 78 86 92 114 166 195 259 280 286 290 329 353 386 390 394 399 404 425 444 450 477 485 486 520 524 539 626 685 714 717 737 762 764 777 801 814
N 1099
 102 127 155 170 188 215 228 236 239 252 257 270 404 407 422 424 433 443 542 558 562 567 608 610 615 630 692 737 751 772 775 812 877 931 951 971
N 1100
 17 66 109 120 135 139 238 269 271 282 291 321 364 376 396 398 445 459 462 467 469 519 555 626 651 771 785 803 807 828 874 888 892 910 918 929
N 1101
 4 129 159 213 253 266 297 360 361 426 523 524 541 555 567 606 616 640 644 650 660 687 703 753 767 795 805 814 848 864 883 917 929 942 955 961
N 1102
 62 86 95 108 114 169 177 187 209 229 241 248 301 308 316 418 520 551 560 561 595 603 717 720 763 766 772 780 795 856 858 894 899 911 931 949
N 1103
 6 16 29 64 75 146 153 227 249 282 285 314 352 386 409 425 467 469 475 482 483 490 531 549 560 575 578 619 673 683 792 810 831 852 947 970
N 1104
 7 9 19 128 169 185 226 281 310 390 409 437 451 454 455 526 540 600 618 619 620 635 654 752 772 833 836 849 869 870 911 923 943 956 960 967
N 1105
 68 108 124 152 203 305 309 319 392 396 404 406 429 431 435 443 464 477 485 502 562 594 649 660 711 728 762 765 776 805 836 843 858 869 923 970
N 1106
 46 94 110 116 161 262 267 287 302 318 376 421 432 438 444 476 477 524 526 553 582 585 646 677 705 706 726 776 792 840 857 881 901 907 928 964
N 1107
 27 91 152 156 190 211 254 262 269 283 314 340 364 433 456 513 519 525 546 553 607 641 652 670 746 778 780 786 795 828 866 886 900 936 949 970
N 1108
 22 48 55 56 72 89 109 168 206 218 221 293 331 336 356 360 361 402 405 422 458 492 511 513 588 603 634 714 730 763 821 849 851 884 896 944
N 1109
 27 34 47 58 121 151 172 247 256 261 278 316 318 329 331 457 465 499 510 511 528 547 572 580 607 617 624 635 643 676 714 811 829 848 939 955
N 1110
 66 75 97 115 134 136 157 178 190 193 227 257 344 356 383 389 404 429 506 507 511 570 594 633 636 713 763 793 820 825 856 864 872 912 932 956
N 1111
 24 33 87 129 170 176 190 207 253 255 278 338 364 372 388 391 401 427 431 436 439 441 453 635 637 641 669 704 728 761 785 795 817 829 875 894
N 1112
 86 91 97 99 146 159 198 234 255 274 294 343 348 393 394 428 456 481 551 559 560 567 603 624 641 676 690 706 733 787 798 872 913 955 957 967
N 1113
 5 8 69 90 114 135 148 149 170 196 204 216 220 228 267 335 358 393 412 417 457 486 504 513 525 539 583 587 676 693 695 718 723 891 907 920
N 1114
 4 62 70 75 78 105 218 225 230 346 383 387 389 410 417 424 426 449 475 481 524 525 600 623 655 658 675 679 689 716 720 782 809 837 838 887
N 1115
 21 29 32 52 161 186 198 204 218 290 305 327 346 397 423 443 521 525 537 543 618 657 661 677 685 764 772 786 829 832 898 900 908 921 929 938
N 1116
 87 108 203 215 216 235 267 313 320 412 417 459 473 495 568 574 586 594 595 640 655 675 684 690 706 728 731 735 828 831 871 888 918 940 946 964
N 1117
 21 86 97 126 136 140 143 170 199 244 249 258 274 279 326 405 417 506 511 537 550 567 607 618 646 691 710 712 729 764 817 824 828 841 886 968
N 1118
 20 208 220 226 309 323 370 387 419 437 468 483 498 546 555 556 567 570 571 590 599 638 641 687 703 716 733 735 760 768 805 849 852 887 929 954
N 1119
 46 54 61 81 106 136 139 242 284 320 323 363 365 392 452 454 472 481 504 521 535 537 541 550 573 593 594 606 625 666 687 749 817 827 897 962
N 1120
 12 115 128 207 254 260 280 310 319 350 358 381 383 422 486 512 521 568 578 599 642 676 678 683 737 769 838 847 861 870 891 897 911 922 933 944
N 1121
 36 71 88 188 236 254 279 282 288 329 400 478 524 540 559 562 593 608 615 646 661 664 732 754 764 786 806 813 818 822 842 903 948 951 964 970
N 1122
 74 85 124 125 126 130 154 203 221 230 235 337 363 366 375 411 416 471 481 527 566 587 611 638 642 647 696 717 776 799 809 845 872 880 889 924
N 1123
 14 89 95 111 172 205 212 245 265 298 330 360 409 424 464 508 516 550 611 666 669 750 753 760 774 777 797 842 861 871 873 905 922 944 963 966
N 1124
 4 9 15 34 126 250 302 369 391 394 433 452 459 474 488 523 538 542 545 592 662 708 725 733 759 761 782 804 811 836 874 888 905 936 958 970
N 1125
 40 50 79 126 130 140 177 244 250 289 329 482 522 539 540 541 557 563 566 586 587 592 611 663 669 722 725 786 818 828 840 870 923 934 956 964
N 1126
 6 27 49 84 144 155 177 203 209 238 245 255 291 364 387 411 442 471 487 507 529 592 657 663 668 672 704 724 787 788 823 863 890 936 951 955
N 1127
 10 45 67 107 140 141 144 151 205 241 243 251 308 390 423 484 501 505 518 630 648 656 683 684 685 703 711 741 754 756 831 883 896 910 923 933
N 1128
 24 31 53 57 61 79 84 106 174 175 199 247 289 331 332 339 369 428 436 439 487 509 608 673 690 730 751 769 770 798 813 817 825 894 940 955
N 1129
 30 91 160 243 266 275 342 350 387 417 424 432 442 492 500 563 566 590 610 626 635 657 665 699 735 773 783 852 864 878 882 905 914 936 955 956
N 1130
 49 66 75 252 266 278 308 311 313 315 318 332 356 381 383 402 410 414 458 549 583 670 674 687 692 716 744 760 769 774 807 808 812 828 834 900
N 1131
 59 136 138 143 229 261 276 279 286 357 368 391 428 452 517 572 581 594 634 673 734 739 778 790 799 810 812 827 829 857 859 872 923 952 967 968
N 1132
 34 88 150 167 212 219 253 311 326 334 383 396 428 433 440 468 472 482 551 608 615 633 634 639 648 757 797 806 835 839 849 856 861 909 919 971
N 1133
 30 66 103 157 274 303 307 330 344 347 364 374 433 444 451 495 505 513 518 527 587 593 630 658 670 685 736 762 798 807 830 853 864 873 927 959
N 1134
 11 35 47 76 181 194 196 218 248 251 263 351 353 389 395 421 431 434 448 504 525 585 591 594 595 636 672 707 714 794 797 851 863 888 906 963
N 1135
 18 49 99 100 131 167 247 259 268 401 424 426 503 538 578 614 615 625 637 648 680 693 713 728 735 762 794 810 819 823 855 896 899 910 917 948
N 1136
 21 31 48 112 113 182 188 206 243 269 299 338 374 375 381 426 453 476 477 509 598 631 659 663 679 682 745 808 818 819 847 860 876 880 886 931
N 1137
 6 17 46 66 68 83 91 149 153 177 219 285 301 331 335 354 389 392 420 424 474 521 542 548 605 617 618 652 661 676 707 729 731 838 874 935
N 1138
 12 19 42 60 115 137 160 171 194 201 269 288 321 330 331 348 352 380 383 432 523 597 657 725 729 814 838 839 863 867 878 887 906 932 940 965
N 1139
 37 68 93 110 114 115 132 204 238 269 274 304 342 355 357 373 398 427 448 449 471 472 505 527 558 623 693 745 778 786 792 805 817 827 868 960
N 1140
 41 81 109 112 117 130 181 232 235 290 296 301 319 322 334 340 472 479 493 526 527 556 562 570 648 666 668 671 701 737 751 752 822 826 861 966
N 1141
 19 123 139 178 195 253 255 279 300 303 342 352 391 476 485 498 509 521 526 576 677 684 717 723 788 794 808 827 830 832 855 883 926 960 966 970
N 1142
 46 95 155 167 199 200 224 226 247 261 265 379 403 442 448 467 493 500 549 551 656 659 666 676 689 703 751 788 816 867 892 896 897 915 930 935
N 1143
 80 88 127 130 178 201 236 276 296 353 441 517 568 577 590 597 620 629 649 664 692 704 709 711 736 742 752 755 756 781 807 808 824 905 922 964
N 1144
 8 18 38 45 105 108 201 225 228 276 339 343 383 407 413 421 433 445 519 520 546 570 585 587 604 618 627 648 672 775 807 811 816 869 905 916
N 1145
 33 50 60 115 149 154 192 194 205 214 250 253 321 332 350 379 412 418 432 457 546 657 668 700 743 749 760 780 846 868 890 891 915 919 933 966
N 1146
 16 33 44 82 159 193 195 233 272 308 342 371 382 385 428 438 477 557 560 589 596 657 667 671 712 724 730 736 739 749 796 824 859 895 942 969
N 1147
 3 11 28 50 78 104 128 165 215 222 250 288 333 342 355 359 389 430 490 516 537 571 618 639 645 682 703 705 725 757 791 829 844 850 853 903
N 1148
 46 71 86 112 117 119 128 150 169 249 256 267 299 368 429 438 593 600 601 612 617 626 720 722 749 756 762 766 802 828 849 857 882 929 941 943
N 1149
 11 13 84 97 98 105 107 231 251 261 326 353 385 419 471 559 583 586 604 605 615 631 661 669 671 681 732 743 764 780 860 863 953 957 960 968
N 1150
 28 40 44 104 140 147 155 194 210 225 235 240 246 247 249 264 273 317 336 350 386 461 505 526 563 583 588 597 614 650 711 726 743 764 873 938
N 1151
 34 66 75 100 109 127 145 204 232 251 263 292 312 324 359 423 478 488 492 502 507 510 526 551 553 560 607 674 684 695 704 705 769 801 863 912
N 1152
 52 100 137 157 186 213 228 294 309 315 322 351 358 397 412 459 515 553 606 613 655 658 666 668 729 737 753 791 794 820 826 842 875 918 924 968
N 1153
 27 46 99 112 189 199 213 215 265 268 351 354 355 418 458 474 497 498 521 544 598 603 635 639 665 679 705 719 720 815 881 892 921 930 958 959
N 1154
 57 111 113 162 179 201 271 276 296 297 358 393 403 422 456 488 505 509 536 547 553 633 645 714 734 753 788 790 800 833 857 883 903 907 952 960
N 1155
 7 30 92 147 173 201 310 312 345 369 371 388 390 406 409 546 593 605 615 621 627 675 710 713 732 751 785 791 795 804 832 852 882 909 949 959
N 1156
 61 90 108 151 163 180 193 267 276 289 296 369 393 419 497 502 540 559 560 569 650 674 689 704 802 816 825 857 885 890 892 900 901 911 912 945
N 1157
 57 65 117 133 156 171 209 217 266 286 329 341 355 377 414 438 458 479 588 591 604 609 617 653 665 715 730 762 770 861 869 879 892 897 934 970
N 1158
 2 58 82 92 106 183 206 210 231 274 360 402 418 427 439 463 497 543 630 698 704 732 733 760 764 765 781 831 832 848 857 876 884 920 926 949
N 1159
 24 35 63 64 65 72 85 105 122 229 258 262 265 366 369 405 416 440 469 480 521 547 621 707 722 726 743 747 759 784 820 821 851 855 886 930
N 1160
 26 99 100 120 135 160 163 168 210 215 238 270 302 306 323 325 343 344 368 382 452 475 487 544 569 612 614 682 697 708 729 804 805 809 846 857
N 1161
 11 12 28 126 137 167 181 219 235 259 262 263 292 326 328 331 335 440 460 485 555 559 583 621 628 737 740 774 779 855 874 911 914 920 929 941
N 1162
 5 54 59 99 127 132 139 154 160 164 168 190 197 205 215 216 221 274 335 349 356 358 384 394 433 438 444 598 616 631 658 684 776 823 833 844
N 1163
 28 42 57 66 69 89 110 133 140 157 193 240 247 257 258 309 316 333 363 376 384 404 466 503 529 566 582 583 693 700 709 757 785 796 830 948
N 1164
 23 71 80 92 115 116 119 136 154 165 201 208 242 249 265 267 347 374 382 403 447 483 484 584 616 634 637 667 702 735 785 817 846 891 905 961
N 1165
 49 56 92 131 191 378 382 386 389 400 418 439 445 478 493 507 528 535 558 595 642 645 666 670 682 691 700 734 763 816 853 880 886 893 946 969
N 1166
 0 20 40 100 119 159 204 207 221 340 411 434 435 459 484 485 505 518 574 575 619 621 633 645 652 710 765 798 829 845 857 858 928 933 934 959
N 1167
 27 34 56 80 142 156 204 247 294 358 362 375 407 423 437 485 502 517 521 527 561 579 625 628 703 744 777 791 835 837 846 859 906 930 932 971
N 1168
 39 57 101 131 145 268 279 297 345 346 348 354 367 392 404 413 451 463 501 507 509 553 566 588 617 627 724 765 773 776 803 832 856 870 888 938
N 1169
 23 108 125 183 199 233 240 322 327 365 368 376 381 453 456 469 523 528 564 618 637 662 706 711 726 727 763 821 829 860 866 881 882 948 949 954
N 1170
 13 38 71 106 129 144 154 173 195 197 247 294 367 390 421 434 440 526 540 543 546 555 560 592 608 662 699 740 793 814 822 828 891 940 946 952
N 1171
 3 20 50 56 119 149 159 191 192 240 247 305 315 323 350 404 422 482 484 517 576 608 641 694 709 711 743 784 802 813 833 840 847 904 942 970
N 1172
 6 8 85 90 112 151 163 173 175 187 204 221 233 424 433 466 518 557 566 577 580 664 689 690 705 780 794 813 827 848 868 884 920 923 958 962
N 1173
 19 38 50 76 93 111 149 153 162 187 229 235 245 307 338 361 393 403 414 485 508 534 558 612 616 623 635 673 723 789 821 845 856 909 914 952
N 1174
 21 54 68 103 121 144 160 163 164 243 251 286 289 315 333 360 427 438 495 561 569 591 600 614 646 659 725 748 766 779 797 841 887 927 954 969
N 1175
 11 18 22 53 70 93 147 191 200 204 242 343 390 464 487 504 517 536 546 569 571 574 588 605 621 647 691 705 728 763 776 840 846 885 948 962
N 1176
 4 24 34 45 49 67 69 105 132 149 167 211 285 370 386 395 432 434 439 479 485 537 560 563 607 628 667 695 719 730 826 831 835 836 878 969
N 1177
 25 68 93 101 103 154 201 301 336 386 391 421 444 445 457 474 488 530 531 595 678 703 724 742 765 767 774 781 800 809 830 839 886 894 914 934
N 1178
 5 14 28 66 113 151 182 191 220 254 280 419 440 443 467 485 489 494 498 579 618 652 660 696 700 717 730 733 738 782 827 912 925 933 940 970
N 1179
 55 68 119 169 170 198 223 253 279 297 302 320 326 441 456 458 475 492 509 524 611 624 628 660 717 740 809 834 843 850 878 901 902 911 937 962
N 1180
 32 34 37 44 50 79 136 165 195 202 211 253 254 303 307 323 370 374 376 385 407 530 534 586 594 600 729 731 762 765 779 851 886 951 953 969
N 1181
 27 47 79 174 179 180 191 196 225 240 251 254 259 310 311 365 401 434 447 455 463 468 516 568 579 662 687 717 771 789 793 804 805 818 849 870
N 1182
 32 116 125 131 133 146 179 194 272 307 331 392 395 441 464 504 517 554 558 580 589 612 646 664 665 695 698 701 708 756 774 853 857 869 885 887
N 1183
 0 5 52 83 104 111 172 174 257 266 290 300 316 318 390 408 429 466 501 603 608 633 644 654 712 714 729 752 759 771 784 814 850 853 889 945
N 1184
 1 41 99 103 123 130 188 215 260 294 321 340 355 360 399 425 452 525 556 557 580 603 659 685 698 728 781 793 869 886 912 921 930 938 958 968
N 1185
 14 51 99 150 173 205 208 216 264 282 326 331 335 390 397 402 467 503 519 564 600 624 632 658 703 752 765 780 781 784 805 817 827 890 895 925
N 1186
 53 128 147 182 214 271 273 284 388 392 395 414 514 525 529 539 546 577 639 645 668 693 699 707 738 743 783 812 828 843 859 873 885 896 908 928
N 1187
 0 19 30 83 143 159 205 237 264 279 341 343 422 423 438 487 515 518 525 529 538 540 578 593 615 661 700 726 736 774 802 845 873 886 933 939
N 1188
 12 14 35 44 96 113 138 146 157 182 268 281 299 327 334 361 383 417 420 439 449 503 514 548 558 574 650 673 774 841 867 881 898 899 932 954
N 1189
 9 108 116 123 213 220 227 232 241 252 318 332 336 366 367 372 373 381 383 421 465 471 482 541 555 627 639 686 688 754 763 776 782 808 827 878
N 1190
 13 47 48 101 124 164 181 182 184 203 223 265 278 287 337 338 345 354 358 359 361 496 504 528 551 608 639 655 666 739 791 816 834 856 859 954
N 1191
 33 37 77 78 82 87 106 121 145 154 165 196 225 289 290 336 339 378 429 447 486 494 498 554 598 639 651 734 783 828 839 867 877 878 888 925
N 1192
 5 13 47 59 62 125 127 129 150 220 225 244 255 258 345 389 443 472 489 501 506 517 576 579 693 710 750 759 766 797 800 805 854 861 899 941
N 1193
 46 48 51 136 141 146 182 218 221 251 274 282 348 367 376 381 406 411 420 423 427 437 477 526 540 581 588 600 628 640 659 704 717 734 895 911
N 1194
 38 112 116 129 130 145 190 249 261 304 338 353 369 411 427 432 451 454 457 458 504 513 536 581 630 660 725 783 822 832 866 878 882 903 907 911
N 1195
 60 139 189 213 232 234 235 249 261 284 285 350 357 377 413 444 474 505 552 578 602 615 644 688 706 721 768 771 801 818 837 842 850 870 879 903
N 1196
 2 61 126 148 240 243 278 280 288 290 293 345 375 390 477 485 496 532 547 553 559 567 587 595 599 603 612 616 626 644 659 664 667 674 761 795
N 1197
 15 22 55 60 69 96 118 163 183 199 334 351 368 370 380 435 506 544 562 640 671 716 719 723 772 784 803 837 884 887 909 930 943 946 947 969
N 1198
 3 95 133 144 158 171 185 186 197 209 222 244 277 297 309 316 362 395 400 401 408 415 431 583 652 670 767 774 780 783 810 814 834 840 844 954
N 1199
 78 82 109 111 127 132 139 161 173 223 229 264 299 301 313 315 337 400 464 486 502 515 530 562 596 643 656 682 690 721 747 751 804 884 951 962
N 1200
 13 21 39 47 50 65 76 98 110 170 184 217 223 231 236 237 248 339 364 377 426 489 493 528 558 572 573 602 607 661 702 737 752 842 848 875
N 1201
 6 44 92 108 139 150 163 181 199 207 224 242 271 339 359 381 396 400 414 420 470 478 528 534 550 562 570 573 576 597 722 732 737 799 845 914
N 1202
 0 7 35 41 47 128 143 157 158 189 238 248 315 334 336 337 359 438 446 458 459 533 664 668 683 775 818 819 821 875 893 897 909 934 935 943
N 1203
 12 15 17 31 43 116 126 127 183 234 265 270 272 316 326 365 380 388 459 472 484 493 501 586 681 696 710 713 764 788 812 840 853 906 915 917
N 1204
 52 69 161 166 177 211 248 252 267 297 318 330 417 432 446 461 473 507 531 532 536 549 556 603 608 673 769 775 807 811 889 894 901 936 938 949
N 1205
 35 44 68 82 108 127 171 213 225 250 367 394 455 470 499 515 522 532 554 582 606 636 642 684 698 725 762 778 815 816 852 914 928 933 945 969
N 1206
 4 22 39 77 93 133 149 197 201 231 253 273 275 318 350 481 488 489 532 539 605 616 631 637 642 649 655 691 693 711 773 791 893 916 948 963
N 1207
 1 10 75 80 95 152 174 185 188 269 297 302 321 370 412 468 479 522 544 550 552 651 660 696 724 735 752 756 776 871 889 901 902 946 954 971
N 1208
 27 38 61 70 75 87 102 222 256 299 311 446 454 475 521 595 671 676 681 684 701 707 720 740 746 757 768 794 862 866 867 890 924 931 956 962
N 1209
 2 7 117 127 129 166 203 261 264 308 313 317 359 362 371 462 473 475 496 508 543 598 614 708 761 783 785 825 837 839 864 912 931 944 956 969
N 1210
 33 36 44 114 122 149 198 280 282 284 307 337 348 351 352 380 397 400 447 518 526 564 573 597 599 645 712 794 806 807 811 844 847 917 951 954
N 1211
 9 18 51 62 72 91 122 169 183 215 275 281 409 429 527 636 645 676 690 694 697 714 743 763 779 799 805 808 843 846 853 909 915 916 936 949
N 1212
 9 23 48 64 101 103 104 130 175 219 238 255 273 326 386 407 414 432 470 505 553 569 596 603 625 663 664 727 758 770 772 781 804 859 907 967
N 1213
 10 92 102 172 179 204 209 224 244 262 277 289 304 367 384 388 429 453 459 465 527 529 531 616 619 638 655 671 682 692 725 740 809 833 850 901
N 1214
 23 43 46 48 53 71 105 122 137 198 221 256 289 291 293 367 373 377 386 412 495 497 502 553 555 579 594 633 654 664 680 694 761 765 851 941
N 1215
 39 77 86 96 172 180 181 210 277 302 308 329 341 377 403 407 457 483 497 556 608 652 680 709 713 742 747 783 786 807 821 843 863 879 922 967
N 1216
 3 9 44 68 125 149 154 184 187 220 241 261 312 358 374 384 420 502 518 571 622 632 652 688 692 703 716 727 738 740 793 804 827 872 888 958
N 1217
 49 76 94 134 148 152 237 267 288 320 330 354 366 369 391 410 456 480 501 502 545 550 559 579 606 713 716 737 761 762 793 823 865 892 911 917
N 1218
 39 118 121 125 153 211 230 278 284 292 301 320 337 370 385 390 431 462 470 511 521 559 566 594 710 745 746 763 803 818 869 896 901 947 955 968
N 1219
 11 12 26 46 133 152 161 166 172 176 177 180 188 220 226 245 286 344 389 408 409 446 521 556 585 637 646 694 785 789 820 833 866 867 896 955
N 1220
 10 14 86 125 134 185 224 230 231 277 296 325 335 409 430 448 460 479 508 604 686 780 795 798 807 823 829 844 857 875 896 899 942 944 955 959
N 1221
 130 186 191 245 271 306 318 393 416 425 428 435 456 457 574 601 614 629 632 634 648 653 702 763 775 815 836 854 884 885 900 919 928 942 951 959
N 1222
 60 62 71 84 89 92 146 152 188 244 288 294 322 429 459 478 542 584 636 672 710 738 739 754 768 771 821 831 864 869 870 909 921 940 962 967
N 1223
 55 110 174 217 228 255 260 298 326 339 368 369 386 436 453 466 492 573 588 590 594 672 677 679 751 752 774 799 818 846 864 893 894 911 953 967
N 1224
 9 51 77 89 124 148 173 176 242 255 266 286 309 327 336 416 442 480 510 568 593 636 638 668 705 740 764 817 822 825 859 910 927 957 964 968
N 1225
 6 30 78 189 207 209 221 229 238 267 290 372 395 405 406 415 499 532 536 542 555 611 616 628 635 653 708 735 750 780 783 787 878 908 910 928
N 1226
 3 44 109 170 182 196 241 283 285 325 450 473 478 488 490 503 542 545 597 645 648 696 718 720 778 807 819 837 841 876 899 926 930 937 940 964
N 1227
 58 60 94 141 152 189 200 296 312 317 351 356 365 387 434 462 465 584 586 599 654 683 688 708 753 778 784 800 821 822 882 907 926 927 950 951
N 1228
 27 64 70 80 89 91 106 109 115 189 213 222 228 266 270 298 333 374 470 472 544 588 606 614 690 711 749 750 757 787 789 861 874 884 885 904
N 1229
 20 23 36 85 232 254 256 257 334 361 380 441 448 460 473 515 529 540 550 604 613 631 649 688 781 784 826 836 849 874 908 928 934 943 956 963
N 1230
 5 113 199 212 218 232 256 264 296 315 328 390 395 411 422 423 426 448 535 543 550 590 604 642 650 663 673 721 768 803 826 895 910 911 930 955
N 1231
 22 42 55 58 98 115 123 176 217 247 273 298 327 346 356 366 395 400 410 475 557 594 622 677 679 714 720 791 802 810 822 841 872 876 900 969
N 1232
 1 25 32 48 65 75 88 179 196 209 220 230 305 348 349 352 395 418 491 515 522 566 592 640 708 777 790 800 809 833 845 876 885 896 952 954
N 1233
 22 43 130 137 156 177 224 257 260 270 277 282 284 305 329 352 353 375 398 433 473 484 545 574 584 593 602 632 636 662 677 750 751 811 838 839
N 1234
 26 33 34 51 66 93 96 115 125 137 182 186 255 265 275 289 361 368 384 395 407 408 414 417 426 583 604 615 670 722 796 808 821 848 853 881
N 1235
 17 26 55 56 65 83 98 105 109 164 194 218 228 278 290 317 341 371 455 464 471 477 617 620 639 650 682 688 737 750 756 808 816 893 903 926
N 1236
 61 67 77 79 102 111 115 122 123 158 221 228 264 270 274 291 393 414 436 444 491 503 536 543 544 602 727 733 782 798 815 835 894 924 929 969
N 1237
 13 22 39 45 49 60 100 123 179 247 284 301 346 362 387 419 447 452 509 597 601 608 609 654 700 720 721 728 815 834 858 881 914 924 938 947
N 1238
 14 30 57 119 159 192 219 223 224 252 276 306 334 336 338 339 370 425 440 485 508 546 612 625 635 647 697 726 735 782 797 857 915 937 942 953
N 1239
 39 42 63 114 144 151 181 217 258 339 356 373 423 436 444 456 625 632 644 661 678 679 695 738 739 744 748 749 756 760 767 780 834 861 871 953
N 1240
 25 44 63 64 84 119 145 182 227 232 258 291 308 322 349 357 378 408 416 515 527 570 577 636 665 698 704 708 729 815 841 858 884 907 924 949
N 1241
 9 21 24 54 56 97 123 195 274 281 300 350 397 420 437 444 462 478 498 535 536 537 580 584 653 685 687 689 737 752 756 757 771 792 905 913
N 1242
 9 16 62 67 124 125 153 212 246 247 250 347 359 361 374 411 456 457 467 482 491 500 569 585 586 654 709 719 750 754 783 810 844 849 890 899
N 1243
 47 51 133 174 197 227 255 256 280 297 305 325 333 344 391 396 406 463 468 504 531 627 671 677 690 692 699 724 726 728 744 801 826 852 921 959
N 1244
 14 38 86 165 167 181 200 223 236 278 300 309 333 343 347 383 385 476 479 530 545 580 593 619 636 680 705 769 794 797 806 809 811 815 849 854
N 1245
 48 57 122 178 225 233 242 251 326 349 412 413 468 517 521 560 575 577 579 653 681 751 828 830 836 837 843 869 880 888 889 917 929 946 950 958
N 1246
 8 10 21 71 98 130 166 187 218 222 234 238 337 369 419 434 485 498 502 519 531 534 552 569 577 586 605 681 702 716 743 757 781 817 826 916
N 1247
 20 31 47 104 148 159 182 201 214 231 259 300 325 389 392 408 425 427 527 535 546 548 613 620 626 643 650 659 691 692 710 713 762 801 871 925
N 1248
 2 37 46 48 62 119 126 149 229 246 258 272 353 360 408 445 450 495 544 644 683 689 740 742 744 778 791 793 853 860 874 880 909 925 944 967
N 1249
 31 51 52 97 106 136 184 200 231 236 272 300 312 396 408 424 427 428 438 482 557 590 593 606 629 646 656 661 676 715 760 856 862 866 886 936
N 1250
 18 37 54 85 93 107 128 172 190 194 230 269 273 277 279 292 300 336 351 365 405 449 522 539 557 582 585 620 635 654 694 704 717 773 925 965
N 1251
 19 22 26 30 33 41 55 112 117 137 255 256 309 313 317 324 370 394 414 489 491 495 544 565 624 635 674 705 720 802 869 874 896 897 898 961
N 1252
 4 13 15 21 111 180 199 213 233 295 302 319 334 341 378 395 402 409 431 516 574 611 625 626 650 702 712 744 755 760 789 858 870 875 892 934
N 1253
 54 119 171 181 200 208 268 271 302 312 361 399 401 434 457 475 484 486 592 598 670 690 715 751 758 759 813 828 835 889 904 922 923 937 940 953
N 1254
 29 37 55 73 88 119 123 129 136 150 164 217 300 313 326 355 483 499 532 551 645 647 688 692 694 726 737 747 761 785 818 821 856 859 936 950
N 1255
 10 25 37 65 97 100 104 121 155 195 234 279 283 371 375 398 409 439 448 451 492 521 600 624 696 723 742 766 785 796 822 826 834 846 853 919
N 1256
 10 50 78 156 199 219 222 240 241 251 373 374 388 411 419 437 449 451 456 499 500 507 538 564 606 612 621 705 717 755 761 770 841 891 904 940
N 1257
 43 62 73 109 131 230 239 250 275 319 326 358 365 439 450 459 466 494 500 547 560 599 610 675 693 713 716 735 748 758 768 783 841 908 939 945
N 1258
 75 84 207 218 246 301 325 347 388 463 509 530 549 553 593 604 630 640 649 653 656 676 677 683 691 710 711 713 714 719 768 825 849 863 897 940
N 1259
 33 58 92 143 158 166 190 199 210 231 244 251 267 313 332 342 401 428 511 517 530 601 637 649 652 660 680 689 735 756 775 790 825 838 882 913
N 1260
 24 35 36 40 50 53 100 202 247 292 299 301 307 408 475 479 482 492 514 537 546 552 578 582 588 592 602 680 724 786 855 863 894 897 922 928
N 1261
 17 86 102 120 149 203 206 244 297 310 380 382 415 431 433 446 461 468 519 531 541 542 547 557 675 740 784 813 819 830 851 899 903 904 908 957
N 1262
 29 54 66 72 87 132 197 223 271 291 297 333 356 386 411 426 445 452 464 480 487 516 521 547 575 578 588 641 704 780 802 854 855 864 889 969
N 1263
 38 94 130 146 179 210 240 258 274 276 278 282 295 304 348 371 392 442 443 467 498 517 548 552 620 629 698 722 810 811 860 863 865 891 892 927
N 1264
 30 37 49 55 80 153 306 314 327 366 393 411 447 450 453 466 473 478 487 531 539 555 576 626 694 698 708 710 729 780 806 837 866 907 933 961
N 1265
 8 31 85 106 158 190 202 217 236 242 245 365 377 381 405 412 456 479 520 550 607 609 630 667 677 682 712 793 798 814 820 826 907 909 922 964
N 1266
 3 23 31 34 89 105 236 255 260 276 319 321 337 352 377 379 403 458 461 498 547 566 581 589 602 677 705 730 733 758 790 799 815 879 921 928
N 1267
 35 36 101 103 105 190 193 206 270 308 340 356 369 390 443 472 517 532 538 539 544 606 607 632 643 667 739 751 753 764 789 827 843 855 863 944
N 1268
 66 67 73 93 117 133 175 187 216 266 267 276 296 381 411 417 423 451 480 499 505 541 549 612 613 624 683 695 724 756 766 776 838 865 910 959
N 1269
 114 137 175 182 239 268 352 365 370 379 407 409 412 432 435 443 463 473 482 500 510 582 609 637 651 662 667 670 763 794 805 819 844 845 885 888
N 1270
 79 87 103 123 166 177 191 227 266 268 300 339 371 383 418 467 475 484 579 612 626 627 654 655 721 743 756 796 808 818 825 827 854 894 916 924
N 1271
 1 33 77 85 108 117 140 170 194 255 272 316 369 381 383 414 416 423 461 502 548 555 582 611 660 686 723 761 779 786 830 898 901 905 931 934
N 1272
 86 87 144 149 154 196 213 240 262 278 301 309 317 327 352 387 403 470 549 561 588 619 629 650 666 687 699 738 740 745 755 763 867 878 918 939
N 1273
 24 43 49 54 56 62 77 94 137 144 189 224 243 282 317 319 325 374 437 453 549 567 572 592 601 632 634 653 683 695 830 854 857 912 935 939
N 1274
 0 20 30 68 73 109 155 180 186 192 268 288 317 335 377 386 430 503 504 545 547 564 565 584 610 660 696 703 759 767 816 845 850 904 929 966
N 1275
 9 32 151 188 204 207 209 249 259 324 350 371 419 426 450 454 466 487 490 515 524 558 593 596 612 614 624 658 681 736 741 791 805 816 823 924
N 1276
 12 42 123 184 187 195 232 254 276 277 334 375 428 464 496 520 550 598 658 745 755 757 778 786 792 802 841 852 868 884 887 917 931 947 953 959
N 1277
 3 17 20 54 99 101 152 157 162 168 174 201 205 226 234 237 278 318 324 372 419 420 493 528 613 659 660 775 776 794 804 819 836 850 858 862
N 1278
 6 9 53 55 57 146 223 230 232 251 283 302 325 331 378 387 430 441 467 477 485 492 503 526 635 637 644 671 722 737 808 815 816 824 851 963
N 1279
 24 53 56 71 94 115 118 121 202 212 215 216 228 237 277 400 544 546 562 572 585 591 607 633 636 638 651 746 759 770 802 876 877 882 918 948
N 1280
 1 53 70 160 164 174 175 211 271 274 277 290 307 327 347 373 519 541 549 555 556 583 608 627 642 659 697 779 829 842 848 849 866 870 875 876
N 1281
 5 14 31 35 59 99 101 105 147 154 156 161 191 194 276 368 418 421 504 509 512 526 528 533 591 609 631 669 672 764 836 847 848 884 934 957
N 1282
 24 56 74 94 99 128 147 226 280 355 360 365 378 402 415 418 453 518 535 578 647 667 687 693 738 741 757 809 845 859 876 922 931 935 945 954
N 1283
 13 51 52 78 89 123 132 169 181 234 279 293 314 359 399 419 451 463 522 559 583 670 673 704 709 715 744 760 769 810 824 846 884 899 908 921
N 1284
 1 38 68 118 129 139 158 169 191 256 298 366 377 397 473 501 526 594 595 617 656 681 699 720 769 811 831 875 905 920 921 940 941 952 954 967
N 1285
 82 84 139 145 203 211 222 271 273 278 283 286 316 401 407 454 482 499 591 606 622 623 701 739 741 759 809 835 837 876 879 898 926 927 964 970
N 1286
 16 62 113 120 210 239 246 248 277 296 321 327 350 351 369 399 445 447 453 454 534 552 553 598 599 619 645 654 715 719 782 831 905 907 956 959
N 1287
 14 88 123 137 140 200 203 208 257 259 279 298 328 406 423 490 533 537 545 592 603 618 631 708 711 723 724 730 785 854 889 900 901 942 943 965
N 1288
 42 51 88 103 104 128 174 182 184 222 421 424 450 458 485 513 525 552 554 626 673 675 684 693 713 725 732 793 807 825 876 912 926 932 952 971
N 1289
 5 144 146 163 165 193 228 256 265 290 294 306 381 383 391 405 481 491 499 508 525 544 552 560 579 603 635 701 707 715 775 781 784 923 955 965
N 1290
 42 56 86 105 115 136 137 166 189 208 244 363 489 490 497 514 546 549 559 581 637 647 648 689 707 719 733 784 803 832 864 889 897 915 932 939
N 1291
 12 72 118 135 148 182 203 233 234 334 366 446 476 509 584 600 602 614 626 663 681 758 768 771 784 797 816 827 841 847 854 864 901 932 935 940
N 1292
 47 90 98 113 133 135 187 216 222 235 260 263 275 290 317 355 358 394 416 460 462 465 472 486 488 505 536 565 573 579 727 831 860 929 958 965
N 1293
 6 13 90 104 128 141 142 151 166 170 192 197 289 325 338 345 371 510 547 551 556 619 635 696 727 734 754 870 872 880 887 888 889 933 942 957
N 1294
 7 56 69 88 132 179 214 223 238 260 272 293 298 314 317 336 343 372 435 498 511 524 596 637 642 677 724 731 744 757 766 788 836 898 904 937
N 1295
 41 86 95 104 122 164 185 196 217 221 228 234 237 259 305 315 332 371 374 394 395 482 492 531 651 668 711 716 806 844 860 865 874 905 941 957
N 1296
 15 16 23 69 104 105 113 143 156 177 179 244 279 311 320 345 352 399 469 491 520 529 564 588 639 683 690 733 735 760 788 841 873 889 897 917
N 1297
 118 141 168 263 269 274 293 314 315 341 352 368 376 382 388 434 467 477 487 549 558 579 587 600 634 636 696 702 706 712 726 813 839 855 881 891
N 1298
 0 54 60 157 163 182 214 227 234 254 260 407 425 435 436 516 524 548 564 584 619 624 634 688 713 782 792 800 819 837 842 846 869 872 890 937
N 1299
 49 88 112 152 231 259 260 271 349 365 386 394 396 403 417 470 473 509 607 631 642 665 675 678 713 731 753 757 771 779 803 806 823 867 920 923
N 1300
 2 16 73 120 128 142 151 202 214 225 258 266 283 288 330 445 451 488 514 607 613 657 661 702 751 767 802 820 830 852 856 861 871 907 919 941
N 1301
 109 134 211 219 303 308 316 320 332 366 371 379 449 453 454 488 493 551 584 596 626 636 681 720 730 741 751 763 799 859 876 877 888 910 927 970
N 1302
 1 12 59 84 98 100 122 170 171 191 212 299 329 340 355 429 448 475 498 499 584 596 647 650 660 688 698 738 745 759 797 835 836 852 867 963
N 1303
 96 138 142 164 195 243 250 253 282 309 329 338 376 385 387 395 406 415 439 441 445 514 522 560 566 585 590 673 686 696 727 731 795 834 915 967
N 1304
 36 52 180 193 198 207 211 229 230 237 409 444 454 470 474 494 500 501 509 537 565 577 580 590 642 652 688 730 737 746 780 814 824 880 901 917
N 1305
 1 8 84 116 208 239 304 311 328 341 350 352 359 362 409 453 458 515 586 610 634 639 681 690 719 723 731 734 750 770 808 810 818 824 861 919
N 1306
 8 23 95 196 226 248 249 283 287 323 357 400 426 438 458 463 486 519 527 552 581 588 648 685 700 703 715 717 728 732 749 770 800 894 936 946
N 1307
 19 32 35 50 72 88 123 138 145 192 197 200 244 251 264 300 308 317 348 394 399 507 529 571 581 716 778 779 787 837 861 891 895 906 934 939
N 1308
 23 34 82 88 115 121 125 151 195 207 215 268 273 293 388 391 429 446 459 473 530 567 621 622 671 675 684 693 747 754 758 812 838 883 935 961
N 1309
 24 78 90 179 215 217 252 285 287 361 388 410 426 439 457 476 523 524 539 570 593 598 629 633 661 664 667 685 707 774 783 788 812 879 920 966
N 1310
 21 36 43 81 129 175 184 204 205 218 266 302 336 379 482 484 529 610 623 629 630 646 666 704 754 792 812 833 847 849 863 868 870 926 936 947
N 1311
 10 16 40 66 70 94 114 119 125 128 136 181 212 236 248 298 435 458 463 504 564 590 625 640 682 692 698 812 867 890 891 892 893 900 915 971
N 1312
 0 23 49 70 150 200 227 259 305 324 345 392 409 423 435 453 513 514 549 561 621 627 649 651 677 689 724 738 806 809 832 843 862 918 925 949
N 1313
 46 73 116 231 263 318 319 323 351 356 391 396 436 573 579 586 600 642 651 665 679 685 753 754 773 804 824 826 860 862 872 878 920 950 967 971
N 1314
 1 3 35 49 90 98 123 178 204 222 254 259 284 322 388 415 463 466 491 515 548 567 606 638 654 698 719 721 727 732 735 747 801 817 876 934
N 1315
 41 55 61 86 202 203 226 227 262 364 375 379 380 417 423 455 467 492 539 571 576 622 649 653 666 676 678 703 725 758 776 824 931 947 948 958
N 1316
 17 35 36 61 128 146 206 211 214 222 229 235 252 286 295 296 343 389 422 441 453 465 471 487 488 545 550 562 648 703 733 768 775 872 874 917
N 1317
 39 79 101 136 147 165 178 192 224 228 280 303 361 375 442 455 520 535 599 605 609 628 631 643 647 672 735 741 744 746 792 800 867 886 910 971
N 1318
 50 51 62 109 172 181 204 269 298 330 369 399 465 487 507 513 524 577 581 591 601 629 630 643 681 698 708 720 731 760 831 846 875 933 948 957
N 1319
 32 42 67 98 99 111 114 119 164 170 202 224 232 306 365 389 440 454 464 512 525 580 582 601 609 627 639 775 799 850 869 881 886 912 918 952
N 1320
 25 29 60 73 135 150 203 251 285 334 373 426 447 457 480 485 500 531 559 567 611 633 649 659 661 669 704 753 756 779 794 797 831 877 896 900
N 1321
 7 44 47 84 112 117 128 130 133 142 156 157 173 240 251 278 318 402 459 523 534 537 556 561 593 620 641 648 658 714 718 741 772 791 830 879
N 1322
 55 72 82 86 238 250 276 302 312 335 359 373 377 389 427 456 459 460 515 550 551 553 644 668 673 678 681 704 749 792 811 830 853 864 902 953
N 1323
 38 61 101 116 157 194 226 259 328 330 334 357 410 435 439 441 639 674 676 694 696 711 720 738 745 789 804 824 883 887 894 907 917 919 944 971
N 1324
 26 40 47 64 74 90 111 169 219 285 320 360 439 468 510 546 547 557 558 564 597 615 618 642 694 721 726 746 761 777 797 803 837 839 904 933
N 1325
 88 95 118 124 136 155 162 166 173 185 196 224 272 294 308 332 337 402 410 430 446 453 498 535 567 574 589 655 664 674 685 706 828 834 952 956
N 1326
 15 95 113 136 142 183 398 478 502 529 553 605 610 637 641 646 647 656 669 674 681 686 738 748 756 771 786 789 796 816 840 856 873 904 920 946
N 1327
 11 64 73 189 190 198 200 214 218 223 312 347 357 367 394 405 407 427 442 446 476 497 542 617 621 622 651 674 684 701 715 720 735 746 850 928
N 1328
 18 19 69 77 134 136 146 155 175 216 242 256 317 377 429 441 463 468 479 484 487 531 610 642 698 704 763 777 792 823 838 856 893 913 935 939
N 1329
 3 5 16 20 46 70 114 187 238 258 260 268 306 310 318 349 463 511 576 600 602 619 632 645 659 660 668 727 738 783 796 854 907 910 932 947
N 1330
 12 31 40 44 70 79 145 149 208 217 240 277 286 309 312 337 363 429 493 522 524 535 569 580 665 669 680 687 717 779 836 871 877 897 919 931
N 1331
 18 20 43 62 64 73 88 128 221 242 243 292 357 363 371 442 465 536 563 599 608 620 646 675 689 717 723 733 736 791 795 841 843 935 937 939
N 1332
 14 74 90 149 154 159 223 241 246 275 301 319 388 413 449 452 471 494 541 560 563 587 627 738 743 753 760 774 789 811 818 824 926 927 958 960
N 1333
 50 53 58 93 130 156 178 183 189 249 280 300 341 367 396 493 504 505 513 546 565 579 587 594 628 642 671 772 799 830 869 893 895 904 913 966
N 1334
 27 31 43 67 98 183 209 212 323 446 470 479 496 514 520 534 556 575 576 579 614 638 696 706 740 746 748 752 754 798 812 834 893 902 935 948
N 1335
 15 26 31 53 58 59 110 145 159 178 199 229 257 293 319 349 402 408 428 446 462 530 538 558 570 577 670 684 745 782 842 862 866 885 928 929
N 1336
 8 31 56 67 68 168 180 243 293 295 298 330 336 366 367 405 406 412 430 456 489 517 569 582 611 615 643 673 701 708 760 827 830 851 856 884
N 1337
 16 26 61 87 93 124 129 146 154 171 179 186 239 286 314 342 354 377 466 495 509 539 557 571 595 630 632 639 691 711 737 769 798 936 937 964
N 1338
 18 36 54 66 96 108 132 141 156 195 261 288 315 342 368 375 429 469 471 592 603 623 666 738 746 748 759 802 804 841 843 898 906 911 938 951
N 1339
 71 74 95 103 115 125 194 201 223 235 274 342 361 379 398 402 422 457 487 496 589 592 642 687 691 704 738 740 743 745 794 805 833 905 936 964
N 1340
 6 63 99 121 143 152 153 211 243 328 332 351 414 464 483 484 495 513 545 552 585 606 632 657 692 702 758 760 773 786 803 833 850 878 893 967
N 1341
 8 19 23 31 36 146 185 263 279 333 374 376 394 408 412 474 479 490 533 542 568 578 610 628 647 661 666 686 694 709 777 824 839 888 889 931
N 1342
 8 36 67 101 138 159 189 248 295 342 376 422 431 441 454 470 534 577 610 651 667 706 730 743 759 780 811 818 841 851 858 891 899 924 940 969
N 1343
 55 69 74 78 95 96 123 265 293 323 331 363 402 432 443 450 458 477 538 541 618 680 719 728 733 770 793 832 893 899 907 913 918 936 966 968
N 1344
 41 46 65 89 90 108 133 233 277 296 319 357 438 443 463 472 533 537 620 623 630 647 650 665 719 748 781 807 823 827 842 861 917 931 943 961
N 1345
 3 16 18 27 74 131 142 156 206 283 296 304 315 325 347 378 410 412 416 468 575 609 634 712 732 758 778 783 786 789 798 817 839 926 950 954
N 1346
 33 48 53 55 64 126 174 201 230 241 245 270 320 339 340 375 420 431 483 522 525 563 574 597 624 672 716 826 843 846 855 868 879 891 905 952
N 1347
 1 29 59 111 153 165 170 248 273 292 325 335 341 366 374 382 440 445 504 541 554 598 620 621 654 671 683 734 803 814 815 858 862 879 909 962
N 1348
 11 53 70 88 160 197 256 257 279 290 337 420 422 447 466 471 473 497 527 538 545 563 629 643 683 692 766 770 786 815 819 828 872 884 919 962
N 1349
 11 39 60 76 99 102 105 113 125 135 172 194 195 244 270 273 286 300 349 366 372 384 416 464 472 564 588 605 649 702 734 752 816 844 864 942
N 1350
 23 35 49 53 119 129 135 155 185 208 225 236 274 319 345 352 357 391 411 438 507 530 598 601 604 638 688 691 701 736 764 796 814 883 914 951
N 1351
 92 125 247 264 266 267 304 324 398 420 429 444 490 525 565 571 609 621 622 634 675 695 697 721 723 773 778 808 820 825 838 845 883 886 910 950
N 1352
 24 28 58 72 110 112 150 177 258 269 313 366 397 418 438 444 466 499 521 530 544 566 596 609 691 699 736 765 768 803 845 847 861 895 944 947
N 1353
 4 17 105 107 133 135 143 148 170 172 221 226 306 340 378 385 398 437 455 492 512 554 572 592 602 609 641 718 736 786 788 806 813 829 837 863
N 1354
 3 63 101 173 174 189 190 244 249 260 270 304 357 372 411 474 503 505 506 531 533 599 600 625 644 667 689 699 721 767 793 802 839 871 876 933
N 1355
 18 29 90 101 104 114 119 124 162 197 215 226 272 387 389 436 444 480 483 510 571 585 607 646 718 742 775 780 793 841 873 915 919 943 960 966
N 1356
 12 33 74 83 85 91 98 115 154 168 206 235 259 281 313 364 373 380 450 475 534 542 552 575 595 604 644 655 714 766 838 867 894 902 942 967
N 1357
 6 37 57 111 166 171 229 278 300 304 307 322 332 392 413 420 480 527 586 594 606 635 648 653 687 754 759 761 776 792 824 833 838 879 893 913
N 1358
 2 37 46 48 64 83 87 108 121 154 155 160 250 252 261 295 299 311 339 423 448 467 506 512 611 647 658 697 711 816 835 902 906 924 927 960
N 1359
 3 16 19 40 80 82 137 150 195 212 223 307 344 346 406 424 480 488 520 532 542 565 601 638 691 706 727 768 787 800 860 883 892 902 965 966
N 1360
 7 38 51 83 144 153 170 186 233 302 317 332 333 360 370 460 461 476 484 489 506 566 590 605 629 672 685 726 732 767 800 805 808 809 840 885
N 1361
 37 78 119 192 217 231 237 258 312 315 339 349 360 371 380 382 387 391 440 468 507 555 594 607 669 684 704 715 718 734 759 762 787 874 918 928
N 1362
 0 7 32 54 110 124 175 178 211 220 227 235 250 268 340 376 393 396 401 454 456 494 532 533 664 677 739 752 773 792 823 839 848 880 889 891
N 1363
 23 37 41 97 98 117 138 156 186 228 249 341 344 362 401 464 484 490 534 539 604 623 662 663 698 738 743 778 852 883 888 899 920 926 962 969
N 1364
 19 21 88 114 144 148 152 161 182 222 229 230 231 239 244 268 274 346 381 385 415 418 481 501 524 597 660 684 690 694 717 763 821 876 911 958
N 1365
 28 48 138 173 248 305 306 316 318 340 342 347 349 364 372 390 483 485 486 526 563 569 636 662 668 679 755 767 808 815 838 861 863 906 925 944
N 1366
 80 109 116 153 169 199 202 252 269 282 288 304 316 331 333 362 363 392 398 410 435 488 491 556 693 740 767 776 819 848 887 916 932 944 946 947
N 1367
 38 42 44 85 89 108 151 183 195 196 221 231 263 312 396 434 470 489 569 639 677 695 721 735 768 772 779 795 817 827 854 878 907 921 944 971
N 1368
 18 29 35 60 116 118 122 126 139 152 167 175 199 239 253 269 271 288 306 322 342 386 437 508 569 583 586 640 662 672 707 716 758 805 871 928
N 1369
 13 25 40 83 118 143 146 181 223 280 285 305 317 358 479 492 500 524 531 567 577 581 676 693 702 707 746 750 756 858 874 895 908 922 939 964
N 1370
 30 59 111 113 165 192 268 329 406 407 410 467 470 510 560 584 587 605 607 615 623 642 655 719 728 742 771 778 823 852 893 896 897 928 942 971
N 1371
 7 10 16 21 34 65 76 162 243 274 297 316 403 413 442 570 589 650 663 708 726 741 746 753 757 790 854 861 891 898 902 914 926 940 950 964
N 1372
 1 25 37 65 68 133 144 179 192 225 238 252 270 306 380 417 483 486 496 530 538 546 580 601 616 659 690 695 758 767 776 780 851 883 901 967
N 1373
 14 57 68 113 166 178 201 211 265 282 285 293 336 358 361 384 398 403 422 437 452 455 585 601 606 611 616 663 714 716 797 833 853 872 897 964
N 1374
 8 29 58 76 99 151 157 164 212 256 264 268 296 307 320 346 361 457 505 512 583 587 617 652 656 658 666 738 787 800 814 877 892 915 936 938
N 1375
 2 25 56 75 96 107 160 257 276 286 307 311 328 344 382 432 451 459 474 503 517 581 628 639 644 725 753 762 766 790 798 853 901 924 967 969
N 1376
 73 77 90 95 128 139 148 157 173 198 213 259 269 391 427 453 457 482 489 496 529 540 648 670 711 712 812 817 823 869 879 880 907 956 962 970
N 1377
 18 32 59 80 84 99 113 121 167 176 184 273 281 299 358 377 411 436 439 442 480 570 580 634 637 660 736 745 774 833 856 902 906 908 923 945
N 1378
 22 87 96 115 117 183 212 228 250 279 425 433 434 450 461 469 494 497 504 516 584 598 618 657 663 678 737 782 785 800 816 843 860 864 892 956
N 1379
 3 39 54 96 147 161 163 190 193 217 232 299 365 420 450 500 539 562 597 632 659 662 681 689 690 693 760 790 799 842 893 898 919 929 949 953
N 1380
 0 3 80 83 105 106 113 134 209 243 255 265 274 285 305 312 330 371 379 462 464 470 497 600 611 661 672 698 722 741 794 830 858 915 941 952
N 1381
 95 106 147 156 162 175 217 293 294 314 317 331 360 413 428 441 495 504 532 556 614 616 658 666 676 713 720 824 838 861 910 923 925 931 946 965
N 1382
 24 36 107 120 150 157 166 195 250 268 312 321 325 337 342 380 410 430 438 461 469 494 518 525 560 627 696 729 842 859 867 880 883 891 911 916
N 1383
 6 30 32 35 48 50 79 115 237 238 261 283 304 313 331 395 396 432 439 539 549 565 623 648 682 690 703 768 776 806 822 870 894 915 918 924
N 1384
 30 107 131 141 175 196 213 277 295 338 352 355 435 465 528 538 542 556 623 649 656 680 685 691 751 763 765 796 801 802 813 824 856 887 901 970
N 1385
 28 42 50 56 84 142 151 155 163 169 171 193 211 268 290 320 329 335 419 451 468 493 548 559 600 622 700 752 770 813 824 840 895 918 949 957
N 1386
 6 11 56 93 145 155 160 203 212 265 309 323 330 370 372 384 430 471 499 523 537 540 549 558 648 669 699 883 885 888 894 900 903 912 963 965
N 1387
 0 6 15 36 52 82 123 145 161 165 239 255 261 384 409 448 458 517 578 581 605 607 634 640 669 671 675 678 718 734 748 759 869 873 876 930
N 1388
 25 38 80 118 128 152 177 206 209 270 278 291 301 323 365 381 397 440 466 476 492 517 575 608 669 672 773 786 801 804 812 820 848 893 908 944
N 1389
 2 12 25 76 81 84 143 185 191 206 224 225 262 271 273 307 353 377 384 405 426 461 483 501 583 653 674 697 741 753 755 792 840 855 922 927
N 1390
 11 13 19 75 89 153 163 199 246 257 284 297 315 370 375 378 421 423 464 477 479 490 532 563 670 682 696 714 789 796 828 896 931 934 952 956
N 1391
 36 70 94 133 140 150 177 190 196 254 264 270 285 299 321 455 474 510 546 553 593 599 613 646 735 743 788 792 813 851 861 866 871 920 926 944
N 1392
 19 65 86 91 139 140 169 178 207 221 241 267 273 282 298 334 387 401 428 436 449 498 548 604 657 760 763 786 859 887 916 919 926 947 949 971
N 1393
 52 61 94 95 111 185 188 189 202 208 219 275 284 291 311 349 353 391 441 459 472 524 573 596 623 700 705 765 782 792 837 844 903 920 934 952
N 1394
 10 12 22 36 38 57 65 115 144 247 255 316 317 322 336 371 418 491 499 524 525 528 529 576 584 620 654 678 679 753 779 831 881 892 936 961
N 1395
 0 7 33 67 87 90 110 164 182 235 259 277 299 300 356 400 424 447 451 466 486 503 514 515 518 520 521 536 683 710 768 790 800 814 842 933
N 1396
 100 112 124 134 139 153 161 162 163 168 275 279 323 325 380 400 416 425 476 477 484 511 520 588 617 626 649 661 681 822 832 866 868 908 914 963
N 1397
 21 47 48 100 123 148 168 174 195 278 289 291 315 331 399 409 424 445 447 452 454 481 509 512 519 558 616 622 653 663 767 822 861 889 950 968
N 1398
 1 7 68 89 92 95 127 142 181 248 260 306 325 341 375 381 404 410 411 427 429 489 497 591 613 618 625 627 633 654 717 725 743 806 866 915
N 1399
 31 67 80 87 101 134 154 176 188 194 212 215 264 324 358 364 447 490 503 508 510 523 565 591 642 699 742 791 808 837 873 900 902 942 948 970
N 1400
 4 14 32 68 77 104 132 140 144 187 210 293 298 309 414 425 430 459 478 502 505 535 540 545 564 565 631 698 702 708 717 720 829 848 892 911
N 1401
 0 38 66 91 97 125 128 131 172 215 227 268 300 311 328 344 430 435 502 518 521 543 582 593 613 671 687 704 735 754 777 806 824 831 847 873
N 1402
 48 91 92 122 169 170 176 197 205 241 247 260 293 341 376 379 384 401 402 405 414 429 435 448 527 557 591 614 643 708 761 815 826 901 913 967
N 1403
 10 28 35 78 102 131 148 171 210 215 233 263 273 294 300 302 326 418 462 490 508 562 614 616 617 623 631 650 669 679 695 708 765 835 858 960
N 1404
 17 37 42 52 102 118 130 158 209 236 242 250 261 311 339 377 382 415 424 442 450 476 519 527 534 552 572 573 588 630 637 667 682 835 851 879
N 1405
 29 95 114 158 172 183 200 205 225 283 302 315 328 344 348 374 452 453 478 507 528 544 563 599 618 652 733 736 828 835 866 869 878 881 918 950
N 1406
 14 39 81 112 169 207 213 253 301 330 373 398 405 417 561 576 603 621 659 661 684 718 719 758 763 770 780 787 795 804 807 823 847 855 885 958
N 1407
 38 74 85 131 176 191 226 284 296 299 312 350 375 385 416 443 463 483 567 570 576 582 621 649 652 750 768 776 782 848 867 896 930 931 947 964
N 1408
 7 22 69 80 88 134 137 193 198 222 294 337 350 391 431 436 468 550 556 600 607 636 643 663 715 748 769 825 836 855 908 921 922 939 951 952
N 1409
 45 69 76 112 129 161 184 189 190 192 199 208 209 245 253 286 295 314 353 362 433 488 494 495 550 623 653 706 712 798 814 815 828 904 920 939
N 1410
 5 33 61 130 171 199 201 217 310 331 358 379 386 399 407 425 457 484 527 534 549 627 631 667 711 716 739 749 761 796 823 829 857 892 900 954
N 1411
 24 25 53 59 72 162 206 221 246 291 393 404 405 419 442 471 509 515 524 536 571 601 613 671 673 722 727 732 749 913 925 929 943 957 959 970
N 1412
 2 5 6 14 18 50 63 72 87 131 170 216 368 443 526 530 541 572 586 588 618 636 683 717 768 772 799 808 853 866 879 903 919 921 939 941
N 1413
 7 23 76 118 137 164 172 206 212 220 233 272 315 324 337 351 367 391 476 534 545 562 599 611 665 678 694 772 773 795 813 834 840 907 964 967
N 1414
 40 43 45 59 60 83 110 150 194 208 288 292 308 388 402 415 424 440 468 484 504 507 530 538 564 568 688 695 766 789 813 831 843 854 919 920
N 1415
 5 81 119 126 134 141 157 211 217 339 340 349 390 462 493 564 590 650 661 671 676 708 709 716 718 782 826 829 845 846 859 917 930 931 937 951
N 1416
 28 82 133 169 180 191 221 260 268 273 328 345 363 364 399 402 447 455 465 484 506 514 516 521 535 612 624 628 647 672 705 728 740 877 879 932
N 1417
 4 8 36 43 58 82 84 124 177 180 223 247 251 289 290 296 298 331 332 333 410 416 424 467 498 499 596 601 734 793 807 816 878 898 935 955
N 1418
 22 28 69 80 126 152 165 172 213 224 257 261 286 311 327 328 419 432 450 452 459 519 587 590 600 608 680 683 697 762 778 792 808 850 867 941
N 1419
 23 72 179 211 213 230 252 259 262 271 297 317 327 400 438 489 494 496 502 531 540 543 551 683 699 706 715 725 775 836 876 877 895 927 932 937
N 1420
 50 71 118 125 132 138 149 153 162 165 198 266 273 275 292 300 347 481 531 533 551 602 614 632 638 698 764 795 849 852 913 914 918 950 965 970
N 1421
 24 30 63 66 117 135 144 190 232 241 266 291 292 332 363 384 396 434 449 462 470 512 538 617 707 749 753 802 822 831 841 868 911 919 936 942
N 1422
 30 32 57 64 71 149 167 179 229 258 266 345 347 365 425 467 500 553 567 574 621 624 660 704 708 827 851 867 881 912 929 935 938 941 944 945
N 1423
 5 12 17 19 78 121 137 150 163 176 248 277 292 338 343 379 405 446 480 515 541 573 582 591 595 609 615 665 710 783 808 814 833 903 950 958
N 1424
 13 92 130 134 156 204 234 249 257 259 263 283 348 349 352 354 387 421 448 508 511 534 547 575 579 615 707 727 788 809 839 846 858 867 872 905
N 1425
 47 57 64 67 75 134 216 253 274 279 346 383 410 458 464 481 482 487 522 532 564 584 587 612 637 751 761 775 832 847 882 897 900 945 958 968
N 1426
 2 9 28 74 116 160 168 253 254 257 284 321 335 341 406 411 419 468 496 539 568 590 610 638 644 701 707 745 793 875 877 882 885 921 928 947
N 1427
 31 34 70 73 81 91 96 106 107 165 170 171 177 202 215 223 227 234 244 280 376 464 476 518 559 589 614 657 732 758 790 800 849 859 862 917
N 1428
 15 65 143 148 185 209 219 225 227 288 327 341 359 376 382 384 385 389 396 436 466 467 475 527 528 549 601 643 732 755 775 789 840 852 923 950
N 1429
 3 30 41 94 138 154 204 232 234 251 273 289 318 320 327 336 378 421 472 473 517 531 604 626 629 645 647 651 734 748 769 825 847 883 890 969
N 1430
 21 43 81 105 124 154 165 211 227 265 294 320 358 399 419 477 478 487 493 500 548 554 576 587 618 639 643 709 736 753 823 834 854 868 905 938
N 1431
 14 19 25 30 35 36 49 75 102 137 150 208 246 248 281 283 290 384 385 396 505 509 535 537 603 616 633 651 659 674 712 728 843 857 860 913
N 1432
 1 20 96 102 106 164 167 231 271 275 362 404 431 441 454 467 517 521 544 587 598 607 614 627 629 672 766 808 809 811 851 886 925 930 948 960
N 1433
 93 106 141 163 204 217 228 334 340 355 401 488 490 523 533 550 559 577 589 598 625 675 741 757 768 799 825 915 923 925 939 945 948 953 956 969
N 1434
 37 107 168 169 243 271 354 395 398 402 419 431 459 493 511 512 534 536 551 558 594 655 666 685 700 749 757 771 810 817 842 909 915 925 957 958
N 1435
 13 138 143 237 238 242 280 283 292 312 323 325 370 380 389 427 501 537 557 571 591 604 637 652 659 661 668 694 730 742 747 812 838 910 944 966
N 1436
 2 9 28 40 52 60 97 159 177 307 312 321 338 360 361 378 460 478 512 518 558 567 614 616 641 701 710 746 755 771 854 858 890 911 959 965
N 1437
 65 117 120 135 147 150 161 192 227 261 265 281 287 302 328 353 391 407 436 458 534 553 638 658 716 726 727 774 780 795 822 839 860 923 948 966
N 1438
 38 39 47 111 113 120 183 215 217 228 237 285 342 366 376 422 447 457 475 494 543 562 583 603 633 649 682 710 713 718 747 754 834 853 891 960
N 1439
 7 63 74 103 201 222 249 262 270 321 342 361 363 366 379 422 445 468 503 533 544 551 599 602 677 690 738 762 832 863 869 882 908 925 957 971
N 1440
 120 122 141 150 164 180 230 257 281 335 346 362 404 425 455 486 502 510 521 534 540 568 572 592 607 666 690 720 732 753 816 817 823 834 868 971
N 1441
 6 26 94 106 184 204 234 287 293 298 302 305 322 354 360 381 405 406 428 476 487 528 627 643 662 668 706 773 782 787 836 859 887 918 919 925
N 1442
 9 36 48 66 77 107 112 164 197 233 281 285 308 354 369 374 422 469 494 510 536 543 561 565 587 598 627 646 658 662 714 799 810 882 944 953
N 1443
 16 63 70 76 83 89 102 133 193 214 218 262 301 308 381 407 428 433 450 474 494 609 616 621 648 651 658 667 675 703 710 825 849 882 896 946
N 1444
 15 33 55 73 76 79 100 141 177 250 254 268 288 293 337 343 367 373 420 438 465 467 470 620 652 711 722 774 775 777 788 794 836 887 917 926
N 1445
 23 37 72 76 106 124 158 185 235 263 293 298 300 307 310 392 422 441 479 483 510 532 547 552 605 627 641 684 740 760 799 855 880 916 947 968
N 1446
 27 37 46 100 137 146 158 216 218 243 270 455 467 489 512 517 527 554 567 581 596 636 677 678 689 726 755 771 816 838 847 852 863 905 935 965
N 1447
 26 58 65 87 91 92 94 99 122 136 147 174 186 191 257 339 344 436 452 512 524 538 554 562 569 582 585 591 593 670 692 699 752 782 921 932
N 1448
 48 83 85 102 117 124 129 167 168 188 200 239 243 254 270 289 295 338 368 376 384 440 460 487 555 559 562 568 574 664 749 828 849 903 905 935
N 1449
 29 62 65 76 173 183 195 200 233 236 264 272 294 323 338 347 355 415 418 448 588 589 610 619 659 663 670 673 754 757 767 834 854 894 898 953
N 1450
 14 26 28 37 67 97 188 224 252 303 333 334 346 368 371 503 516 533 611 619 624 636 668 670 702 759 779 804 810 823 827 875 901 923 930 952
N 1451
 39 67 93 114 120 151 189 234 239 241 278 296 298 324 415 417 422 552 569 589 596 649 652 679 692 693 699 707 715 793 796 812 818 890 900 912
N 1452
 60 86 98 114 119 202 209 236 259 265 270 281 283 286 316 333 336 371 372 388 394 403 411 436 558 590 607 656 660 784 785 800 844 890 898 957
N 1453
 9 21 62 136 171 183 313 337 370 427 481 495 514 531 547 569 592 636 638 665 696 702 729 784 794 823 865 866 885 898 908 910 924 936 963 967
N 1454
 58 78 104 106 145 176 188 219 223 291 308 331 332 339 451 455 541 602 614 615 623 664 671 699 724 744 765 776 782 852 858 872 923 928 943 956
N 1455
 8 9 21 51 54 75 132 179 238 253 257 277 304 322 354 366 370 427 430 441 506 527 585 606 609 645 658 661 682 701 778 843 862 884 945 965
N 1456
 45 82 118 131 157 175 203 316 320 344 361 428 473 481 485 517 540 547 569 570 631 636 683 695 697 710 715 718 840 854 855 894 897 933 943 965
N 1457
 12 97 110 162 175 207 246 281 288 301 327 331 359 433 463 477 519 533 550 610 617 623 629 640 658 690 700 701 719 740 769 773 809 870 950 967
N 1458
 14 198 212 275 278 313 321 392 393 415 433 469 522 559 568 613 617 665 688 692 717 721 736 743 745 747 766 769 802 805 834 934 948 950 958 970
N 1459
 8 49 87 90 119 122 187 288 329 385 476 478 508 510 517 556 571 597 625 630 672 678 679 686 690 726 731 739 747 838 840 893 914 916 927 949
N 1460
 4 99 129 160 190 204 210 241 362 375 403 455 469 502 506 512 543 566 573 601 631 665 672 682 686 774 779 781 796 847 849 850 887 893 907 957
N 1461
 25 46 54 73 92 98 140 160 164 169 185 201 215 229 291 352 397 424 483 519 558 563 593 600 640 723 730 756 801 803 818 839 883 890 916 927
N 1462
 25 45 70 75 86 119 128 129 144 186 197 210 216 359 390 466 470 486 490 535 544 582 615 625 628 678 681 692 726 729 730 766 796 833 876 884
N 1463
 47 64 72 90 95 142 149 203 243 246 269 275 288 307 336 373 411 426 442 471 498 500 519 562 574 608 650 687 760 776 882 903 918 936 952 960
N 1464
 27 57 58 82 87 120 135 148 178 185 198 226 309 319 343 359 430 449 496 501 535 565 577 603 649 709 739 763 767 859 866 907 914 921 923 932
N 1465
 3 40 60 78 96 110 112 134 173 183 207 210 216 226 250 278 292 301 367 389 437 498 522 523 575 579 605 610 709 736 761 789 846 877 891 899
N 1466
 24 49 64 88 126 148 233 245 253 283 284 299 304 343 404 425 460 461 477 496 518 539 578 603 610 699 736 744 775 815 870 871 875 903 942 963
N 1467
 60 65 91 96 116 142 156 233 275 295 417 436 460 465 506 526 534 546 548 562 572 580 590 634 638 681 703 709 743 746 883 897 907 958 959 968
N 1468
 7 11 62 121 216 249 263 272 288 297 362 401 403 446 475 499 507 515 519 561 579 601 612 635 695 708 771 774 785 796 804 843 844 930 932 941
N 1469
 12 13 22 65 69 89 101 145 173 176 186 234 288 293 311 322 334 350 362 413 504 524 543 559 592 622 640 687 738 747 762 784 786 836 848 962
N 1470
 19 77 133 164 239 240 314 339 387 421 439 442 460 475 497 526 558 564 577 613 650 683 689 706 709 714 805 833 847 850 855 858 882 940 942 960
N 1471
 6 40 43 58 146 152 185 213 322 323 328 386 402 442 478 501 507 554 568 572 577 581 641 642 645 648 661 668 673 730 750 803 871 889 914 957
N 1472
 61 82 86 96 116 121 144 237 267 278 310 313 350 368 388 390 404 418 441 472 565 568 584 636 641 682 691 725 729 749 766 812 817 916 944 966
N 1473
 5 27 45 57 65 79 93 163 184 187 244 245 247 266 311 315 348 430 445 473 497 618 622 635 645 678 686 692 702 722 723 749 754 863 912 943
N 1474
 46 74 109 112 113 132 147 174 175 227 235 262 263 285 370 393 394 397 410 447 501 519 538 587 612 619 649 678 686 701 719 820 865 913 939 949
N 1475
 32 41 79 159 162 184 280 287 290 292 295 309 341 349 358 385 418 426 438 487 493 523 530 570 666 720 746 755 781 813 848 890 903 908 962 970
N 1476
 27 28 72 75 95 114 116 145 146 165 166 178 179 191 219 242 284 380 383 439 451 455 457 617 694 719 756 758 806 811 848 862 880 896 953 967
N 1477
 11 29 67 74 80 81 125 164 184 192 207 307 332 362 381 412 477 481 492 514 568 629 654 663 666 692 731 749 771 775 789 814 867 900 905 941
N 1478
 34 71 75 99 140 142 194 200 210 216 230 239 246 351 352 378 436 447 461 517 568 595 616 622 645 686 722 767 778 788 806 853 868 917 954 966
N 1479
 2 8 10 12 71 87 122 152 158 173 181 198 211 216 287 306 340 386 412 430 469 508 573 601 622 629 643 699 702 738 750 839 865 871 872 956
N 1480
 16 75 83 86 91 120 133 176 201 224 251 259 263 341 349 351 382 430 449 472 497 563 580 596 631 633 636 658 671 679 683 686 812 850 877 915
N 1481
 23 62 69 77 116 143 149 182 253 254 291 301 346 393 417 428 494 496 501 524 532 546 573 645 653 659 674 689 712 715 731 804 914 921 961 969
N 1482
 7 29 40 42 52 59 74 143 156 200 236 273 284 287 305 330 338 363 378 419 426 431 499 535 555 597 599 601 632 652 701 769 803 838 930 959
N 1483
 13 42 58 63 80 83 197 202 262 287 301 372 450 518 536 543 574 580 596 599 625 638 653 655 707 709 721 734 741 756 813 837 877 879 898 948
N 1484
 5 7 8 34 50 52 85 87 114 126 130 144 161 175 187 294 310 355 379 398 417 426 509 601 682 727 815 858 884 905 916 921 922 935 946 947
N 1485
 14 27 38 75 154 159 166 186 229 240 302 329 354 364 382 406 407 427 428 461 585 597 662 695 700 781 804 819 872 893 895 910 931 952 968 971
N 1486
 32 65 93 100 118 154 214 230 261 272 314 354 375 424 432 480 523 525 549 570 574 575 606 608 655 658 668 683 699 795 807 817 819 872 900 936
N 1487
 13 20 40 51 61 77 121 168 170 183 203 221 254 269 296 301 324 413 448 471 512 557 564 584 589 628 674 689 709 744 745 747 797 897 927 967
N 1488
 33 51 67 73 85 109 118 145 155 164 174 206 213 236 252 260 283 294 329 383 417 435 464 497 566 600 613 628 649 680 749 787 838 854 881 882
N 1489
 77 101 107 193 211 222 226 295 306 316 330 344 404 412 413 472 478 484 516 531 532 539 550 716 725 754 834 835 865 889 896 917 946 950 968 971
N 1490
 9 28 58 73 104 130 135 141 147 186 221 228 307 333 335 340 423 447 468 496 499 501 518 545 570 618 626 644 654 670 701 716 811 851 865 962
N 1491
 4 40 55 61 78 127 168 180 258 262 275 357 388 479 512 516 520 522 529 553 568 662 677 680 688 718 721 744 784 810 834 854 884 910 921 965
N 1492
 14 19 49 103 104 110 143 172 187 220 251 295 298 360 379 404 443 472 476 485 493 514 659 664 677 691 726 751 784 816 819 821 849 853 874 961
N 1493
 10 29 60 65 70 78 93 131 140 175 223 230 264 313 318 319 343 380 415 476 491 508 514 522 563 571 596 628 643 731 789 796 874 898 924 938
N 1494
 37 41 48 59 75 162 168 186 202 221 229 283 294 341 411 427 494 522 528 545 555 572 623 628 662 699 703 734 736 749 766 775 826 904 908 913
N 1495
 108 110 121 137 208 237 260 287 295 296 333 429 482 483 518 541 553 571 605 619 628 649 661 695 709 721 737 749 764 772 781 821 831 835 860 884
N 1496
 15 52 67 76 147 189 232 293 298 319 323 359 385 446 464 489 545 547 569 583 616 685 748 753 760 767 782 806 827 829 875 911 920 925 937 946
N 1497
 50 70 72 113 215 247 294 295 309 336 397 414 437 440 454 466 530 584 587 605 640 693 702 725 755 779 789 810 843 844 858 863 916 938 951 968
N 1498
 39 53 79 108 114 115 176 188 280 301 305 309 327 360 420 425 477 478 495 520 552 558 586 621 647 670 787 798 845 850 883 887 891 938 945 955
N 1499
 16 18 29 33 85 94 105 148 178 182 183 212 224 281 346 357 384 386 392 452 455 543 602 608 653 655 662 702 731 739 817 835 881 888 917 919
N 1500
 4 9 29 53 59 77 97 196 214 236 254 266 310 328 343 368 389 457 474 493 556 581 618 627 645 675 744 765 801 827 852 863 885 910 915 961
N 1501
 6 16 38 53 84 107 111 112 181 225 241 267 291 292 317 457 474 491 515 523 532 533 549 575 583 594 656 699 770 839 851 852 895 901 921 944
N 1502
 3 4 25 41 59 82 97 197 204 256 282 291 332 335 382 454 466 487 510 550 556 623 625 676 679 698 707 723 799 807 810 832 908 949 958 964
N 1503
 0 67 68 93 112 126 129 132 135 147 178 236 240 310 348 351 386 398 429 432 463 482 544 564 607 625 639 700 714 719 751 767 770 890 948 970
N 1504
 26 46 53 172 206 225 259 261 282 285 287 303 305 357 366 412 428 434 436 484 485 497 520 533 554 581 667 672 679 686 715 779 787 914 964 969
N 1505
 2 21 116 138 156 199 200 229 241 299 329 372 398 414 415 433 471 476 506 528 555 612 670 685 737 762 798 826 830 836 860 885 902 916 923 954
N 1506
 0 48 94 98 113 139 174 186 232 234 241 253 255 263 289 294 325 335 397 415 426 433 441 469 473 516 557 575 581 583 608 719 733 832 929 946
N 1507
 44 60 87 97 149 166 220 221 233 246 270 319 329 335 344 396 403 432 443 448 449 452 476 495 554 590 610 643 670 709 721 736 774 828 900 966
N 1508
 0 38 44 80 136 169 195 197 206 246 282 372 436 486 534 543 561 579 645 648 678 694 701 746 758 803 805 813 840 852 878 888 938 942 948 968
N 1509
 22 29 32 34 98 118 135 139 171 233 244 246 263 303 316 347 354 390 439 445 449 489 506 531 555 589 638 667 672 695 727 744 810 819 908 954
N 1510
 70 126 138 141 162 212 245 295 315 322 364 394 406 431 456 530 555 633 705 712 714 725 739 748 760 787 791 846 852 857 861 872 904 908 960 965
N 1511
 31 37 188 208 254 265 290 309 316 326 376 392 408 462 476 481 483 489 503 531 554 562 570 581 629 637 642 656 657 801 811 826 884 951 956 966
N 1512
 7 43 68 107 149 188 220 242 268 321 362 374 387 392 409 424 483 484 500 607 637 639 671 682 722 728 762 773 777 815 817 903 940 941 947 956
N 1513
 10 16 17 51 71 81 91 317 329 339 369 397 434 458 476 502 528 601 634 683 687 706 750 777 801 802 821 832 849 887 934 939 945 953 963 965
N 1514
 20 64 79 86 100 106 111 135 140 165 167 182 222 256 405 412 416 446 456 460 466 498 533 574 681 687 699 776 805 820 843 870 899 925 927 945
N 1515
 1 45 153 158 166 228 250 305 309 323 330 340 342 349 369 373 410 449 514 539 548 562 582 591 644 657 694 750 770 820 822 848 873 902 919 930
N 1516
 17 66 95 98 104 111 120 237 287 315 332 346 373 388 393 397 401 418 430 491 511 529 548 729 742 774 802 814 816 868 885 900 911 922 945 966
N 1517
 3 38 102 113 118 155 160 193 215 232 262 306 318 380 393 414 444 462 469 483 509 565 582 592 634 651 676 697 737 762 816 836 868 910 948 971
N 1518
 9 26 30 98 105 115 133 135 138 161 163 164 218 324 363 504 510 513 516 540 587 635 671 684 734 749 766 801 804 827 830 862 912 913 917 946
N 1519
 24 78 91 138 158 186 218 219 262 361 419 425 432 458 469 478 490 512 571 595 605 641 665 681 695 700 704 741 742 744 830 845 854 892 956 968
N 1520
 23 39 52 57 85 91 96 97 147 151 159 173 179 182 237 263 292 299 305 314 320 332 334 347 438 479 544 556 621 658 680 684 724 752 821 964
N 1521
 33 46 48 59 97 140 143 146 197 207 218 230 240 287 304 309 320 338 375 404 443 469 554 557 567 604 609 663 679 745 748 814 820 850 905 930
N 1522
 4 7 18 30 39 80 83 102 147 180 202 236 320 327 334 335 359 365 378 438 452 486 534 540 541 613 651 680 691 717 775 870 894 908 927 930
N 1523
 29 30 46 54 56 63 74 110 131 205 238 252 267 287 302 327 356 399 446 449 462 503 511 555 623 628 727 764 799 862 869 880 887 934 946 954
N 1524
 17 25 26 27 32 75 82 117 170 195 304 314 383 390 420 421 432 433 437 452 453 461 478 559 565 567 569 677 693 736 768 880 892 931 935 954
N 1525
 2 47 55 125 171 172 214 257 303 312 349 387 391 392 397 406 573 635 637 638 664 672 685 714 722 732 767 791 794 797 814 857 889 937 949 952
N 1526
 6 20 42 51 53 55 79 107 135 160 191 213 241 275 320 464 483 498 518 605 626 648 667 689 715 755 770 782 791 808 821 850 876 924 931 943
N 1527
 21 36 68 70 78 106 149 176 183 261 262 265 311 348 383 407 409 443 501 502 597 605 612 614 682 705 706 751 792 855 912 921 927 941 956 961
N 1528
 10 45 92 108 150 174 198 213 240 253 289 321 386 404 416 420 438 463 492 503 514 600 603 624 659 689 690 741 764 775 790 848 873 880 932 937
N 1529
 15 53 88 90 103 159 179 189 250 264 276 315 441 448 453 467 514 567 574 578 669 676 696 712 718 734 766 779 800 807 864 892 914 925 952 965
N 1530
 58 148 158 191 220 246 308 416 469 479 488 527 555 571 572 597 616 617 653 668 742 754 756 767 780 801 806 861 869 888 894 912 915 928 934 954
N 1531
 16 17 43 117 216 246 252 255 262 276 284 301 310 316 373 398 400 402 411 475 586 609 633 680 712 718 783 785 844 865 893 904 920 939 955 957
N 1532
 124 134 157 183 204 240 255 306 338 364 376 377 421 434 467 487 490 543 586 632 641 643 693 737 778 801 809 811 859 873 895 922 925 931 933 952
N 1533
 1 4 15 20 39 69 84 99 101 135 282 303 330 372 394 423 429 482 503 577 635 647 667 669 677 687 740 744 764 817 821 826 832 840 858 873
N 1534
 17 74 85 174 213 215 231 243 248 261 299 302 314 326 347 377 382 471 529 540 569 585 591 616 652 660 664 711 732 805 812 865 909 933 945 968
N 1535
 18 29 79 103 173 188 209 214 240 271 290 346 398 443 520 523 532 571 621 650 660 666 691 717 759 760 761 790 797 843 847 863 873 881 913 928
N 1536
 49 170 180 203 233 236 322 359 365 394 396 400 463 472 483 517 526 560 578 594 629 682 707 718 727 735 766 777 845 851 874 878 906 925 933 943
N 1537
 22 26 36 43 129 140 173 193 207 218 321 326 327 346 348 349 356 371 374 422 439 495 505 539 577 599 622 644 649 735 877 887 888 941 946 947
N 1538
 98 102 107 122 125 138 157 177 258 269 287 325 346 413 482 520 529 535 538 579 585 586 641 651 670 716 717 718 729 777 802 865 913 916 918 924
N 1539
 51 76 167 168 186 192 240 281 304 324 334 335 431 433 445 469 486 489 504 508 531 552 560 564 572 597 617 690 697 772 829 866 889 899 913 920
N 1540
 34 68 116 121 156 187 224 241 245 257 311 344 402 427 429 471 503 506 541 572 574 576 585 617 644 807 831 833 854 860 866 871 882 894 927 936
N 1541
 1 16 45 62 68 151 155 198 251 329 359 384 389 403 404 410 427 454 465 467 506 626 678 702 705 724 769 772 842 843 861 869 887 895 945 964
N 1542
 24 33 73 159 166 176 252 256 269 302 311 322 336 358 406 445 485 505 509 513 541 591 595 688 691 714 715 747 772 776 830 840 846 856 924 941
N 1543
 44 45 54 122 131 147 165 179 181 188 198 218 257 287 312 341 348 390 413 531 538 575 576 602 621 622 651 653 693 728 729 736 773 785 824 955
N 1544
 6 31 72 118 160 175 210 269 271 274 282 303 306 362 364 382 401 413 427 446 497 526 533 537 548 566 578 581 593 628 672 700 702 794 942 963
N 1545
 0 42 44 45 96 163 204 215 225 245 250 281 316 320 362 364 370 414 426 430 469 481 489 567 665 701 767 778 793 806 837 848 921 946 950 953
N 1546
 1 11 27 28 41 59 84 111 144 153 160 215 243 261 274 282 284 296 302 319 378 416 445 596 611 615 630 652 654 706 729 758 843 851 877 937
N 1547
 32 56 90 91 95 143 147 148 184 212 256 335 342 358 416 446 450 451 472 532 563 567 577 609 638 639 640 707 718 777 803 809 810 859 922 955
N 1548
 27 41 59 61 102 117 137 148 180 184 194 202 240 267 303 344 357 369 381 442 486 491 513 556 574 582 665 713 740 742 830 881 928 943 962 963
N 1549
 15 25 89 94 97 122 190 194 205 241 247 256 280 292 293 311 336 370 413 507 512 542 548 552 578 597 600 608 665 670 698 759 798 811 863 902
N 1550
 0 5 17 74 87 100 141 142 150 183 195 197 202 208 241 289 322 335 345 360 446 452 465 488 560 573 634 683 700 734 804 859 862 886 904 959
N 1551
 2 41 51 93 105 145 155 156 205 214 216 263 348 421 455 502 514 574 596 627 629 630 632 643 670 701 710 724 740 757 763 773 775 779 876 951
N 1552
 5 13 23 60 96 97 101 167 214 226 267 283 314 318 319 324 425 443 490 494 552 570 607 622 625 640 679 772 783 786 799 868 888 892 916 941
N 1553
 3 6 7 68 102 217 265 275 282 318 325 379 388 389 416 422 437 443 522 528 552 554 558 579 604 729 733 754 802 812 813 814 877 917 947 960
N 1554
 24 73 174 190 194 230 240 336 378 379 391 396 433 435 462 489 502 557 563 589 592 594 598 701 740 742 748 766 794 822 825 844 867 937 947 965
N 1555
 5 20 99 109 174 190 194 255 261 289 308 309 317 342 343 393 430 451 490 540 542 571 586 630 646 672 685 686 741 795 801 864 878 881 922 944
N 1556
 4 31 63 98 136 150 165 201 291 326 363 367 382 405 491 494 497 508 520 553 585 613 648 751 753 788 791 815 839 841 842 853 856 877 933 945
N 1557
 14 72 74 102 103 105 116 138 144 153 155 167 195 210 260 304 307 355 363 385 408 413 420 437 448 479 524 586 637 646 785 899 907 909 923 951
N 1558
 24 40 45 75 83 103 161 167 196 205 214 246 252 299 314 407 449 461 464 465 514 525 576 579 709 763 785 788 791 815 856 871 909 937 954 958
N 1559
 38 74 132 197 205 227 235 248 260 265 276 306 311 355 367 401 407 440 488 493 511 591 602 615 635 641 677 743 787 799 819 851 864 935 937 963
N 1560
 56 68 73 166 208 306 314 326 400 437 443 448 481 486 491 500 504 542 557 588 620 665 686 718 724 740 748 773 777 794 798 802 833 839 845 971
N 1561
 20 77 83 110 117 123 139 205 271 290 298 307 317 377 395 415 418 421 426 539 551 623 648 662 669 673 783 788 811 820 826 834 845 855 881 886
N 1562
 4 27 47 114 132 219 222 284 285 304 332 436 461 462 482 495 558 563 604 610 611 619 639 676 680 730 745 771 788 812 815 882 903 912 964 967
N 1563
 64 81 139 150 187 188 190 200 206 221 295 348 350 451 452 466 494 545 592 594 605 641 656 677 679 689 707 727 737 765 825 832 835 909 926 950
N 1564
 72 74 83 160 203 225 233 255 295 367 419 430 441 453 475 558 602 642 644 647 651 657 674 688 705 721 725 732 758 817 825 865 913 934 958 960
N 1565
 58 71 177 184 199 202 205 206 228 229 292 304 319 349 375 404 405 470 547 559 568 606 657 669 745 750 765 771 801 885 902 906 916 942 959 961
N 1566
 4 69 110 124 192 200 205 217 237 272 323 353 388 431 443 448 487 496 513 543 626 653 660 696 735 779 794 828 894 902 916 923 926 941 956 962
N 1567
 14 62 69 72 89 110 111 240 252 269 321 384 389 401 414 425 507 606 608 616 635 693 699 747 759 787 814 850 857 860 869 898 902 908 919 959
N 1568
 6 18 43 90 92 103 126 143 178 192 276 308 333 345 366 414 436 575 579 606 619 647 660 691 697 703 709 793 795 813 826 832 840 858 906 950
N 1569
 16 23 42 81 82 88 141 155 179 265 297 303 325 428 456 458 465 470 505 512 538 545 618 668 732 733 758 785 789 848 882 883 885 888 891 942
N 1570
 12 26 130 169 223 233 260 305 320 340 362 370 378 395 440 473 481 492 519 610 623 631 676 707 710 729 742 820 822 853 857 868 875 898 935 969
N 1571
 22 39 44 112 114 116 151 154 219 239 289 322 324 340 345 350 371 402 459 464 491 498 526 529 561 653 696 771 832 833 868 879 886 900 934 951
N 1572
 25 34 40 73 106 111 130 213 250 251 259 282 301 363 391 453 535 544 605 612 615 617 650 722 723 731 752 760 761 770 801 825 827 843 916 945
N 1573
 21 55 67 108 152 168 201 236 273 281 423 424 461 538 584 585 595 596 609 619 630 734 747 757 786 795 821 837 858 882 904 925 929 941 960 964
N 1574
 23 27 74 82 121 141 178 182 214 244 298 302 310 357 369 377 388 440 448 456 482 537 620 655 669 688 690 705 710 801 813 819 851 896 963 967
N 1575
 32 41 56 63 95 106 147 148 151 162 202 203 222 264 285 310 324 360 378 379 400 430 441 454 458 501 533 568 590 613 662 711 754 789 875 946
N 1576
 3 32 80 95 119 172 184 192 226 235 238 254 284 324 339 367 380 396 403 468 498 507 532 543 551 555 613 619 682 700 721 724 731 742 777 957
N 1577
 25 57 72 104 107 136 141 155 168 186 244 264 270 322 343 430 434 449 497 533 560 562 563 594 644 646 650 656 694 698 701 790 808 840 842 860
N 1578
 10 62 89 196 237 319 357 362 366 367 414 423 431 448 449 495 633 637 639 644 684 707 735 739 741 742 748 764 773 792 814 819 839 850 933 949
N 1579
 3 26 32 40 87 142 167 174 179 224 231 280 324 334 384 444 449 470 475 511 530 580 602 620 654 683 688 693 696 717 722 755 807 818 838 912
N 1580
 57 63 65 204 228 248 268 283 330 344 354 410 452 472 491 516 518 542 595 611 617 621 674 688 706 719 730 788 798 802 803 853 909 940 941 964
N 1581
 110 120 125 132 196 217 267 277 297 299 311 314 356 365 373 388 406 438 447 486 569 593 600 609 629 682 703 727 733 766 844 857 871 873 886 917
N 1582
 25 39 59 97 133 208 217 239 273 331 340 355 410 455 476 480 499 505 513 533 551 569 580 655 706 746 758 759 784 835 855 873 885 892 895 955
N 1583
 43 66 74 99 108 112 138 175 235 249 258 286 306 332 335 353 376 393 530 624 649 654 661 748 796 800 809 863 890 902 906 907 930 932 945 949
N 1584
 90 142 173 203 209 218 313 362 368 384 402 409 413 472 474 487 520 522 550 572 633 650 697 728 741 764 808 813 815 817 834 838 851 873 901 933
N 1585
 0 24 45 65 90 169 203 250 286 337 354 375 388 407 425 453 459 495 547 549 580 589 610 675 695 724 742 772 777 806 833 838 845 871 943 969
N 1586
 25 59 60 64 122 143 160 162 205 207 209 220 225 281 314 330 351 357 374 463 483 500 580 582 604 653 713 722 730 786 788 822 879 909 933 938
N 1587
 105 148 150 161 162 168 180 185 256 263 323 371 380 388 389 460 468 491 544 561 576 626 656 672 675 679 712 762 769 789 797 812 824 862 912 930
N 1588
 77 81 104 145 160 180 192 237 320 321 334 353 355 364 375 385 435 462 474 477 489 551 570 583 585 597 603 698 727 804 811 877 890 939 947 959
N 1589
 45 49 130 156 182 211 222 258 291 325 349 375 378 390 406 421 464 473 496 512 536 539 545 574 624 676 784 810 819 823 876 880 887 898 920 926
N 1590
 15 31 123 136 226 262 310 312 353 360 392 397 420 481 515 516 531 572 578 622 625 642 647 722 729 730 750 764 798 849 869 881 884 921 958 971
N 1591
 8 10 24 63 121 138 152 167 203 218 235 249 272 342 360 372 421 423 473 493 592 623 643 659 697 709 726 773 811 839 880 898 901 930 959 965
N 1592
 4 33 41 55 79 105 145 168 180 186 265 308 329 357 431 447 521 543 548 555 571 624 638 641 655 666 685 703 704 761 764 820 886 895 905 914
N 1593
 33 45 58 67 83 89 90 100 115 142 157 176 203 239 241 246 252 272 304 331 380 389 463 484 512 528 539 602 613 615 681 739 852 904 940 944
N 1594
 50 64 66 74 88 126 156 179 189 217 225 227 228 235 249 318 414 444 454 471 511 533 536 545 575 596 603 626 632 633 730 742 757 826 862 878
N 1595
 17 20 35 76 112 122 154 198 255 315 317 320 337 397 405 409 410 417 424 480 494 564 625 628 629 630 668 673 701 721 727 728 744 747 835 927
N 1596
 11 78 79 99 100 101 118 119 134 141 181 262 274 313 372 383 397 401 415 421 461 474 545 547 551 563 612 634 732 761 799 895 902 903 942 951
N 1597
 20 28 43 52 58 91 190 194 222 262 271 291 297 346 367 378 406 430 481 485 492 493 512 533 578 640 713 724 732 746 755 801 878 880 889 903
N 1598
 7 45 59 120 123 127 196 221 289 323 352 386 406 434 469 479 498 560 564 583 603 633 680 687 714 726 759 774 786 844 862 864 865 882 910 912
N 1599
 13 63 81 106 144 163 181 208 211 213 234 257 272 287 329 343 345 372 390 395 397 444 487 513 593 607 618 638 765 781 794 832 867 879 885 963
N 1600
 47 71 161 165 166 190 229 248 304 310 314 350 395 397 418 435 465 484 490 549 592 606 612 620 692 697 707 721 748 822 879 895 896 907 920 922
N 1601
 1 17 23 50 57 76 103 129 157 243 244 372 413 468 537 582 602 612 619 657 678 700 755 784 829 833 860 866 874 885 888 913 918 926 960 971
N 1602
 1 3 42 45 61 71 79 113 132 134 192 197 199 234 353 408 412 439 468 547 548 557 646 662 672 692 700 727 753 768 787 800 884 889 938 948
N 1603
 11 42 46 67 96 126 163 184 243 254 261 321 344 345 349 366 369 408 440 444 456 466 473 475 528 554 588 593 726 770 849 883 891 902 924 949
N 1604
 39 71 80 93 97 170 193 279 337 338 344 346 363 368 461 467 485 501 508 548 549 595 598 609 651 655 678 687 689 743 754 760 770 819 856 916
N 1605
 15 31 118 121 139 140 174 227 287 347 350 374 382 408 475 519 556 561 601 602 630 663 708 721 737 770 824 834 869 870 911 927 939 943 952 971
N 1606
 90 91 140 149 200 212 239 264 318 336 337 345 350 358 380 399 418 455 520 530 574 657 679 697 715 729 733 746 779 788 816 828 840 865 903 920
N 1607
 11 40 52 94 117 128 145 182 212 218 229 231 242 279 299 308 320 346 350 393 433 444 453 473 535 546 638 663 722 759 782 785 824 849 862 948
N 1608
 47 84 89 101 107 113 138 170 175 183 184 191 271 281 303 311 313 356 374 397 418 422 525 572 591 620 657 661 664 669 675 744 770 791 843 889
N 1609
 24 43 87 114 196 208 209 239 249 328 347 356 384 400 408 444 496 547 573 583 623 654 662 666 687 698 715 728 746 750 779 795 796 844 943 953
N 1610
 6 111 115 134 144 189 193 198 201 296 323 341 355 359 361 418 426 445 518 527 563 575 667 700 703 733 754 757 810 830 854 870 930 934 938 940
N 1611
 11 32 47 57 94 98 100 102 113 192 206 210 216 231 294 308 362 394 406 408 439 440 510 565 597 624 695 728 765 795 849 882 907 922 936 942
N 1612
 42 60 64 100 111 131 183 184 199 270 358 377 380 431 456 469 482 491 508 520 532 555 573 617 697 709 748 754 755 762 825 867 880 902 904 933
N 1613
 8 15 96 107 172 175 232 357 398 423 435 447 457 460 471 531 541 597 615 642 645 653 665 667 697 705 761 769 800 812 847 860 888 924 926 960
N 1614
 4 10 28 35 41 122 161 179 188 208 251 256 275 300 332 345 353 392 398 404 419 557 567 606 607 647 675 703 711 746 778 797 831 837 906 932
N 1615
 132 171 176 182 211 220 253 276 299 321 373 411 452 468 497 525 540 556 565 591 592 622 638 646 755 759 769 796 845 855 867 919 939 947 953 957
N 1616
 20 34 73 119 212 217 223 224 260 266 273 286 326 339 360 392 401 415 435 493 537 576 681 682 685 743 756 837 865 873 905 906 910 931 948 960
N 1617
 32 58 91 92 107 164 177 185 192 295 319 369 373 408 419 432 474 532 547 561 604 624 703 716 725 728 751 772 775 800 865 874 877 938 950 955
N 1618
 77 102 109 141 197 215 269 301 310 319 329 364 378 438 470 478 484 495 515 529 544 580 595 604 649 658 674 691 818 821 852 879 902 904 912 942
N 1619
 10 38 39 48 60 75 79 152 163 226 312 350 352 440 488 489 525 561 571 662 686 696 726 736 768 772 781 804 805 824 841 868 871 872 877 925
