NODOS_0 756
GRADO_0 21
NODOS_1 441
GRADO_1 36
N 0
 1046 895 1080 899 975 962 888 1033 905 1189 759 763 1148 781 1090 1122 1087 978 1186 985 1083
N 1
 906 1189 1124 873 1147 1008 1102 830 794 1032 878 1043 985 996 890 1143 1176 918 1041 1087 1018
N 2
 1077 767 869 1076 809 1063 1031 989 873 979 770 803 1151 757 1096 900 815 1177 1094 1175 804
N 3
 1053 1019 1166 849 1188 951 823 1111 950 936 1008 1009 1180 1023 1103 865 1100 763 942 959 905
N 4
 1087 801 1032 937 768 822 838 1144 916 825 881 1022 980 1101 1039 1095 1148 789 925 1127 1009
N 5
 762 1115 853 937 969 1151 870 916 775 1150 976 908 834 1075 848 905 849 1043 810 882 820
N 6
 1148 952 905 800 824 925 790 1117 792 1114 1049 806 1118 1081 988 836 858 970 859 929 1038
N 7
 881 1115 1036 929 1170 1186 879 955 975 1088 901 981 962 815 1188 1031 851 937 884 958 1077
N 8
 1027 1084 950 996 936 848 1155 758 785 922 887 940 1043 879 878 942 1038 1026 931 1055 1106
N 9
 965 989 795 819 1112 1016 1058 1087 849 847 778 1043 1065 762 803 1080 1147 1193 1001 953 999
N 10
 1042 1066 1010 1119 799 1105 757 1101 984 852 867 866 917 1008 902 851 926 1152 1196 945 870
N 11
 772 1174 1061 1072 1021 841 1053 1050 1136 1059 963 781 870 999 762 1178 1125 998 967 761 1133
N 12
 1063 866 1045 777 1169 936 1157 876 960 868 952 786 1047 1085 1087 782 772 977 972 832 946
N 13
 899 789 864 859 895 1134 1140 1089 815 1178 1020 1127 791 1080 871 825 981 992 914 843 782
N 14
 943 1182 1101 983 845 1081 1051 1114 1077 897 1166 1163 773 1044 903 1078 1111 955 834 1121 1194
N 15
 1186 1017 757 1047 781 984 1078 895 1009 804 858 988 1029 818 1022 807 877 1183 878 1070 1003
N 16
 894 1130 778 1057 1175 1151 882 1170 870 1064 802 1067 938 1179 1003 1108 971 1134 968 763 949
N 17
 818 927 1169 1111 885 1189 926 1091 842 1042 1008 760 887 1185 1175 1113 1021 853 849 963 980
N 18
 877 945 951 935 763 797 1093 967 817 1095 1051 1109 1087 1144 863 881 1122 1176 866 970 1028
N 19
 1115 1166 1171 885 944 956 1025 1164 785 1052 791 890 1103 943 1118 1074 999 1180 847 902 804
N 20
 787 1099 1176 982 1159 885 1051 943 892 917 777 1157 953 1018 964 1020 1129 820 934 1029 758
N 21
 1026 855 821 940 1178 978 846 996 1122 991 1090 901 971 1166 847 875 1003 974 1062 1073 966
N 22
 794 797 1078 1168 1003 993 1000 1123 1194 913 879 926 1144 969 1188 990 970 992 893 849 962
N 23
 931 1152 1120 1135 1149 1052 831 1055 1087 926 875 1043 779 1024 801 1162 765 1067 1184 927 800
N 24
 954 1134 866 931 776 881 1125 778 902 942 1028 958 979 932 909 1078 1061 944 985 1140 870
N 25
 819 1131 981 1036 856 878 935 892 982 871 826 1006 1138 1139 860 970 905 956 1105 936 836
N 26
 1034 955 1013 1187 1105 909 1069 1087 925 1009 928 1035 908 886 859 790 1132 1001 1107 1005 793
N 27
 1159 1179 1017 1042 1083 1023 1160 1131 818 1194 781 766 851 1140 800 940 1081 1134 839 1013 1046
N 28
 1128 918 800 952 995 831 895 1138 953 862 873 1019 1187 1059 1073 839 841 1177 1064 767 958
N 29
 766 783 1098 892 1034 1062 1122 922 962 1171 1164 772 944 1192 1049 1141 985 1101 1025 818 846
N 30
 826 961 870 1146 802 765 1108 1066 852 972 760 1056 758 1083 1040 844 1076 851 879 921 951
N 31
 1063 1121 1126 996 917 1186 994 843 833 831 1048 910 880 908 1082 789 1055 1020 810 857 903
N 32
 836 1164 1028 930 1194 1020 970 1051 1029 791 967 1078 1031 1058 924 1098 779 934 844 927 926
N 33
 1016 1151 941 1091 843 879 1128 1028 1167 1162 1183 1038 848 1146 901 1043 1029 993 953 774 1065
N 34
 866 950 770 909 1178 948 986 1177 802 930 1068 992 763 943 881 1009 1104 964 1152 1176 1103
N 35
 973 840 860 852 817 1020 928 773 813 926 1132 784 1038 888 1102 1136 1135 814 989 1085 967
N 36
 884 1082 1129 878 874 949 1012 783 823 930 910 788 867 768 906 1195 1093 900 818 936 876
N 37
 1148 1018 1025 1161 922 1059 798 1006 929 781 1165 1181 924 1040 1020 874 1185 988 974 1114 1171
N 38
 898 891 1011 892 760 988 1109 1193 1087 905 1176 1098 1023 901 1044 1184 791 809 834 765 790
N 39
 1067 872 769 796 824 1104 995 833 923 759 1192 916 952 1103 879 794 999 1160 1140 971 1053
N 40
 1090 1007 884 849 773 1065 1086 793 1039 1171 1179 1108 1058 995 891 1092 953 1037 820 1047 1163
N 41
 911 1159 920 1054 838 1167 1156 955 907 845 775 901 852 1141 994 932 1071 1041 1072 1053 815
N 42
 790 785 1151 1076 804 1096 803 801 851 1043 802 1037 939 985 1191 1171 1091 1036 931 786 959
N 43
 831 970 896 972 1123 1011 1047 973 1043 1082 946 943 836 1185 847 877 1068 784 842 1171 991
N 44
 1027 831 784 1189 1164 1092 1088 1045 844 1074 886 1034 1019 1170 759 999 852 1129 935 1042 1010
N 45
 1187 1067 1168 759 955 766 947 875 1013 958 995 1026 1105 1124 1170 1070 1143 806 1126 802 814
N 46
 1076 902 776 1089 827 861 1158 1192 1169 1036 794 774 878 1046 1185 906 1127 1117 783 769 765
N 47
 1102 904 1017 914 1056 806 1139 1108 884 801 861 1172 926 1086 905 1166 913 907 765 795 867
N 48
 1014 825 1164 1064 1167 878 1195 1173 819 994 848 873 822 882 965 1142 1059 1122 1111 1150 1126
N 49
 877 962 1004 845 758 1002 1026 757 1118 1120 1074 1006 1158 783 1020 966 822 811 864 1073 1132
N 50
 1055 890 1095 987 944 935 794 1085 1169 938 1026 763 765 762 824 1153 831 874 933 930 1196
N 51
 897 765 1046 920 1012 814 947 793 975 1053 1136 1001 845 1078 1114 1106 1101 881 906 891 1036
N 52
 872 965 1097 800 956 1135 1084 829 1069 901 792 912 1185 1112 1130 865 1175 1001 973 932 1162
N 53
 1069 1153 828 1128 1103 1117 912 902 1093 894 1171 1125 1046 984 1034 794 865 877 1083 983 1092
N 54
 964 1192 878 1149 1057 877 832 796 1152 897 860 782 968 1093 1050 1166 1170 758 808 756 996
N 55
 1158 1142 836 962 864 1138 1019 1143 780 1174 1050 1130 988 966 890 956 765 812 830 801 771
N 56
 1042 834 1162 773 1083 904 1000 878 1037 973 1152 1192 1109 1144 971 1179 998 1182 812 1124 1057
N 57
 940 1015 1160 804 814 1063 952 1020 847 939 1177 949 865 920 785 1026 901 910 794 969 825
N 58
 978 1012 1055 1154 999 1107 1019 1061 1072 1099 1049 1095 852 1066 764 996 928 777 872 986 781
N 59
 790 1028 1011 844 798 1090 927 766 945 1128 941 1075 791 836 840 1013 1189 817 1154 946 881
N 60
 761 917 980 1022 912 1037 844 836 794 1002 1119 1058 1145 992 1069 1133 1041 864 1177 1187 757
N 61
 868 942 946 829 818 1152 792 794 903 1160 820 1132 1172 1081 1189 789 784 929 1102 1023 965
N 62
 920 907 760 865 880 927 862 953 1032 794 1184 1099 1152 1025 1088 822 1003 959 1028 949 867
N 63
 839 1144 835 921 774 1041 919 1084 1004 1142 1057 1140 822 865 1096 756 1168 757 956 1133 760
N 64
 792 871 938 1018 991 869 809 835 1140 1043 1087 944 1144 861 942 1161 1111 970 812 990 1186
N 65
 864 865 761 1146 1106 836 1089 1044 997 793 1105 1135 1079 1128 824 827 1104 759 854 989 1169
N 66
 876 856 996 966 975 912 796 995 766 1183 859 1186 1048 771 1134 1074 823 1162 784 1086 922
N 67
 979 757 950 908 1182 760 920 1042 930 805 798 885 1194 937 941 883 922 953 1010 973 998
N 68
 884 1083 924 1148 856 1132 791 1116 837 871 1180 1102 1090 795 1024 1115 1059 873 1047 769 796
N 69
 1056 851 833 1154 926 809 1077 774 1067 821 920 1003 1120 947 1138 1092 903 1102 1114 799 971
N 70
 1004 841 1100 932 1047 1064 1096 1196 1038 953 1044 987 1127 758 1018 1061 957 951 828 1149 833
N 71
 822 1119 1071 857 1085 908 768 870 1148 882 933 1050 1096 767 1115 897 911 1024 840 886 891
N 72
 763 797 1045 982 784 904 992 920 853 1171 1143 1128 997 832 1067 914 1120 1080 896 1173 831
N 73
 1091 887 756 1166 819 1164 788 812 825 947 1157 1030 804 891 828 989 1098 1177 1067 781 1017
N 74
 1048 972 1023 948 790 1139 971 877 811 1073 1189 1101 973 914 1086 872 789 941 904 848 775
N 75
 1107 866 884 1035 1069 854 1168 919 1135 1010 1094 901 789 1086 942 880 761 868 827 1009 954
N 76
 924 833 994 1088 839 1069 1173 1034 1074 850 941 917 813 912 896 1068 989 921 926 1152 1101
N 77
 1065 1005 842 858 910 1153 936 1084 773 1021 985 1178 1049 1045 946 1093 798 856 1102 788 1071
N 78
 1175 1185 857 1048 782 921 902 1131 1046 1021 810 1123 983 936 1160 1058 980 842 1044 965 996
N 79
 802 763 953 1159 940 1138 1091 942 1119 904 1001 945 880 831 1101 1164 902 918 963 941 836
N 80
 871 774 1070 758 897 991 865 1105 1186 854 1135 868 1177 770 1014 940 844 804 1008 779 981
N 81
 932 1097 1129 1166 1125 780 879 1192 1173 1113 1156 950 837 1176 941 992 1123 1096 945 1171 1142
N 82
 954 1014 868 1166 922 1088 1167 1126 859 963 846 1033 910 815 1170 931 793 1116 1075 1118 858
N 83
 945 974 1180 841 1168 772 1023 851 1124 1125 1162 842 1014 855 1131 843 1191 847 1142 1003 1157
N 84
 1033 1027 1126 1031 998 1145 785 1188 1093 1048 1111 1053 1132 1043 954 775 873 774 972 992 937
N 85
 924 1156 1061 947 819 1065 770 1194 944 1040 809 1129 1093 1009 1008 964 875 839 972 818 930
N 86
 1140 865 773 829 830 917 816 1069 837 1147 871 1125 840 942 1153 1117 1012 775 885 960 765
N 87
 819 1121 1090 974 1018 1148 874 1175 765 1115 1106 909 805 756 925 1165 861 1181 1164 1074 1130
N 88
 795 789 1048 757 1029 1004 1088 943 1128 919 1006 911 907 1042 1011 797 1020 1073 1101 871 1058
N 89
 784 1007 990 1098 961 1176 816 1073 892 928 1037 843 771 1022 1193 912 769 995 1015 888 1099
N 90
 949 1041 793 952 1076 874 1111 999 775 913 1125 947 1047 1035 893 1193 972 1119 835 899 1189
N 91
 1014 1073 983 946 774 860 828 821 1104 1108 824 1138 924 767 826 945 1044 1066 885 802 999
N 92
 924 1081 1139 1132 1158 840 763 838 795 1154 1108 1055 1064 1104 1082 1103 861 1080 1058 1087 1115
N 93
 1009 1025 916 1126 836 974 904 760 1063 1149 1051 814 909 1129 986 802 1119 886 838 933 1154
N 94
 816 1195 894 768 1151 780 979 1193 1115 1182 1120 967 1103 1033 1138 1101 784 1067 1073 797 796
N 95
 1089 867 846 844 1042 819 1133 1174 1179 945 1066 1045 1034 861 1004 907 1182 1052 1051 1090 1167
N 96
 983 839 1132 1143 1095 861 1137 885 1023 908 933 938 903 887 864 965 1191 945 1159 1108 1046
N 97
 760 953 877 1158 966 768 1122 880 1027 894 1021 800 756 781 889 1023 905 1188 807 813 1054
N 98
 922 1027 1167 897 887 858 954 959 1189 1068 1093 829 813 1091 837 1040 857 1107 793 1032 1136
N 99
 918 1022 757 880 774 944 1142 829 919 834 891 1061 1069 1033 994 839 914 903 905 946 1066
N 100
 772 876 785 893 923 771 826 1104 933 1081 939 950 1098 899 968 981 1088 980 1191 1141 829
N 101
 766 889 1181 917 900 1150 1091 761 781 1086 891 965 1005 794 861 777 929 1097 1081 1146 984
N 102
 1035 813 826 1034 998 770 1151 838 948 1053 1045 1116 767 1016 877 891 1193 832 1107 883 982
N 103
 1093 842 1147 816 1007 822 916 1187 1041 1015 1155 1188 1042 1149 987 1097 980 1080 1030 1059 1132
N 104
 1010 984 774 882 1173 794 1098 876 864 1123 792 767 883 890 1007 879 921 858 843 996 976
N 105
 778 857 1152 799 912 1062 797 1112 832 872 809 989 926 1087 1043 1165 963 1026 943 784 1014
N 106
 891 892 858 1186 1097 938 1001 868 832 1038 987 935 840 1082 771 860 866 1054 805 837 797
N 107
 1122 882 779 973 1031 971 863 758 1101 925 1021 996 914 1063 829 913 1126 888 773 1192 999
N 108
 1063 1105 769 921 922 778 869 967 1024 787 937 1191 817 1189 889 1185 957 895 996 1013 1087
N 109
 928 807 1136 970 788 1077 1155 1137 1050 1196 901 960 905 1135 841 973 1009 1127 833 757 961
N 110
 813 1081 913 873 777 997 984 1181 1070 828 949 1103 971 788 1001 967 763 1184 816 1131 935
N 111
 888 959 819 766 1112 853 836 913 1024 934 1118 1187 990 1146 1132 1153 858 1025 950 1139 852
N 112
 1183 1034 1154 1162 929 1159 1039 1187 1059 882 833 1179 1000 1194 1062 1113 987 926 1026 1112 1032
N 113
 1110 1136 1121 1007 1043 1165 887 917 776 1105 912 1079 1048 1025 956 980 946 872 834 827 975
N 114
 1132 1148 885 1039 1032 801 793 1131 1186 1184 1098 1019 966 1117 811 1068 779 1188 843 1096 767
N 115
 1066 1166 925 1074 1145 948 1044 1062 1092 890 942 998 1104 1117 1134 840 828 1157 910 1137 1087
N 116
 929 876 1062 1015 939 1168 914 1096 1104 798 764 944 828 1011 1067 824 1035 1137 940 1176 1084
N 117
 980 905 1116 1179 931 1150 1162 996 872 1044 976 1081 1095 1140 1101 1117 870 1111 897 1055 882
N 118
 1054 805 1018 815 967 808 1051 844 946 949 1135 891 1019 1007 917 827 1138 1133 794 910 945
N 119
 1051 758 1090 869 915 785 1112 1097 907 860 981 773 932 925 936 851 905 948 1110 1081 827
N 120
 786 1142 893 1099 960 1000 976 963 1129 1052 780 948 1121 1059 894 988 836 850 966 815 1091
N 121
 796 1195 953 921 765 969 993 985 890 784 780 1061 888 942 1011 1124 1163 823 808 819 1001
N 122
 889 938 1022 1063 918 1114 906 913 762 1027 789 780 1091 1006 834 927 1108 935 930 933 1017
N 123
 1029 935 772 1148 1023 998 1152 947 1044 822 1058 1155 1195 766 857 825 1119 813 797 803 1079
N 124
 1033 1116 759 1095 851 901 952 945 852 1031 1117 963 1038 1126 1065 822 872 1155 1156 1041 915
N 125
 962 1052 989 1157 770 908 810 1055 1181 1186 862 1149 1196 1106 923 1125 1020 1002 952 870 843
N 126
 1097 1020 956 789 864 1045 924 869 817 949 1090 790 985 1117 808 1099 988 1069 1157 814 832
N 127
 1031 1090 927 877 1027 1003 977 958 827 1178 832 937 1067 1019 899 959 967 800 781 1103 999
N 128
 836 1181 1190 815 789 995 888 1122 1094 951 999 1193 1038 1157 1167 1152 1046 841 901 811 935
N 129
 931 966 935 1147 777 1000 825 839 1055 796 1004 870 827 856 1053 830 1187 807 957 984 757
N 130
 839 1083 950 996 1091 1075 1079 1165 804 1010 757 780 977 1126 1178 850 1139 827 1188 1144 985
N 131
 822 816 1065 1178 960 1092 1112 860 968 1028 917 1182 1127 1132 815 1187 762 896 1164 758 803
N 132
 1142 982 880 870 1086 961 801 1025 900 992 1001 1054 1070 821 1015 873 1072 889 918 904 784
N 133
 855 835 845 1024 1094 955 1113 925 1100 1154 1181 965 1070 872 999 808 885 826 1111 889 1041
N 134
 963 1056 768 1020 929 1096 892 1048 1181 1106 890 1002 1101 1055 839 985 979 921 1069 1127 1168
N 135
 1140 906 892 882 766 1116 1072 1171 1160 983 978 1050 873 778 924 1127 776 1048 836 770 762
N 136
 1024 880 938 1138 1002 1168 774 1123 1003 1136 1148 911 1026 1110 847 783 1057 1102 1000 771 894
N 137
 852 1037 789 1110 1100 969 1068 898 1187 827 1117 906 820 823 784 1016 812 1173 845 1043 1072
N 138
 840 965 875 893 886 1186 757 1150 952 1154 990 947 981 1032 763 1181 1141 993 1165 1185 932
N 139
 1062 1009 1084 1170 975 1151 893 1174 773 1045 808 1047 1142 804 1117 1129 794 960 842 793 1014
N 140
 1156 1194 1084 1191 786 1118 837 1059 994 1095 1173 1158 1117 964 967 1066 844 871 758 943 1051
N 141
 786 1043 1095 905 929 1064 984 898 1004 902 879 811 782 1155 1075 1114 1194 768 981 927 951
N 142
 954 1096 821 1159 1099 1058 1134 919 763 855 756 1104 809 956 817 897 934 775 1091 1106 1127
N 143
 763 845 1181 949 990 1083 912 948 968 917 1076 1060 868 801 1134 947 1095 944 1175 957 874
N 144
 997 1032 899 1013 848 784 939 1002 1021 1122 964 893 1088 817 1107 911 905 1087 1069 992 901
N 145
 986 998 936 1137 788 914 767 758 880 868 1155 1044 840 837 977 1055 1082 975 901 1124 1061
N 146
 901 758 1166 786 861 765 1177 1169 1029 1049 1183 880 898 831 869 797 908 978 1111 1054 883
N 147
 1131 955 979 1174 908 1136 806 1030 904 963 1175 783 1086 905 997 1083 1025 1018 805 1137 1141
N 148
 935 1113 1163 1097 862 1130 1039 1176 852 1048 986 1110 770 1095 818 882 1033 786 1089 945 842
N 149
 969 780 766 1121 1161 976 1111 968 911 1137 933 848 845 901 908 854 817 1058 1134 1194 1140
N 150
 914 839 1186 883 890 998 921 838 974 834 776 823 972 1088 981 922 829 1188 862 1195 911
N 151
 899 1074 854 822 1196 918 1150 979 1124 848 1042 797 1004 1083 799 908 1115 869 944 878 1141
N 152
 977 1166 774 845 890 1048 1195 959 1120 1061 1163 1001 1049 1159 882 919 911 991 771 1044 930
N 153
 854 1103 953 1024 1057 1066 934 1016 982 809 1178 1059 978 767 821 1136 1026 1133 980 1034 887
N 154
 890 1049 1037 878 885 825 996 839 914 1136 1079 826 1174 1089 827 1000 949 928 948 875 1166
N 155
 919 1023 784 829 862 823 928 786 790 1031 760 854 903 931 902 985 941 967 1043 1149 832
N 156
 834 919 1167 764 1085 904 860 1141 1084 969 1190 852 1153 949 878 1102 947 1123 1125 839 826
N 157
 1084 941 799 945 780 887 779 771 933 1101 901 1186 984 969 1167 914 1121 808 921 1055 888
N 158
 937 949 831 1100 847 964 933 1110 979 904 1105 817 1072 873 869 906 1094 1030 997 1130 922
N 159
 869 1009 770 996 994 1131 922 795 983 773 1087 1005 851 943 863 797 1023 841 1088 868 1012
N 160
 1090 1120 810 818 819 858 926 1012 1183 960 1027 1037 1119 878 767 884 883 1075 1105 771 1116
N 161
 912 1073 991 776 837 1146 1098 1109 1184 1084 843 1030 789 1110 1178 915 1018 1061 1168 1127 779
N 162
 913 803 947 829 786 910 883 1150 769 1129 1093 983 796 1133 912 1002 794 795 825 1190 990
N 163
 1100 991 771 1115 765 786 808 1082 902 957 1192 933 854 1035 795 764 1148 1167 1133 1059 1006
N 164
 912 1143 940 1149 853 888 1169 892 928 758 856 825 1131 1048 865 952 1141 1032 966 943 1116
N 165
 1077 792 1196 999 989 1040 1009 789 1053 963 971 808 887 982 1124 1176 1090 1136 1185 849 865
N 166
 1149 1007 954 869 984 1109 935 878 1069 1058 836 956 945 813 1123 910 997 950 772 881 947
N 167
 861 982 1078 973 896 1035 786 791 959 1094 1169 824 1024 934 1126 981 1188 1060 958 809 761
N 168
 950 1074 1189 811 982 1057 805 838 830 1168 1061 892 1099 806 978 886 1187 778 765 1143 761
N 169
 1033 1131 974 1095 782 1147 919 1045 1116 897 1178 1068 863 985 1065 1187 823 1128 1057 1159 915
N 170
 1076 978 818 1188 939 1126 979 1024 800 880 999 1194 1154 1121 952 839 875 1040 936 991 1192
N 171
 1123 834 971 1177 1196 1105 1004 1030 1153 1040 1012 1078 816 1056 854 1067 917 1002 1050 970 1144
N 172
 780 1018 1100 1177 861 995 1005 810 1085 1062 853 831 1075 950 838 844 798 941 847 1059 811
N 173
 884 959 968 1015 936 876 1193 1031 882 1178 842 1052 945 852 1011 1013 1102 1151 871 1112 953
N 174
 981 963 1124 887 1013 957 1189 1026 1169 849 1156 846 1038 916 1060 1170 901 899 1085 1017 1148
N 175
 806 1036 929 944 1159 801 1183 811 763 980 1079 816 988 783 918 999 1057 885 831 774 1153
N 176
 900 817 961 1154 960 814 997 1046 888 808 1058 760 1039 792 1153 1168 822 979 1133 1137 895
N 177
 949 1077 798 898 772 1177 906 1053 1147 1024 868 785 833 860 1131 770 769 940 1185 1033 1035
N 178
 924 811 1171 1010 942 766 1193 1170 1001 1039 1165 955 995 1013 899 855 1090 804 1188 1037 918
N 179
 1089 790 1167 1139 853 953 1071 987 822 856 783 1012 776 1196 843 817 1097 1172 1154 800 948
N 180
 1169 813 1011 853 1036 888 1060 1194 796 800 1121 854 1192 1014 965 1028 904 1139 1071 1069 901
N 181
 1087 1021 786 812 902 997 1169 807 1066 1101 1164 791 976 951 986 1163 820 929 982 806 978
N 182
 777 927 1032 968 951 962 1131 1061 942 1196 980 1109 897 938 910 889 1045 1160 1076 1188 886
N 183
 1026 1051 1174 1052 1191 1015 1105 987 855 962 1036 763 1116 834 1094 1169 1030 850 782 1073 1102
N 184
 832 969 1176 1090 967 847 1142 849 976 894 986 965 1131 920 1034 1178 962 821 1118 844 919
N 185
 829 965 764 970 1166 986 765 1000 1128 938 1153 788 789 1174 945 1019 1083 995 1003 1113 1139
N 186
 1081 912 1094 996 1124 1118 959 1096 818 1062 1105 786 1180 941 847 1088 932 907 775 1040 1155
N 187
 972 919 1112 858 1016 1097 1170 1019 1115 1136 756 1089 1140 1041 864 1110 1082 882 847 1118 925
N 188
 1191 941 942 1023 855 882 1139 1140 1101 811 1009 914 1130 814 788 789 761 839 872 846 1079
N 189
 1080 1005 906 1047 973 1190 816 792 924 952 991 832 911 819 1153 1094 805 977 883 811 1181
N 190
 873 1177 865 1137 1109 1192 964 868 1048 763 1057 805 1073 803 1184 855 994 958 1144 1059 838
N 191
 831 920 975 922 879 1114 788 866 963 842 1051 853 900 1022 897 1043 816 1188 973 1060 1019
N 192
 968 808 1146 1087 1106 1099 1110 1125 1192 1015 836 1190 777 976 1078 1003 1149 977 969 1195 765
N 193
 883 882 1168 869 822 1058 897 940 954 1034 1115 1084 1164 1118 776 758 783 865 782 1000 1017
N 194
 874 958 1132 1012 872 1036 883 972 914 1038 834 801 995 1146 912 1040 1179 985 978 868 1056
N 195
 1081 850 809 767 871 1175 895 835 1011 1045 965 1060 937 804 1067 915 1119 848 864 885 961
N 196
 1196 1073 832 1057 1000 913 921 1075 1144 881 1189 1002 793 1130 1093 915 1062 847 1035 1082 804
N 197
 878 1030 899 839 759 926 834 1130 1119 1159 880 766 1009 1192 853 972 898 867 1193 1174 1146
N 198
 942 985 838 869 1190 1137 840 913 904 932 1130 802 1050 756 786 957 966 1047 919 1147 792
N 199
 867 855 1053 841 815 1169 1051 800 1128 780 1002 994 862 1173 1184 1147 1185 1030 1149 1076 886
N 200
 868 1167 1033 900 805 918 814 1012 1131 1156 1159 1101 923 1008 1138 1047 948 811 1147 772 1083
N 201
 1140 1131 848 1017 1097 1045 940 856 1095 945 903 835 862 1196 1151 807 824 1068 1161 799 756
N 202
 1174 1075 965 964 1019 955 1004 1048 1001 886 958 1054 837 821 806 939 917 1063 994 1024 986
N 203
 945 1163 868 968 1190 1191 923 1009 769 971 1178 823 761 907 1123 929 1055 1099 1074 848 993
N 204
 978 929 1139 1028 1035 917 998 971 1040 1029 832 859 792 783 1185 903 1110 1113 756 1180 846
N 205
 883 1020 971 913 798 955 938 1141 1126 1142 1028 1006 1052 1149 945 995 1031 1154 790 795 1082
N 206
 1178 872 854 853 1099 976 761 1060 881 910 916 963 977 869 1086 900 1025 943 957 827 904
N 207
 813 943 1188 978 833 995 993 864 924 984 1103 1007 854 1134 1013 928 1108 940 1016 1144 1003
N 208
 1047 788 910 911 801 1077 1024 1057 800 1150 1153 1110 1135 1190 958 990 946 793 1115 895 964
N 209
 1031 1016 867 854 1186 871 1105 768 1081 761 968 1080 1168 910 1196 958 827 1018 866 1109 909
N 210
 892 1008 1048 1157 985 1087 956 875 798 942 1067 921 833 911 1195 1031 1136 817 913 1155 1191
N 211
 862 821 1161 1136 881 958 1121 972 820 1099 897 853 863 1053 886 916 1054 1046 908 1072 945
N 212
 1192 979 820 1033 903 906 1176 850 1106 819 1172 902 1031 1043 1145 791 954 1035 960 1048 765
N 213
 1195 985 1056 1129 879 765 857 866 997 1187 1008 806 956 1032 1055 767 899 875 908 1070 1100
N 214
 1143 1034 1007 951 1054 1031 938 942 1168 1116 876 1192 1117 845 1075 1053 1077 767 766 768 897
N 215
 1107 1141 951 875 1118 810 806 993 756 1016 1163 1183 1032 1025 1048 943 761 774 947 791 1056
N 216
 1070 820 988 951 1090 1084 887 963 1156 1071 868 812 1128 792 1135 1163 878 992 985 855 1021
N 217
 903 865 810 1034 942 855 958 960 1031 1195 1026 899 1136 824 915 1019 940 1130 759 827 1030
N 218
 958 999 821 1072 1007 838 804 1068 768 1003 770 856 851 775 1114 1132 788 1088 854 860 888
N 219
 790 1121 835 1015 896 889 999 884 796 756 885 1066 1155 1092 961 810 847 953 995 1062 1156
N 220
 1111 921 936 1163 1081 981 881 1035 1180 1173 931 1015 822 1116 832 785 1141 892 1050 860 850
N 221
 1033 961 1002 1119 916 1151 1121 1195 1127 1049 930 1093 904 991 1071 954 1021 988 965 1027 870
N 222
 1091 951 815 1059 832 919 771 1084 1123 986 799 927 1113 962 764 1109 873 1195 891 889 955
N 223
 986 1090 1053 826 968 869 1184 927 886 1019 930 870 820 1051 1144 1010 1012 935 876 1133 1143
N 224
 1018 1134 1045 836 1000 1166 1047 1127 845 1187 1192 952 1025 930 1151 1177 1125 848 766 1174 847
N 225
 1096 946 993 1168 1022 943 1027 802 996 846 1014 1008 857 1188 957 841 828 1009 791 1176 978
N 226
 993 817 1046 1072 903 947 1062 873 1085 1045 1176 990 980 1031 1180 819 945 957 848 844 1099
N 227
 993 1113 846 1079 763 771 1116 1166 911 927 990 788 1074 878 934 1139 1145 1140 1115 823 1173
N 228
 886 961 866 1152 771 862 941 957 783 892 896 1184 842 805 910 801 1140 1070 826 781 956
N 229
 902 775 1105 907 1144 897 1022 768 889 1068 784 996 1101 957 1071 864 846 1090 1136 935 1098
N 230
 1195 976 1143 886 1070 895 812 858 1165 952 1076 786 1173 957 892 879 1189 902 897 798 1113
N 231
 1023 1107 837 764 1074 1016 789 1031 1025 889 1012 995 986 829 974 970 1029 869 969 770 1174
N 232
 983 775 799 901 917 1194 870 791 808 819 874 952 1068 979 1143 909 1178 1137 894 1057 935
N 233
 1091 885 884 864 1067 1155 1139 816 1174 1117 916 1110 911 783 1037 919 975 1005 1015 992 818
N 234
 1097 824 958 1089 1072 1076 928 915 782 1171 1067 922 802 838 1038 1001 927 1052 1078 1107 1106
N 235
 1050 1178 987 846 919 1108 896 944 1141 841 763 837 859 1054 1115 1137 1157 952 1144 1110 856
N 236
 1032 787 993 905 832 1052 764 931 1041 917 989 1165 780 1066 980 842 1175 1122 1160 1085 1162
N 237
 1022 847 1162 1070 781 987 995 944 1169 947 1020 1165 779 771 810 1016 915 1035 835 1065 1183
N 238
 1182 1130 1191 1088 829 1064 977 909 1072 805 930 765 794 1186 1149 953 815 1110 1156 767 995
N 239
 1041 1160 1175 1078 824 942 795 781 1013 813 976 1188 1149 944 855 763 1014 986 934 1002 871
N 240
 909 787 859 761 999 986 960 1127 1111 1195 929 769 1104 983 997 991 979 862 891 815 919
N 241
 955 1194 1183 1020 1046 1154 932 778 1156 797 1181 977 776 1067 1121 904 792 922 1095 1120 1138
N 242
 773 964 1114 852 1118 804 838 912 807 923 825 1042 1009 989 1146 1056 1063 1010 1027 928 1082
N 243
 1107 1187 1185 960 1055 1196 1186 780 860 922 982 1122 1082 947 923 803 1156 1117 1041 830 1080
N 244
 873 780 1135 975 842 964 1036 904 837 1061 857 1180 933 808 1087 950 1016 961 844 791 861
N 245
 896 946 1025 848 803 1101 1004 1145 889 879 1023 1129 780 809 765 938 1019 859 1104 1074 788
N 246
 1173 1085 1072 811 1011 830 859 1023 1151 1166 826 1093 933 909 1131 1052 1157 1064 824 994 1090
N 247
 992 1182 990 1041 999 1061 826 1059 927 830 866 876 979 1100 882 1165 798 933 1022 923 1006
N 248
 939 829 1149 772 910 781 855 900 929 1109 786 983 1001 1147 1148 1064 1169 1107 1188 795 893
N 249
 878 857 906 1124 904 896 1166 1088 1062 1174 1066 823 973 756 779 1051 1041 1187 1004 937 850
N 250
 856 880 814 1193 981 962 942 851 943 849 841 1081 935 766 866 758 858 1168 1130 1159 776
N 251
 1159 999 842 1164 1103 1143 1158 1165 823 925 1168 1084 974 1030 1087 1161 1040 1066 1139 1002 1071
N 252
 1131 993 757 1187 1188 1086 933 960 985 1037 855 1107 962 756 808 931 832 798 763 761 1184
N 253
 1006 1020 975 1185 889 1071 987 1155 849 1145 989 965 1061 777 1018 960 1146 962 797 1191 1184
N 254
 1096 1118 1087 907 1160 871 1135 798 1039 1168 1104 1059 1165 768 790 967 873 954 1136 942 993
N 255
 1151 1091 1003 933 979 1026 1089 1164 1027 876 1087 1141 874 1172 826 1097 1055 1005 792 941 1077
N 256
 1023 924 904 769 982 854 1134 949 1124 791 1016 1062 1150 832 783 935 881 927 821 1181 1117
N 257
 760 834 803 1155 793 942 807 1180 1051 781 1045 1099 758 1112 1032 1108 857 988 1084 778 837
N 258
 1008 1037 848 838 1005 1185 903 1050 1172 880 765 1084 914 915 1077 836 1000 934 888 1056 1090
N 259
 1143 1088 915 756 970 1135 1079 796 1006 757 882 780 999 934 1094 1018 954 1157 1028 897 987
N 260
 843 928 903 1096 850 881 1168 961 1157 1003 840 1052 787 912 967 958 1047 886 1022 1175 908
N 261
 1122 1086 1113 1170 887 1038 1188 860 1082 892 812 916 1139 852 1026 1129 1104 1124 1146 1027 975
N 262
 778 894 787 1126 1167 1125 1038 756 767 1034 1172 817 851 864 978 1112 793 1134 1141 898 956
N 263
 856 1082 881 1048 845 822 868 1173 969 867 832 920 1101 958 952 1117 793 859 905 930 933
N 264
 890 1148 804 930 882 1165 929 893 1022 1031 1029 996 894 1032 981 1179 887 1063 1155 794 1050
N 265
 797 837 823 1179 1071 1077 989 883 1009 1131 1096 1191 1195 987 1147 888 813 919 1150 842 1155
N 266
 816 865 843 917 983 855 997 847 954 969 899 1113 863 1029 1034 794 1161 1026 868 1151 784
N 267
 1180 914 959 758 1052 977 1127 830 979 895 792 852 849 759 778 1141 1027 998 923 862 928
N 268
 1094 1117 1097 954 919 1021 841 904 1043 769 856 1125 1122 1029 905 1114 780 964 936 943 1195
N 269
 1025 893 1097 1052 1162 898 1157 1108 850 803 993 1192 958 774 837 1127 956 957 1089 1158 884
N 270
 890 948 1196 879 1087 1153 994 1064 792 1163 944 1098 1003 959 1151 1070 771 920 1164 1111 884
N 271
 927 1015 854 1156 937 759 1181 907 867 869 938 772 965 999 787 935 1163 1140 835 987 1064
N 272
 1063 1019 1111 791 983 815 876 881 839 927 997 982 1052 857 860 1103 1105 890 1104 989 809
N 273
 890 1039 950 1037 778 795 802 874 906 779 774 872 1172 948 820 787 1021 1154 1075 929 841
N 274
 808 875 932 878 867 1126 800 968 1131 1172 1195 912 922 952 1013 1068 1038 905 858 1076 923
N 275
 951 1177 1041 1183 991 923 1049 1092 1145 1186 1121 917 843 1033 792 1105 761 983 1031 1088 855
N 276
 991 966 939 1165 834 947 1176 923 926 931 842 1015 1034 1130 1111 1040 1049 1144 1155 940 767
N 277
 1039 1075 785 1144 813 1027 1154 1106 1023 803 764 1069 927 951 930 1058 1041 832 876 1110 819
N 278
 1075 881 890 929 972 1093 997 776 1024 907 1158 1177 838 764 879 1138 1183 849 892 1045 908
N 279
 1118 894 1111 789 934 1161 991 880 986 1020 824 1006 1104 972 927 1110 803 760 1136 1060 1039
N 280
 909 832 883 991 935 1064 1052 856 1034 812 762 1008 1124 1135 872 916 876 1173 1039 1193 1010
N 281
 1113 1170 852 831 999 1182 927 1188 1029 1111 914 989 1014 1156 1077 759 1098 940 932 959 997
N 282
 861 842 763 1172 883 1067 775 811 882 1008 898 1039 971 769 941 1066 1026 814 925 862 786
N 283
 1060 915 1001 982 780 1107 1038 1117 1005 1059 808 884 945 1125 821 1016 824 1053 986 926 787
N 284
 1156 1034 886 776 820 1152 771 1154 930 1183 826 1181 795 1126 852 1119 964 815 1131 1055 1167
N 285
 906 918 988 850 991 973 1004 896 1047 1148 872 1175 939 932 983 801 1153 1042 990 1018 777
N 286
 940 1070 885 923 983 895 985 1157 874 1056 1176 1096 939 830 972 788 873 823 767 1121 944
N 287
 944 1020 1154 774 1127 1185 1134 764 920 913 969 895 946 1010 1021 1066 1092 902 1047 785 1191
N 288
 976 1156 1035 762 878 1006 944 1172 1189 1151 859 998 991 777 1031 967 773 970 900 1062 839
N 289
 878 788 1190 1094 851 1042 915 1017 1003 1092 1074 823 907 1102 808 1076 857 1152 906 785 945
N 290
 960 1147 1096 1037 887 1061 874 1098 1082 1166 1097 947 1120 1029 1090 1175 1106 987 829 920 781
N 291
 959 1153 1154 761 1102 855 925 1060 797 1180 1031 759 1054 946 950 937 1064 986 1026 1098 851
N 292
 1190 922 914 1118 1029 881 1022 1087 1040 1139 817 1031 783 765 794 1010 900 846 907 1081 1140
N 293
 763 992 824 1025 991 1153 790 900 911 1026 1102 1043 1012 803 1130 924 994 1060 1069 931 1065
N 294
 1034 1156 929 928 1120 1170 968 1100 1061 1050 912 1126 837 1010 904 1068 1066 940 846 971 932
N 295
 995 978 1189 1110 1025 1065 1019 948 761 872 1114 830 776 883 1037 1155 1192 756 797 760 1182
N 296
 888 989 1080 981 884 787 777 1027 806 1088 1167 1178 799 1146 797 968 994 1035 851 1109 838
N 297
 1156 1188 827 1162 1098 1077 1177 1060 793 878 974 816 868 819 842 830 1113 774 898 1127 877
N 298
 1148 891 930 1104 809 796 1058 1078 825 1025 1063 970 800 980 963 992 1169 1119 1036 1054 1140
N 299
 952 1155 787 1180 957 1102 1001 772 973 1066 1073 1040 1165 1005 861 933 877 783 809 1091 1015
N 300
 1043 926 884 892 813 899 1022 1009 787 1152 962 1175 1083 773 964 1074 797 924 963 1159 769
N 301
 775 807 1120 893 1115 1177 1109 883 961 1190 772 1067 1196 1173 777 782 922 1111 975 1161 1128
N 302
 975 1099 1131 998 970 1163 1025 1051 1114 1190 1192 977 1065 939 1021 828 1008 1145 902 1080 1112
N 303
 937 780 872 961 895 1108 993 1064 1025 812 1027 916 963 855 802 760 1169 867 1133 1153 947
N 304
 761 803 980 861 976 1033 1186 787 766 904 1050 992 1101 1140 996 875 866 844 1053 1067 763
N 305
 937 1001 1148 1183 773 771 778 952 1106 890 1073 1111 1177 1091 1145 759 1029 1117 898 1061 1138
N 306
 863 955 1097 1150 1183 1121 910 896 787 930 993 898 1192 855 1096 901 935 1171 847 899 821
N 307
 1108 987 1184 836 1193 1034 1129 1154 807 759 1089 859 970 998 799 1085 1188 1185 1048 882 1192
N 308
 802 1032 994 987 984 795 955 769 908 948 1170 1037 806 1012 1156 813 981 862 979 1084 930
N 309
 794 805 1037 839 1162 1155 954 1016 829 903 1109 905 1072 893 1017 757 1183 867 909 941 799
N 310
 845 768 1100 881 1128 1074 1162 786 909 961 1135 1047 1027 850 818 984 1177 1182 848 960 1035
N 311
 805 799 876 928 1150 1181 1143 978 779 862 1106 800 775 783 1021 789 1107 827 1155 1047 858
N 312
 788 847 873 1110 756 870 1004 853 1029 869 1127 1151 1156 877 927 1084 1071 768 924 903 833
N 313
 1195 844 856 988 992 1070 885 863 1043 1185 1171 774 946 1177 1106 876 967 965 813 864 900
N 314
 826 903 1008 921 1128 836 1082 1150 1086 871 967 785 986 944 790 905 762 782 890 936 1053
N 315
 914 925 1151 920 1007 1182 891 918 1147 1163 933 798 1172 1130 807 828 912 1137 877 965 1157
N 316
 930 834 894 1183 1174 932 865 884 803 924 881 879 805 1056 850 770 1102 1066 1180 841 1051
N 317
 1129 1030 956 1090 1191 759 1082 849 811 932 1054 994 775 974 1113 798 788 1153 914 918 1105
N 318
 890 1012 883 1131 1177 920 973 930 1185 802 1190 892 992 1064 1147 1152 816 830 1158 886 835
N 319
 1006 843 944 825 818 1087 1095 1056 1072 1179 1026 761 955 1127 1030 934 940 871 911 1017 1061
N 320
 1107 1059 801 893 1035 852 905 1072 1011 972 945 925 834 777 961 948 920 823 1146 1149 1163
N 321
 785 836 983 1046 981 1175 844 1163 809 1056 1192 838 1102 815 867 828 1002 1146 887 897 988
N 322
 1100 1187 916 1122 895 825 1161 934 789 1097 809 1179 827 1146 891 1006 792 977 838 1144 912
N 323
 1130 1188 939 976 957 1029 765 1014 991 1166 796 1024 1158 946 782 812 1047 1162 973 1114 1016
N 324
 1136 786 951 794 1141 859 809 902 1025 776 813 799 1086 766 1029 1165 1102 1164 1192 1143 1180
N 325
 1159 792 914 1006 1050 1000 824 816 811 1112 1164 767 1151 899 1057 1181 877 1044 842 1175 1035
N 326
 857 979 998 945 1182 1177 1149 1189 1190 864 1053 1001 876 1050 964 976 1195 978 868 1095 1094
N 327
 1166 808 1033 995 1018 1056 1133 951 800 926 891 872 1147 885 923 796 875 862 1062 892 876
N 328
 1116 1158 1047 1023 1114 1156 867 976 888 935 829 1167 1040 871 819 1119 959 913 950 798 930
N 329
 757 810 891 1064 953 833 853 847 1110 1050 874 780 1047 823 946 842 808 875 859 1145 913
N 330
 1112 1014 1163 1124 937 864 972 813 1176 1028 958 868 817 1173 954 875 1000 1025 880 771 793
N 331
 1043 760 1173 1056 933 837 985 866 962 782 1091 844 881 1179 925 1021 932 1121 777 970 941
N 332
 941 981 1020 962 938 1072 925 1112 1094 937 1045 1128 1138 1133 1188 1175 1159 967 919 762 943
N 333
 839 1040 970 1005 821 846 1147 860 867 1187 916 1030 1133 805 962 819 850 847 1094 772 856
N 334
 938 836 1104 1080 1075 1015 1132 811 1005 840 766 946 1012 872 854 1081 943 1022 1134 1056 931
N 335
 769 1001 853 875 829 950 894 781 1058 777 826 1040 809 936 925 835 1160 1137 883 1107 1030
N 336
 952 977 795 788 841 938 989 1125 1053 957 830 1017 878 771 818 817 1021 986 904 968 1007
N 337
 846 1149 1066 840 1152 1009 990 1195 1062 781 994 775 1130 1118 1053 784 901 956 1018 766 836
N 338
 1177 1005 1135 937 962 1133 1045 1013 817 1150 784 813 832 1010 1163 1050 1117 1143 861 875 1058
N 339
 988 1109 918 1061 925 1020 984 959 861 800 1128 849 798 1096 1140 910 1016 1083 1067 803 1120
N 340
 1067 965 1024 1033 880 1184 846 933 1089 918 1190 1070 887 782 1160 1103 888 1044 801 1036 1118
N 341
 850 922 1038 1182 959 954 1190 992 1194 1168 1094 810 996 1181 1164 1082 1004 966 764 799 1076
N 342
 917 1172 1143 1101 957 1155 1120 885 844 1078 1184 991 974 920 814 1045 967 937 938 820 1171
N 343
 827 895 1016 1027 1002 808 920 814 1021 793 824 778 924 863 1014 813 872 899 1049 912 821
N 344
 976 1179 877 807 1190 772 798 1149 835 1116 1093 967 757 939 815 888 998 1169 916 1158 876
N 345
 769 953 926 1183 1079 911 824 1047 998 942 948 925 980 1089 1181 939 906 866 898 1058 1096
N 346
 764 840 1047 981 807 899 1178 884 824 921 783 965 1026 984 773 768 866 762 1141 819 966
N 347
 983 1050 1071 802 913 849 772 1045 1065 1020 936 836 1010 1134 782 791 1063 811 1170 893 1070
N 348
 955 975 1183 1015 973 889 773 1123 1152 1173 1086 1189 1188 1134 1103 999 1069 1046 807 847 1056
N 349
 888 894 828 821 815 869 891 927 798 817 1005 1033 964 898 829 777 1089 1043 1159 990 950
N 350
 984 978 1190 1063 982 1016 833 1024 898 1155 949 1029 891 1153 908 866 1158 999 1123 1166 815
N 351
 1066 1013 1121 844 927 1007 1137 802 885 807 1109 902 1027 982 966 975 968 990 1008 1158 995
N 352
 1110 994 869 962 1043 832 973 1165 785 1090 779 804 1038 1022 756 1059 837 1158 1161 892 851
N 353
 899 842 901 1185 1087 793 896 1017 941 1049 892 1000 849 807 946 998 1122 1151 965 1078 858
N 354
 1123 1092 787 994 873 865 1136 977 1044 988 1116 938 1069 1182 903 1079 1001 1166 1002 1100 979
N 355
 858 1163 822 1040 980 929 1007 759 824 927 798 1092 777 1052 889 900 1019 1115 811 1175 1006
N 356
 989 1098 940 1124 962 861 818 843 1102 1042 891 761 767 1149 1018 1103 1011 1026 1127 1174 1063
N 357
 833 1179 1147 1017 880 1103 779 781 895 807 943 876 845 1045 1111 1074 1055 918 1069 1129 1164
N 358
 1181 781 841 952 839 808 874 892 991 762 1157 847 1121 903 1115 1057 1048 1049 986 927 994
N 359
 992 763 1003 1084 1091 792 896 1104 968 1013 803 770 1189 781 950 907 1075 877 758 1076 1002
N 360
 1159 843 1039 1053 1187 765 1103 803 762 969 1153 815 1141 1107 867 1016 810 958 1090 834 1028
N 361
 759 1161 1056 909 804 912 1083 776 945 1132 996 883 769 789 1106 921 1170 969 827 1078 873
N 362
 948 1187 1114 955 1171 934 1022 1088 909 1150 1122 861 1049 1059 1006 832 795 875 998 930 897
N 363
 1192 1060 801 956 837 1160 852 1033 995 909 810 1169 1144 1018 1113 1154 1097 760 915 1156 789
N 364
 774 1108 1064 799 1091 1078 873 1083 939 1112 872 871 835 1123 1057 1102 858 772 944 949 1144
N 365
 946 1059 768 918 1047 1073 1176 823 1023 1083 1085 1093 766 905 799 1048 804 863 1168 826 915
N 366
 968 1053 935 1169 1161 824 928 971 792 977 804 840 980 1049 1097 789 852 997 794 995 1001
N 367
 1185 856 1098 896 852 935 1144 1002 1021 1196 1186 813 958 1105 874 834 932 786 1179 1110 971
N 368
 850 996 917 907 897 1129 860 875 1026 1068 1135 791 1191 999 1007 1074 1016 941 870 1004 890
N 369
 811 779 841 959 1152 1040 971 846 1041 860 819 951 877 1000 1106 845 1141 1124 849 896 1026
N 370
 941 1129 919 1044 950 761 962 814 1031 1133 996 1122 1136 1140 1179 1039 1077 1001 879 784 1082
N 371
 926 997 1054 977 970 1005 976 1029 1149 764 1128 843 1073 817 761 1023 1032 1090 782 1055 773
N 372
 1007 800 884 959 870 869 994 831 818 1074 802 1060 1141 1188 1160 947 939 921 761 1178 977
N 373
 1111 979 923 867 758 855 977 978 938 1144 1186 869 886 803 981 883 814 921 782 951 1049
N 374
 845 889 1194 799 898 992 895 816 1145 1038 883 1103 1086 827 1072 1135 860 798 1174 791 1148
N 375
 947 1009 1180 1085 804 843 782 806 905 808 759 830 1190 837 912 1145 1050 884 1086 940 848
N 376
 1092 896 892 915 999 1015 1117 983 1136 990 1164 978 1104 1032 837 903 870 826 1000 907 1026
N 377
 838 1071 1041 1125 1009 835 779 775 1096 844 1120 1019 868 1137 1080 1084 895 1051 967 1006 1159
N 378
 1196 1084 1077 1158 822 898 803 937 1054 928 820 1115 788 859 1167 1137 1044 1080 966 777 1069
N 379
 832 906 1196 1108 887 788 1136 1003 1134 940 1033 1155 1006 1041 898 1062 908 959 1143 757 988
N 380
 1079 862 1017 971 949 969 1114 1087 964 867 765 898 1113 947 779 943 1089 872 1084 1078 857
N 381
 925 877 1129 1180 1162 773 863 918 1188 954 934 903 762 1052 989 961 1104 1019 969 854 810
N 382
 1135 767 956 1051 783 938 1018 1016 992 890 1014 949 908 1004 977 858 1097 838 881 771 895
N 383
 785 840 1045 1117 910 1158 1138 859 853 1164 965 810 817 894 1130 858 1171 819 1168 960 967
N 384
 1052 901 960 796 757 774 1183 1000 820 1079 1051 1172 910 1071 902 1162 806 833 1107 959 776
N 385
 813 974 1049 980 1024 1129 1069 1147 894 1186 803 983 1073 861 819 789 1157 826 1008 781 768
N 386
 805 815 1038 818 1140 1141 955 1171 854 1089 793 1008 976 763 802 1181 1074 899 874 941 809
N 387
 1109 1103 1141 799 1077 1070 1024 757 771 1005 1095 908 1059 1190 904 937 1094 827 1137 1030 1147
N 388
 1098 850 1122 1049 953 1030 841 1010 1142 1104 1112 985 1065 1092 1073 903 1044 928 1012 760 993
N 389
 1051 887 857 1167 1109 867 913 1020 797 997 912 1034 899 1182 758 886 1140 794 1189 823 842
N 390
 976 983 777 758 956 981 772 765 1008 874 899 1089 947 1135 980 1162 1110 844 1107 1060 1057
N 391
 759 1107 1015 1102 853 761 1085 1143 951 1075 987 940 783 849 1074 825 970 907 988 1076 924
N 392
 860 1033 1032 871 1178 939 1171 1141 864 922 905 1179 1149 1084 796 1043 1195 959 963 831 845
N 393
 940 873 1122 823 932 1086 909 1080 800 1195 1194 814 1016 1034 852 1169 770 1133 834 856 921
N 394
 980 1141 890 1081 1111 914 1104 908 1091 790 1148 764 1120 853 1108 816 1042 813 979 1018 881
N 395
 961 886 966 1161 893 981 833 1081 1157 785 978 1106 1179 1012 932 825 1098 798 1072 781 1124
N 396
 893 1056 1140 1116 888 800 950 880 1028 1078 861 767 932 764 911 771 970 1099 921 981 1020
N 397
 1075 829 1022 1073 1010 1131 918 831 982 1001 943 1061 1145 1121 852 803 1081 1187 1028 843 834
N 398
 1035 823 855 824 826 942 1174 1046 773 795 915 1036 964 987 853 863 1133 879 1052 1006 910
N 399
 980 954 966 863 1176 1041 765 773 1108 929 844 766 867 910 1103 870 830 1150 963 768 1146
N 400
 1146 1055 795 762 915 787 1113 939 1160 1177 914 1163 1187 1042 1150 1093 1122 1142 993 924 1166
N 401
 1148 844 1126 1063 1100 1054 805 1115 859 757 787 806 880 948 933 1116 892 1086 1135 828 770
N 402
 819 873 829 1063 1110 879 1119 849 875 932 1093 1157 884 952 1016 983 926 1100 1115 782 961
N 403
 1099 1011 1074 1171 1006 793 1082 974 1189 788 932 770 845 1093 1144 1120 844 1140 1001 778 988
N 404
 941 903 1033 880 1193 1122 923 850 1094 1180 1112 1194 1062 1085 938 971 1082 928 898 1020 889
N 405
 796 1094 801 830 985 1150 1042 773 898 1171 911 1143 1180 1133 1078 943 1036 875 1012 866 1142
N 406
 980 1017 1195 823 1084 849 769 1040 1078 1069 784 1004 874 877 924 798 1092 1104 911 1060 913
N 407
 1189 1050 997 880 1071 1049 1128 1087 1007 799 1103 962 893 783 1018 1108 881 1109 1129 1126 983
N 408
 1172 772 948 924 850 1048 1121 833 775 860 820 985 800 1141 927 830 1114 901 784 923 866
N 409
 1141 851 843 828 983 877 848 1047 836 892 821 1121 1114 1126 1037 873 861 948 977 1181 1078
N 410
 1011 1039 896 1176 1014 791 1152 831 1075 1161 948 1157 1129 1051 964 796 959 996 921 1013 811
N 411
 1028 892 1019 760 978 844 985 1022 769 1105 1137 1040 933 778 936 989 1042 789 1011 1058 874
N 412
 985 900 967 1184 817 1069 1112 1012 856 1030 835 994 857 949 1007 1175 1047 1034 1151 980 996
N 413
 964 963 994 885 888 1077 768 775 788 835 762 767 818 758 892 1136 989 1168 1185 1030 1095
N 414
 1050 863 1066 1006 1021 1068 855 1141 1081 1135 825 888 879 777 986 1026 913 1078 958 774 911
N 415
 797 1063 952 853 910 857 1035 779 811 995 815 1079 986 838 889 824 843 1048 1074 1064 826
N 416
 1006 923 956 986 1064 811 961 936 1022 1004 886 1168 919 842 1074 982 779 1082 815 1036 1000
N 417
 762 1116 1190 805 943 931 806 998 971 1101 1122 1080 770 846 1182 1132 1009 1157 1165 1059 1087
N 418
 1022 937 982 979 967 1129 910 865 1089 987 907 861 1112 816 1079 1189 954 1109 796 784 857
N 419
 1035 848 856 957 907 1073 1011 1038 1111 949 928 1138 1113 867 926 1116 1021 932 775 1178 788
N 420
 1099 1186 1065 1063 879 815 1133 909 869 831 876 1125 783 852 805 830 1150 780 968 776 948
N 421
 945 1176 837 867 953 968 922 845 1015 1172 1030 1056 1054 778 807 1133 871 1100 1016 869 1150
N 422
 988 1141 894 1074 1181 1054 792 1144 930 972 953 1038 1148 1043 812 1140 1060 1069 1002 1171 1013
N 423
 1170 1121 763 1181 816 1110 774 757 1024 797 771 962 1060 879 1029 1083 1195 908 779 1131 823
N 424
 889 782 785 1110 1102 860 1033 797 1173 1103 1071 934 1008 1061 772 1107 813 810 1124 874 921
N 425
 807 787 1178 1115 849 1111 915 839 917 905 885 1185 1098 1024 854 978 1023 993 954 973 961
N 426
 810 841 1067 1019 987 988 1146 872 973 1119 776 849 1045 885 878 1162 1110 1031 851 796 1100
N 427
 833 1057 849 776 1108 898 807 809 853 903 1102 1136 1117 762 1107 923 805 1174 1049 820 1139
N 428
 1169 805 936 860 946 1028 1192 775 1082 806 867 1161 920 1089 955 909 1081 1054 1062 904 914
N 429
 1104 895 791 798 987 1130 1147 780 764 842 1193 1077 862 1028 875 820 918 1032 931 915 1013
N 430
 913 897 917 930 794 939 874 887 788 928 766 785 902 1091 810 1194 1118 1004 938 992 854
N 431
 802 1170 767 815 991 888 919 1053 981 1119 1024 1076 1010 1039 1115 898 833 804 806 1142 1100
N 432
 853 764 980 863 795 1184 946 768 1078 812 1162 1155 771 1018 976 996 1091 948 965 1043 834
N 433
 1174 1186 955 1195 1139 977 1107 854 976 873 1124 1106 1185 1095 842 1064 767 1133 1189 1009 971
N 434
 824 1189 1165 1001 993 792 1065 775 844 944 1007 1031 1164 900 797 770 1017 816 1108 950 1078
N 435
 881 875 999 1177 855 965 910 1178 1032 889 887 779 1169 872 1101 979 865 798 825 1097 1127
N 436
 855 1125 972 1045 933 961 991 1037 1008 776 927 884 759 796 1024 1046 856 979 768 1122 808
N 437
 1053 990 794 1162 1115 842 894 944 964 1031 829 925 834 858 1094 857 1171 805 900 952 998
N 438
 938 1140 925 1160 1131 837 932 944 895 866 1086 809 879 958 1076 936 995 922 793 880 779
N 439
 820 919 992 1102 1027 1007 1104 983 972 778 1061 981 1163 1025 1149 1155 984 1063 998 887 1177
N 440
 1062 1000 839 1102 876 1125 903 926 821 1067 859 1143 975 1058 833 873 1100 966 844 1137 1188
N 441
 1028 911 1002 1039 1149 973 913 1023 1094 862 1070 839 995 898 1167 802 1059 1132 1081 1138 1046
N 442
 979 982 812 1002 793 820 827 877 778 1081 837 1042 1129 879 1142 1069 815 1137 995 911 791
N 443
 974 810 763 779 1003 1035 961 1059 767 1086 861 1182 789 1005 835 796 1194 1052 975 1188 1031
N 444
 785 876 1166 955 887 970 1114 1106 852 828 801 891 886 771 860 790 969 865 1125 809 1082
N 445
 1157 1055 865 1063 756 997 883 972 944 809 1009 874 992 958 1148 1036 1117 926 1093 1184 951
N 446
 1031 904 1178 788 1119 1038 1118 886 883 766 1144 1153 1086 900 1145 829 1194 780 1159 882 916
N 447
 955 1093 1058 928 879 1057 792 811 1086 877 1117 1110 973 776 1007 1039 930 890 819 915 981
N 448
 756 911 889 1151 888 1032 906 769 1171 1069 1064 1165 969 1075 1051 1123 825 984 1101 1011 1086
N 449
 963 1082 1116 1044 961 982 819 1005 1156 1153 917 914 821 1011 805 879 916 828 1128 1021 981
N 450
 1004 809 1151 1090 1160 1106 889 1121 851 926 866 816 772 1152 769 843 1000 859 895 1042 1078
N 451
 855 975 1062 1169 780 970 764 1008 1088 948 790 1076 1000 961 837 836 866 1049 1045 810 1187
N 452
 803 1147 920 1125 1175 1131 1065 788 1060 793 1124 906 1181 1040 1042 1126 1128 1029 1071 1049 775
N 453
 792 799 930 1019 825 1173 890 984 771 852 909 923 783 1055 1083 957 949 1086 1179 959 1147
N 454
 1072 808 990 857 986 978 788 1042 907 1098 1173 1176 1165 922 826 909 1083 859 969 792 827
N 455
 807 974 887 978 830 1083 956 1153 1060 804 916 920 1114 1072 1077 782 1116 1037 908 864 1098
N 456
 859 1086 824 863 1079 1152 1038 789 1193 794 1039 944 816 1057 797 927 1011 1033 1017 1004 1058
N 457
 1056 918 777 1120 1072 818 1154 1187 786 1061 775 871 900 845 878 891 830 920 1155 929 1003
N 458
 761 969 1134 916 1135 1090 1173 984 1110 870 1045 766 930 1156 1091 757 1068 1107 1052 1146 955
N 459
 952 823 826 1057 768 883 1072 974 999 954 1068 1062 859 1023 960 1060 1124 981 828 1162 987
N 460
 1182 1101 1104 773 848 884 872 1001 767 891 1011 907 971 886 1121 854 882 856 944 1095 787
N 461
 1053 904 861 943 1112 899 1074 871 807 908 997 845 924 1102 909 902 870 851 1191 993 860
N 462
 866 760 1034 934 921 829 1135 846 783 809 1120 987 804 1053 1121 793 811 1069 812 850 1179
N 463
 1145 1174 989 772 1107 791 958 845 1109 880 1128 765 1085 1066 856 1182 1037 1144 883 1097 1006
N 464
 803 1071 883 897 1173 1170 945 1048 812 872 964 926 925 998 801 768 1090 946 778 809 1193
N 465
 958 1002 1030 819 1128 982 935 907 1061 1115 1143 977 1142 957 1033 1151 1124 1154 1095 1172 806
N 466
 1002 796 780 956 972 1056 859 936 787 1054 758 908 843 821 1163 871 791 1084 905 1147 1154
N 467
 1086 1048 1110 989 899 1068 773 802 1131 900 1060 1010 1100 1144 1021 1053 885 896 1111 779 1150
N 468
 1118 1015 1014 976 912 1082 784 911 1050 1139 1191 1138 843 822 886 1194 874 972 891 965 1168
N 469
 1169 1092 1064 1132 1165 1147 959 819 757 870 1078 913 1034 1140 821 1006 884 1146 865 1003 775
N 470
 907 1189 899 1163 795 909 930 915 893 971 1079 874 1165 861 1083 1100 812 848 841 1161 1174
N 471
 962 1092 1167 912 995 973 1019 908 1139 981 913 1081 764 892 933 878 873 857 1089 1118 1158
N 472
 961 1180 909 979 934 814 862 1054 832 1179 851 896 802 1077 868 1177 1035 928 1020 959 1001
N 473
 926 1146 1100 1046 944 931 863 1183 902 916 976 774 1095 793 1045 1104 1067 973 1035 940 1059
N 474
 867 1174 1125 970 1036 787 816 1171 1059 973 1011 1066 1115 1025 1157 1112 966 1120 1085 812 1013
N 475
 806 972 1030 869 1096 907 829 844 916 781 835 877 790 923 913 1114 926 1012 1065 1162 1139
N 476
 1180 917 938 933 1166 881 858 834 902 846 1066 782 1002 1020 832 1145 1179 1102 871 877 1037
N 477
 1139 1071 822 782 872 1119 908 871 954 761 793 884 785 893 1113 985 1058 846 881 990 1021
N 478
 1172 864 1118 1173 976 1010 972 890 812 840 766 1074 1156 950 859 894 910 947 1189 968 1193
N 479
 1121 890 956 961 832 1103 1147 978 1193 993 809 766 1017 906 813 1076 1138 1007 1107 773 1132
N 480
 806 983 1082 988 897 1020 1074 954 1133 904 1142 869 1023 1125 811 998 985 894 831 1114 1012
N 481
 1075 885 982 766 799 1188 980 1105 963 787 870 1125 1003 1070 1083 894 1137 796 1013 834 791
N 482
 813 762 1140 1138 1191 1004 1171 1085 901 1000 1142 840 1066 881 867 1099 853 980 1056 1162 819
N 483
 1051 874 1022 868 838 944 1120 801 1088 970 1184 840 1160 1106 963 829 1009 889 982 1159 943
N 484
 1076 787 853 859 1031 1079 891 854 786 1096 1138 973 961 1098 847 919 800 1182 1161 872 1067
N 485
 1044 1106 918 953 961 1137 782 790 1045 893 1049 797 1061 968 1092 1105 831 1029 1058 762 765
N 486
 943 1080 1089 881 923 786 790 876 1082 1182 1183 951 823 1008 1092 1026 1113 929 966 1060 933
N 487
 962 807 1097 1144 1103 975 1003 805 1091 1195 1081 1027 955 1146 758 781 884 940 981 845 859
N 488
 936 1093 893 777 792 766 1167 815 931 772 858 899 1177 798 954 869 937 1041 1163 859 1082
N 489
 991 834 805 1087 984 773 1089 1094 1173 1068 1002 781 889 1159 1170 1014 1082 993 1124 911 944
N 490
 947 1100 835 1149 906 1108 893 949 788 1049 822 970 1079 1072 934 1122 1113 1080 1052 1044 763
N 491
 1007 820 901 869 1112 1161 883 838 931 989 828 1016 1023 857 1168 982 1158 923 909 1123 991
N 492
 921 1062 895 849 983 1112 1027 1080 1026 1155 898 1022 856 1037 1133 854 1005 844 943 1181 796
N 493
 849 900 846 1164 1145 776 1130 923 914 1121 1040 975 1014 972 838 911 1142 1059 865 1020 764
N 494
 1149 1136 927 1042 847 1010 904 1144 1111 910 1048 1128 1138 892 845 1170 821 914 857 804 1075
N 495
 820 1008 883 846 1098 866 904 890 1137 911 998 1039 769 1159 1119 997 1128 808 1138 1181 944
N 496
 1081 924 993 815 806 785 853 1054 1132 779 759 828 861 1117 1012 787 1173 1108 827 1099 1119
N 497
 1011 1108 1167 1039 984 793 1044 876 833 905 960 1132 918 1147 1152 796 818 1080 1006 1082 929
N 498
 833 896 1100 791 1074 1171 1150 843 834 813 825 948 961 1024 1069 894 1146 1014 814 1048 1117
N 499
 878 1027 854 1080 1182 865 1115 1183 888 1180 980 899 1071 864 920 895 994 833 795 1084 756
N 500
 1174 960 783 970 1047 1104 1169 917 873 775 1079 971 979 966 1080 781 1175 784 768 932 1138
N 501
 1089 934 794 856 1108 1193 863 1034 967 1029 937 1113 928 1132 775 769 766 942 785 1170 1028
N 502
 1193 806 777 1072 984 1093 1064 1098 869 778 1008 764 1084 996 915 1012 931 942 934 990 997
N 503
 841 1133 1130 855 1013 829 1195 774 1127 1073 1077 775 1041 816 1065 941 803 994 1096 1015 1066
N 504
 1145 1177 1052 853 1003 1182 918 1009 773 820 1070 1191 1163 896 847 779 1054 1058 1046 1192 778
N 505
 901 1123 812 1052 1075 799 983 1147 1187 1126 1011 863 1040 795 788 1017 1089 1106 986 1193 1183
N 506
 819 764 799 899 1026 779 762 956 1039 1035 941 1108 1184 1021 1154 1012 880 848 813 760 807
N 507
 1150 760 1155 887 1092 1036 829 943 1181 1065 1127 1176 787 858 907 1111 978 793 927 795 888
N 508
 859 1122 1046 958 956 823 782 1160 1080 984 1103 799 1092 1094 862 871 1158 1023 824 864 942
N 509
 973 814 1150 878 781 1119 1151 986 1191 1069 1098 1056 1004 915 935 1145 1123 990 840 1033 895
N 510
 827 1054 804 800 968 1190 957 874 846 1142 1165 860 1088 1025 891 966 839 844 886 851 1079
N 511
 922 896 1151 835 873 1001 1160 875 812 1014 774 806 788 931 935 1156 868 772 903 867 1019
N 512
 896 1182 1119 922 1111 1165 1160 975 930 873 915 1107 963 1028 880 803 912 841 802 838 923
N 513
 1027 877 1145 1056 1123 1041 1053 1021 965 1010 882 937 908 866 964 1153 782 993 935 786 819
N 514
 974 1135 896 893 789 1028 1057 817 1133 1184 1054 1145 953 820 883 769 850 802 1034 987 1156
N 515
 1085 1143 911 1168 1144 1093 942 996 992 842 953 934 825 968 916 1011 864 831 1057 1037 1105
N 516
 1163 1162 924 757 1045 778 912 871 996 1128 797 966 1008 1184 777 954 1041 957 1122 1127 885
N 517
 1147 1091 817 782 828 876 1061 1092 1044 1186 1096 1111 1011 1054 824 910 1059 1095 1107 839 800
N 518
 861 1035 873 1120 974 1075 907 1000 886 960 969 961 1130 1162 1041 1154 988 1191 924 812 1123
N 519
 1015 1148 1145 935 1032 1016 938 1186 1030 868 896 984 1019 929 792 814 1036 1072 1037 956 1052
N 520
 900 795 1027 837 779 1068 1015 1109 971 1021 1181 781 857 955 1105 874 1089 960 1058 934 1053
N 521
 1142 850 1037 1002 785 899 963 889 1123 881 1104 784 945 908 1034 1127 812 951 998 1164 930
N 522
 796 1118 1190 1169 756 1039 1044 887 895 860 1163 889 808 931 915 1180 807 1026 991 1156 824
N 523
 801 1013 916 941 997 1072 1144 1131 1025 1152 790 933 759 1077 1133 977 1188 1015 767 1130 1048
N 524
 1120 946 807 1161 840 923 887 996 832 1054 1064 879 863 1030 867 1114 906 1157 959 1023 1001
N 525
 1049 839 780 966 968 1032 864 777 806 799 1163 1102 930 1132 1094 1014 1170 948 815 802 840
N 526
 885 978 1157 968 973 955 898 886 847 911 797 922 1013 883 808 1027 896 822 1146 1177 1071
N 527
 1154 926 1142 856 855 1114 1184 969 1038 1065 776 990 984 975 1159 1084 905 1183 895 888 821
N 528
 855 1120 806 825 1032 1093 914 772 1155 795 1060 916 1126 1094 822 956 925 934 926 830 804
N 529
 834 884 1007 1057 918 1115 830 1003 882 1077 821 760 868 782 781 777 1055 829 874 983 764
N 530
 889 990 835 1076 1184 1119 1105 782 1088 1045 1051 918 767 1115 818 1092 1005 870 1173 887 1166
N 531
 840 823 820 1192 946 1172 898 790 900 756 826 1075 1062 778 992 863 1038 1103 931 896 1176
N 532
 844 1105 757 951 784 1104 787 876 1190 863 1128 771 1009 858 777 1123 943 862 921 769 807
N 533
 875 769 968 1051 868 947 1046 801 776 827 852 1152 791 778 1119 1034 1008 885 1057 1065 774
N 534
 1095 760 1019 1009 943 1160 825 1055 862 1041 1039 1058 1145 947 835 1139 917 1078 1102 1077 1098
N 535
 899 805 1145 864 1179 957 800 1035 810 1173 865 1172 801 860 1052 894 762 1019 828 1161 795
N 536
 980 967 975 888 896 1028 807 1175 800 1070 786 798 779 939 1040 904 989 913 1162 1064 1134
N 537
 981 1190 907 941 890 766 831 871 938 807 849 894 912 1117 773 992 1062 1095 774 898 921
N 538
 1116 846 1151 1165 1038 863 1084 988 783 923 850 1172 939 1171 1085 1196 1174 954 1095 1107 900
N 539
 808 1017 919 933 1013 854 762 830 1174 1090 1086 757 1064 1083 897 862 1192 1046 1116 1154 894
N 540
 902 912 1179 814 982 911 1124 961 1089 928 844 945 838 761 887 1032 1099 947 868 1092 1172
N 541
 1125 1083 789 838 940 1135 780 1042 1074 989 1134 871 1193 1085 1194 813 1057 975 928 1093 1186
N 542
 852 839 1046 949 934 1159 879 967 1023 1043 1024 1184 785 896 778 1041 1167 1125 1021 1045 1187
N 543
 963 759 1027 990 952 905 833 896 880 937 768 774 1061 869 1186 971 807 1029 1051 822 894
N 544
 834 759 802 960 1013 932 775 901 1148 1161 810 814 928 1048 1149 1072 1057 994 968 797 1069
N 545
 841 1170 1068 867 762 1174 958 797 965 947 1079 1010 1031 804 1060 1059 988 830 1095 920 918
N 546
 1124 806 1165 870 945 960 1118 1034 873 942 758 1148 893 1161 1059 905 780 1056 896 901 1022
N 547
 874 932 1095 1118 990 1116 811 816 924 1029 1144 976 926 764 925 1004 1028 1019 790 849 1187
N 548
 1010 764 1149 1063 852 1179 1099 1167 986 782 1150 963 995 978 876 904 939 1078 1017 814 873
N 549
 1119 853 1019 1192 971 765 1128 1196 1027 1000 836 854 769 1038 1084 1006 947 784 918 978 1165
N 550
 986 1033 915 1120 1171 1075 1177 919 797 1124 1178 950 828 981 901 857 1080 1109 764 835 1071
N 551
 1106 1096 899 1108 869 1116 1028 1112 1036 950 1126 882 909 846 1046 843 988 810 1063 985 871
N 552
 804 1004 1144 927 1039 1109 1120 906 756 1083 1091 856 1001 970 921 762 1174 1025 1076 1081 903
N 553
 1003 977 897 813 760 1140 900 993 969 1084 1185 831 1173 992 965 1038 1174 1025 812 1071 893
N 554
 939 891 1108 994 1113 1142 790 894 1067 978 1130 987 1092 1066 775 851 1194 821 1187 1085 1084
N 555
 959 768 975 818 950 983 1079 1050 866 982 1142 847 1030 1193 1075 1058 862 796 851 911 883
N 556
 1070 902 1084 966 952 1176 900 1071 954 1156 1126 862 1025 1181 788 879 1134 814 784 1130 997
N 557
 777 1154 880 848 1118 1152 808 1150 944 1011 824 845 1109 1068 1142 780 921 1112 1143 1092 1157
N 558
 1057 933 804 1036 841 818 1148 1058 1063 1175 937 1122 1064 787 950 921 1108 998 822 778 1164
N 559
 856 1097 961 846 808 852 1059 1175 932 1142 964 850 985 1051 824 1165 877 971 914 1164 1022
N 560
 854 952 1170 1135 837 1190 1059 777 1145 1161 759 1050 967 1089 964 898 1160 1085 1000 870 1167
N 561
 1112 1080 893 1098 845 1106 1100 1005 797 928 1137 776 938 1017 913 1045 1077 763 790 833 1107
N 562
 955 1010 812 889 840 885 857 1012 892 1155 922 1190 897 1090 1109 864 799 1161 1164 1154 1071
N 563
 858 948 824 766 1086 925 989 1173 843 1011 826 851 1084 906 894 1019 867 918 817 1002 1143
N 564
 1153 1143 897 937 989 859 1168 1129 820 950 1082 841 996 1186 834 1010 1161 798 1140 786 1073
N 565
 759 906 1003 1085 1139 1024 1038 970 1023 1069 1129 967 961 893 1196 1034 1027 908 874 974 1131
N 566
 1137 798 1117 833 902 1109 1166 854 772 999 1185 945 1091 986 1132 953 1116 1146 864 803 921
N 567
 836 1017 825 1190 1119 843 1051 756 869 813 1117 802 921 1177 783 906 1196 1101 772 934 967
N 568
 965 1040 1075 764 855 958 1030 1124 817 952 1009 972 962 929 757 776 881 1156 1018 833 777
N 569
 939 1038 774 890 1090 1074 797 844 1137 894 1069 761 1028 1106 1000 1196 1119 1127 1075 834 970
N 570
 1038 1064 844 960 1142 936 1167 916 952 1103 1056 1124 1000 815 884 1067 1196 1076 1127 841 859
N 571
 1127 979 972 1068 938 1027 922 844 1152 1039 1136 804 1170 1064 1049 875 1005 759 813 761 831
N 572
 828 1100 958 1178 877 907 1162 953 1003 1148 1138 889 1130 1167 1145 895 879 795 927 1152 788
N 573
 820 1169 931 941 1190 760 946 998 1139 1013 867 808 766 925 928 779 1089 1025 854 965 850
N 574
 828 1191 873 909 1065 1168 1023 1006 915 1185 770 771 827 845 1148 1038 1041 900 772 918 1040
N 575
 946 875 814 830 1122 1051 1170 849 765 792 1058 913 866 1162 1088 981 1010 1103 1017 1125 1123
N 576
 1105 1097 1032 1184 800 991 940 845 1013 1141 887 814 904 834 1126 1118 974 906 841 767 862
N 577
 862 770 1040 790 985 831 1108 1127 1073 1150 1164 1065 799 1189 1034 1042 1090 919 898 918 1170
N 578
 886 1096 756 988 910 939 847 872 1140 778 1193 841 758 1160 1110 1010 788 977 1067 1008 1093
N 579
 945 862 1170 1117 976 1121 1058 874 866 1036 806 770 1120 891 1172 908 1038 969 931 970 1044
N 580
 1013 1190 978 1172 794 1062 1026 813 872 1138 929 1086 1193 1095 1049 826 1043 976 1149 1009 974
N 581
 756 890 980 1119 1114 1011 826 1171 900 870 1134 1175 772 1017 896 849 1095 986 1021 769 865
N 582
 1105 822 821 807 935 1002 1187 858 915 1056 1192 1185 922 1118 762 1064 830 923 911 1117 993
N 583
 878 871 774 1028 907 864 1191 1180 1140 1161 994 1079 918 996 911 975 1046 805 954 1193 1100
N 584
 849 1062 820 1172 832 915 866 868 1150 788 988 893 1041 1115 939 1011 1143 767 1100 1137 966
N 585
 1046 843 1042 1171 974 1162 1087 1028 1127 1185 890 791 991 1173 757 1113 1073 1010 779 1082 1132
N 586
 1045 833 1112 890 1161 897 779 799 1130 883 770 1163 962 853 1153 886 984 915 986 1107 1109
N 587
 881 1180 859 1134 1107 973 1137 847 1074 1079 1154 820 1029 1160 882 1005 1076 971 1101 1188 1094
N 588
 1120 994 857 927 1152 1161 1169 1099 1061 926 800 1133 987 949 1024 795 796 878 801 965 1173
N 589
 1096 782 860 903 1044 819 846 795 785 1082 960 1055 934 1040 1005 1192 1146 1196 957 809 1149
N 590
 1039 1100 974 807 793 1086 801 862 1138 1195 941 967 1016 883 1071 1029 916 894 1166 1124 840
N 591
 1068 1063 873 852 1149 950 1046 1051 979 789 872 1181 1008 1064 770 1023 893 1123 1062 1042 1142
N 592
 1007 1172 1105 935 791 773 1158 788 955 767 973 805 769 1126 944 1175 1191 905 886 937 821
N 593
 1092 1015 1114 966 1119 949 1068 789 917 1063 1050 847 1184 867 1094 910 857 838 954 1093 992
N 594
 966 1115 1044 1079 930 937 998 1194 924 1126 1121 983 836 1062 1068 1153 1189 949 1099 1072 1085
N 595
 1150 1065 846 1170 809 1079 1158 1156 1155 902 949 1088 1137 955 1101 852 1050 930 841 894 845
N 596
 1195 764 920 924 887 1098 982 774 1011 1094 1076 964 833 921 962 956 1119 1007 897 1057 790
N 597
 822 880 857 940 821 1026 841 1019 1123 1039 942 1014 995 833 771 1094 1055 1148 1085 1112 1061
N 598
 1046 964 758 933 969 1065 1186 897 1167 920 852 1036 1008 1060 928 1093 1162 1146 1099 833 1158
N 599
 934 1185 989 1188 1164 1060 1187 830 1154 855 1070 805 808 1155 1040 958 1163 1012 909 1137 893
N 600
 795 791 1086 848 1018 919 837 1028 1195 922 1054 905 1002 816 785 1050 1102 892 901 1130 1089
N 601
 1037 971 948 858 989 853 902 1160 770 884 837 958 1130 1049 764 1112 1113 1088 966 920 1154
N 602
 1068 940 1157 1143 801 937 991 835 1189 809 909 1014 1160 818 1049 838 863 984 854 1019 950
N 603
 830 960 852 768 816 1160 963 1090 837 1064 857 835 947 865 1129 775 1193 876 1169 1070 1014
N 604
 840 1109 1193 1077 963 825 959 784 939 891 1167 860 1009 817 835 983 789 823 1028 1080 910
N 605
 868 871 1156 932 1020 1122 909 936 1182 966 1157 1076 888 825 827 1139 831 916 1093 819 783
N 606
 840 818 1077 816 767 970 1092 1101 956 1186 1154 905 1081 871 783 762 982 914 862 1173 1183
N 607
 965 803 871 836 1121 850 931 1050 1139 839 1099 1186 760 1180 1184 835 1062 949 947 1126 989
N 608
 768 851 1053 1081 1079 792 1082 1195 1003 984 906 870 1114 990 986 845 1086 997 1034 806 941
N 609
 1172 1131 953 846 1081 858 1111 1025 1078 791 875 1012 1190 1018 1189 976 941 799 1001 1002 1133
N 610
 1143 1180 1167 969 1081 1062 786 795 806 1141 770 789 1120 1163 757 812 1031 1181 1142 956 804
N 611
 1055 761 898 784 997 1174 1017 1003 1072 1120 1111 760 1132 1158 1054 1064 888 938 810 920 817
N 612
 971 810 977 1013 761 1000 1134 888 948 828 833 1076 812 929 1196 1069 1135 947 1111 1174 914
N 613
 1131 889 1121 1133 1006 853 779 891 812 1114 1010 756 1104 866 935 846 1075 814 762 809 975
N 614
 928 868 835 1009 939 765 1070 761 906 1144 814 987 829 1168 821 990 1001 792 1185 780 823
N 615
 835 827 884 994 792 952 810 1071 976 1142 836 921 1165 1159 783 1129 861 1095 1044 1052 997
N 616
 1033 1143 1078 1153 782 1011 1027 1080 907 858 835 946 868 905 1116 1008 848 823 1024 1123 777
N 617
 842 895 859 1134 1170 1009 934 896 819 1125 758 863 1181 977 978 1017 776 897 1023 775 1184
N 618
 759 842 848 1110 994 841 1031 964 903 863 791 1134 767 770 1058 987 1145 1161 997 898 780
N 619
 864 810 1095 805 989 1164 1015 1049 1172 1104 1075 1135 975 800 893 908 871 1153 870 1017 774
N 620
 1067 1078 1169 824 984 1122 1088 924 993 867 1128 987 974 759 1186 957 1040 902 1140 811 871
N 621
 1143 1130 888 1089 787 898 1100 778 1045 802 1097 1152 896 1099 900 1087 1011 1175 883 1183 1195
N 622
 959 1011 801 1050 843 1054 1084 1018 1193 1116 953 1069 848 946 1158 770 1057 810 902 1091 828
N 623
 993 820 923 1085 778 898 839 939 894 1022 917 1182 1135 863 1116 1024 880 937 949 1175 974
N 624
 1014 899 867 1037 799 1176 773 813 1065 767 993 833 854 974 1108 762 968 1109 957 888 1068
N 625
 973 1046 807 767 1194 1114 1065 994 822 1053 963 1079 1166 1098 863 1042 1076 969 1071 892 768
N 626
 1168 937 1185 1053 1184 783 991 962 816 1036 769 799 1028 1091 924 817 1130 786 1187 925 995
N 627
 1182 1019 1173 1180 915 1083 874 891 1095 873 880 976 1033 1139 1148 845 964 846 948 950 776
N 628
 985 1035 880 1151 1184 1112 875 766 839 818 1189 1126 827 1088 836 1171 1015 939 1056 1019 1159
N 629
 863 977 1032 1151 885 1163 875 760 917 984 913 1008 810 1127 1066 995 987 792 1183 1106 1109
N 630
 1100 941 934 1152 895 848 1142 851 857 1037 1132 828 1180 1103 881 1109 1003 1182 1002 875 841
N 631
 1096 932 1157 999 860 1072 1041 1086 784 986 998 976 920 883 1160 960 1046 1147 947 1131 776
N 632
 851 861 1129 781 1145 1119 933 798 1040 795 897 1044 772 961 1104 990 1160 1052 1036 759 1067
N 633
 997 1068 1113 824 1097 870 884 830 1154 1003 773 1073 1147 1032 786 985 842 1029 1118 916 1099
N 634
 1036 830 871 790 829 1002 803 785 823 1110 1086 1047 1148 1123 1066 1071 1113 1039 1085 1077 776
N 635
 1111 774 1054 772 872 823 1056 923 1001 897 888 945 1126 951 1117 1156 1123 802 916 1055 913
N 636
 775 954 787 805 927 991 939 943 891 1191 1052 1010 758 1075 1115 942 1132 957 1047 1195 887
N 637
 885 833 891 969 1108 814 997 848 864 1183 1007 951 803 966 1104 834 777 879 1016 963 917
N 638
 838 943 1030 1162 851 1007 867 762 870 925 1036 1167 1141 1132 1024 1017 858 1144 964 1160 1071
N 639
 907 1194 1083 825 863 1003 794 946 1155 1126 1166 1022 948 783 1174 1114 1055 903 862 876 1164
N 640
 879 816 819 881 826 799 770 804 868 810 1018 1109 756 1182 1035 941 1013 1057 957 1010 1138
N 641
 796 1176 804 868 914 977 1088 1183 1011 783 959 990 784 1022 856 1042 1021 848 770 836 920
N 642
 771 1119 877 1179 1085 1037 941 1136 1125 1044 758 1090 838 850 1074 849 1015 916 1113 992 865
N 643
 1150 900 892 949 1044 906 822 771 1145 933 781 999 1136 1115 1032 1163 1172 832 1072 864 1139
N 644
 759 1153 1130 1172 985 967 1185 838 895 1124 1141 992 1089 893 1136 942 1134 770 1042 1069 828
N 645
 876 984 921 1080 1085 1003 948 929 890 963 1166 906 1093 1007 1143 866 1164 913 793 843 816
N 646
 1113 950 1095 977 840 872 1105 1182 833 849 1066 924 757 969 1094 919 847 825 1010 1136 880
N 647
 776 818 1010 1032 912 946 982 1060 842 956 1077 951 830 811 947 1046 1062 1048 885 789 1162
N 648
 790 895 922 929 1042 1125 853 807 1028 1113 1044 819 761 885 1049 818 886 901 949 1013 991
N 649
 951 955 1163 1038 1093 845 1079 922 1121 934 932 1104 1022 1178 970 807 910 760 862 921 1160
N 650
 1177 985 887 825 1058 841 870 811 1036 838 984 791 1153 963 1083 940 799 1029 874 1023 1088
N 651
 811 990 915 1103 1134 880 1018 818 769 951 973 1105 1172 1079 1135 935 1030 962 878 1165 972
N 652
 1020 804 773 1097 1150 1187 759 855 850 1073 815 956 979 812 820 1115 1045 946 1014 1133 1195
N 653
 1044 1029 799 1097 971 1039 913 782 1108 1067 1158 974 858 1118 809 986 1020 1105 1112 941 1098
N 654
 1018 1055 1092 957 1070 1061 787 864 769 1137 1121 762 816 1140 903 1136 1163 1106 955 1014 897
N 655
 881 1126 1103 966 877 769 1185 1051 1178 1170 1075 1006 994 1014 1024 1071 949 1114 1027 1080 1099
N 656
 1194 972 850 971 1012 806 938 775 794 818 1096 1070 928 1047 1021 760 787 856 917 1000 890
N 657
 1178 821 1097 910 1060 1189 1053 801 1083 820 1113 1023 822 848 757 957 1139 1171 1176 1157 1121
N 658
 781 1083 823 779 835 1043 1072 1140 815 762 763 1101 977 986 1086 1035 1076 939 1129 1039 1033
N 659
 763 845 906 774 1175 964 1022 861 765 815 1192 1186 1194 1133 757 1158 944 968 1056 1066 840
N 660
 940 990 1094 764 972 901 1018 923 1065 808 1013 879 902 912 1151 1156 932 773 1183 1005 830
N 661
 924 1138 1081 1050 1133 1035 1059 1096 1161 1128 849 802 1158 988 839 1191 874 1054 1150 956 1166
N 662
 909 1030 1113 829 989 878 828 821 1039 1146 984 1000 885 1145 1023 1167 1099 1123 1172 1108 772
N 663
 967 959 966 872 1115 1079 904 1055 860 1049 1125 980 1161 1031 1094 1116 940 1047 1138 817 878
N 664
 1182 931 953 936 1072 1193 1032 838 933 1171 1002 972 1000 956 909 825 935 912 1015 965 1191
N 665
 820 1036 1193 949 1122 782 950 1057 778 928 936 770 926 951 1151 764 781 1180 1068 795 886
N 666
 1048 973 857 1170 970 1005 903 1134 792 968 1085 1067 894 1141 1063 850 820 1160 802 822 1122
N 667
 1181 915 797 1036 805 1073 853 840 779 1155 979 793 1037 983 999 851 1021 814 1158 822 1060
N 668
 910 1118 1007 769 986 1080 938 907 864 1078 860 861 924 875 1125 1152 1041 1117 1114 882 962
N 669
 945 1101 939 1033 1190 774 821 780 1073 1155 791 1005 1183 983 864 1020 853 850 1012 1067 942
N 670
 1028 976 978 1154 1095 923 816 1006 861 809 1169 1178 761 791 1000 801 1106 1115 1014 1111 1131
N 671
 1004 1006 785 828 1196 840 817 1047 1174 810 973 1030 1138 757 862 1167 1186 976 953 1099 859
N 672
 907 857 1135 785 1128 895 936 1036 922 1073 830 818 1068 891 786 851 933 940 974 931 1060
N 673
 1146 1179 798 787 1196 1127 1150 1046 895 914 893 1014 969 1164 1087 904 896 1094 1184 797 1021
N 674
 811 882 1179 760 1088 1129 1134 992 778 1137 968 1040 798 959 1076 1000 1098 952 913 1026 1004
N 675
 1120 901 1108 1055 815 826 1119 1180 900 846 814 1077 915 1047 1144 923 930 962 1034 858 1103
N 676
 1050 801 1191 981 948 919 1104 1139 963 1020 1138 917 1130 852 1178 928 882 1033 920 960 870
N 677
 855 1069 1043 777 1146 884 893 1157 800 882 780 1068 1073 1152 825 831 814 785 1024 1041 1179
N 678
 795 1164 1035 1132 934 951 902 1026 1148 772 1083 1053 1017 831 851 1058 823 1091 1168 995 1002
N 679
 1071 1038 1007 906 832 777 909 790 831 838 993 1060 1161 1182 1102 999 792 858 1018 1004 1133
N 680
 886 1126 882 765 1185 987 756 900 1048 1031 1151 1187 855 975 860 945 817 794 992 776 1131
N 681
 884 1053 1093 1020 1149 1046 958 1139 832 826 817 957 1106 1175 1153 920 1074 769 972 1017 854
N 682
 1079 889 1149 1024 1026 1059 1085 1194 936 1092 818 1016 997 763 1123 972 977 1145 985 891 1175
N 683
 888 1027 1129 1146 849 914 1182 757 1086 980 1088 817 1042 1192 790 1096 1007 1047 1020 934 785
N 684
 1057 1136 1172 836 1128 1088 1023 1030 756 1177 990 1064 790 772 864 1005 988 1061 959 994 976
N 685
 1141 1178 1041 861 1013 763 950 843 1180 878 1175 1100 1081 1096 998 796 1057 824 1083 1076 999
N 686
 951 1049 990 1114 1145 1093 1169 801 1105 1138 903 918 1120 1130 1152 1096 1136 954 1062 808 1092
N 687
 840 842 1142 1179 1147 803 837 858 1096 885 785 1135 1172 810 1020 1044 825 925 993 786 1014
N 688
 889 783 822 958 1164 955 758 887 1120 951 1162 915 1103 802 1055 798 1051 1044 1145 776 773
N 689
 1005 843 1015 836 846 1036 876 829 911 956 1008 972 796 1156 932 789 783 821 800 786 1103
N 690
 1088 1004 1119 1177 1070 780 997 952 790 900 792 938 1105 827 950 1025 828 1077 763 965 1146
N 691
 1063 960 845 899 969 1092 946 1075 1043 936 1025 1028 1144 907 840 1013 948 811 1152 1082 994
N 692
 780 1032 974 1192 929 849 1048 856 991 1002 1075 931 1148 1176 802 842 1184 939 817 831 975
N 693
 1021 1186 761 788 1011 768 924 1100 803 1037 1018 886 1196 835 840 933 966 991 938 923 920
N 694
 1109 791 826 1175 1145 762 1132 1054 955 1168 1178 1073 776 1010 1159 1022 1017 1131 987 916 1095
N 695
 1005 1193 1191 1010 916 973 785 1085 865 826 1153 1037 964 919 1157 1133 1071 942 837 1011 759
N 696
 1077 1041 812 997 874 900 913 889 979 1175 1191 1073 912 1132 1159 1074 794 1164 1005 1090 908
N 697
 1107 1036 1161 1031 1091 979 962 876 808 1080 911 832 965 798 1078 983 1065 760 818 873 1041
N 698
 850 916 1008 838 1122 763 904 852 829 935 790 1128 926 793 1037 1089 768 770 1076 1033 1091
N 699
 1189 977 781 989 991 1169 1056 884 1035 1019 856 918 1080 890 895 982 835 877 1196 834 1185
N 700
 955 794 773 851 913 786 806 1012 1064 1170 1043 1120 776 812 971 807 802 1159 937 944 1179
N 701
 951 1190 1176 995 806 1179 922 827 1073 1075 821 811 1056 976 1122 1079 813 917 1099 902 1039
N 702
 1110 780 926 899 923 1178 877 1127 903 759 1004 942 855 1030 1014 1045 814 1100 756 784 1088
N 703
 1159 966 814 865 940 1186 859 1044 987 816 1063 908 1196 980 1132 778 1094 985 1035 1119 1124
N 704
 988 1180 1080 949 1171 1110 1030 938 1113 825 1176 1194 909 1089 1139 843 995 1029 1067 851 1047
N 705
 829 1143 1168 1120 1129 1141 957 850 968 1187 1134 1151 818 822 1065 1170 1159 831 1149 923 796
N 706
 1065 798 1018 1071 980 950 790 1048 967 964 872 820 1146 1083 783 931 1158 979 821 1126 787
N 707
 1168 1178 1037 1033 1029 858 1159 778 836 987 926 771 831 1050 1028 846 869 1158 1016 1170 1182
N 708
 899 998 768 787 927 938 766 868 941 825 1005 785 953 808 1148 856 1182 889 1098 1050 875
N 709
 848 876 762 835 765 1052 964 800 853 968 1134 805 818 1173 908 839 922 866 1017 889 1116
N 710
 996 812 1195 1126 887 1192 1043 895 1060 934 1061 898 810 930 841 953 984 987 1087 1046 1030
N 711
 1180 760 1091 1131 1097 909 960 1154 1150 1066 953 891 1065 902 862 928 910 982 943 774 1016
N 712
 1147 1007 771 902 874 933 1097 1168 917 854 919 1076 1088 837 1124 833 843 863 1083 914 844
N 713
 929 865 977 854 995 991 1134 983 1070 1142 1110 762 779 1101 790 936 988 1057 1166 758 1005
N 714
 954 832 897 1183 770 1079 1012 783 882 997 1139 1033 918 1067 958 856 974 1191 961 1176 1063
N 715
 952 948 931 1077 801 1070 1035 1102 1079 999 1113 1030 875 913 1099 925 998 1148 1174 894 1166
N 716
 960 879 1070 782 1039 964 827 1125 927 828 1016 1066 1043 756 1101 936 860 801 962 1135 1098
N 717
 903 1029 1174 1075 977 1063 951 831 1062 863 1008 1078 914 1018 789 1118 859 1169 936 1191 950
N 718
 848 925 1099 866 949 969 1124 946 817 881 828 1051 864 920 1044 1108 1009 1158 832 1187 1135
N 719
 847 794 1066 1151 1068 1114 812 960 997 989 875 856 1055 1146 1072 1065 1070 760 773 772 1073
N 720
 1194 929 800 848 1109 1050 1004 827 974 865 993 1097 1085 1151 766 1147 937 787 1070 1129 866
N 721
 831 940 971 805 893 1156 954 979 1051 1015 765 810 823 1137 1054 1160 1097 1192 1125 760 1184
N 722
 1050 847 839 801 961 1025 1106 1047 900 1049 850 796 1172 916 942 917 1098 946 1137 936 1059
N 723
 972 882 1102 1153 1027 909 802 899 1030 912 888 1070 1184 1196 877 1126 925 1015 1123 1134 989
N 724
 953 922 1143 992 824 1056 1116 1113 925 1007 1191 1042 848 1012 1070 1176 870 858 789 872 857
N 725
 880 993 1102 1158 814 928 1179 929 756 869 822 1124 1128 786 1116 1025 1112 811 988 877 1032
N 726
 1143 937 820 952 795 1039 1132 889 1128 781 953 1040 1005 1052 1117 1029 834 1159 1167 894 1025
N 727
 1049 866 758 1004 942 1093 821 963 1018 1107 1149 1175 1167 768 1118 1180 1015 1193 1163 1084 1128
N 728
 955 1193 760 1155 1036 1014 846 957 875 968 998 1114 1002 1091 1078 877 1112 1067 946 885 1051
N 729
 1090 787 957 1040 1105 975 1092 1035 1129 797 1063 1006 1014 982 926 764 901 1022 1133 779 919
N 730
 1094 969 884 953 1089 932 804 835 856 973 840 994 785 981 1041 913 1022 869 1122 810 784
N 731
 1172 960 803 978 1049 1052 1165 1153 970 1072 796 1005 1081 786 910 988 1142 1060 948 855 1001
N 732
 906 876 1127 756 855 841 1007 1068 980 1016 924 1043 900 904 1109 1015 956 801 934 1000 1106
N 733
 845 867 1112 1139 1085 1068 1106 1012 1007 1066 892 1074 1118 1160 843 1013 759 935 1021 812 1129
N 734
 1055 761 929 1064 1183 829 908 1191 974 1024 1127 804 886 869 784 902 1190 839 1061 800 1139
N 735
 847 828 1099 920 1106 1076 860 806 1055 1026 1159 887 955 826 1034 1098 841 798 967 1063 951
N 736
 1073 1052 1080 1157 1149 1141 962 797 773 1081 1169 826 816 784 906 1143 1142 882 1006 1016 1128
N 737
 1194 793 839 1150 990 771 853 936 1070 975 1130 1181 1012 1004 1174 1083 1065 1053 764 1100 1028
N 738
 840 865 1073 1033 1014 1009 1162 878 984 1099 943 967 1184 842 815 1021 886 993 1136 766 805
N 739
 1004 1046 847 981 1032 1147 1112 1189 1176 1107 865 793 903 939 759 949 850 809 957 837 954
N 740
 771 1171 814 842 931 979 1022 799 1101 1196 966 996 1034 870 861 1125 935 884 826 1134 916
N 741
 1069 819 1056 974 876 892 857 919 1116 917 793 1077 992 1164 794 1068 1015 1166 893 1004 906
N 742
 1124 1092 772 1063 815 868 1048 1191 1042 925 806 1190 932 1015 768 1013 805 1177 1006 885 770
N 743
 1148 910 911 974 1165 1036 1003 764 809 782 1136 822 920 944 1122 1109 1033 1162 925 1146 1123
N 744
 1194 884 1188 862 1046 1054 763 1094 1105 1077 988 1102 811 1090 1107 914 931 800 775 1024 767
N 745
 1190 1017 1196 974 837 1016 880 1161 1180 1153 861 1061 943 863 936 809 786 1080 869 828 1071
N 746
 934 1165 1157 778 931 970 919 879 812 954 921 1060 794 1183 912 1138 1125 1006 770 1040 883
N 747
 918 1101 863 1065 1157 1017 940 830 882 1097 929 831 1038 982 834 1048 1181 993 1167 1120 865
N 748
 919 1135 806 992 1032 1076 1042 1080 1123 1161 937 982 1102 1085 851 1194 1129 931 1027 824 1165
N 749
 947 823 1183 1024 958 980 1058 1106 894 1062 963 998 758 775 1179 768 1158 764 1037 816 1145
N 750
 803 998 1138 1147 1092 1118 1120 1057 1001 870 1042 1150 835 768 931 825 826 1078 1176 1052 1111
N 751
 987 1123 960 951 799 848 845 771 1173 897 1194 1196 907 1091 803 1189 1160 830 865 1088 879
N 752
 1127 795 1063 801 990 793 1132 792 943 878 1179 905 1036 1087 1116 959 988 1008 890 827 837
N 753
 938 1031 758 1158 860 959 1054 1100 850 1176 975 1052 1022 769 996 813 1096 1000 887 1121 995
N 754
 1093 853 778 776 975 882 828 777 978 901 800 1061 1137 1060 1012 1123 1089 863 1138 791 1103
N 755
 1058 796 969 1092 1001 892 1188 1118 1110 982 1193 877 975 827 898 990 1091 936 842 1152 863
N 756
 54 63 73 87 97 142 187 198 201 204 215 219 249 252 259 262 295 312 352 445 448 499 522 531 552 567 578 581 613 640 680 684 702 716 725 732
N 757
 2 10 15 49 60 63 67 88 99 109 129 130 138 252 259 309 329 344 379 384 387 401 423 458 469 516 532 539 568 585 610 646 657 659 671 683
N 758
 8 20 30 49 54 70 80 107 119 131 140 145 146 164 193 250 257 267 359 373 389 390 413 466 487 546 578 598 617 636 642 688 713 727 749 753
N 759
 0 39 44 45 65 124 197 217 267 271 281 291 305 307 317 355 361 375 391 436 496 523 543 544 560 565 571 618 620 632 644 652 695 702 733 739
N 760
 17 30 38 62 63 67 93 97 155 176 257 279 295 303 331 363 388 411 462 506 507 529 534 553 573 607 611 629 649 656 674 697 711 719 721 728
N 761
 11 60 65 75 101 167 168 188 203 206 209 215 240 252 275 291 295 304 319 356 370 371 372 391 458 477 540 569 571 611 612 614 648 670 693 734
N 762
 5 9 11 50 122 131 135 280 288 314 332 346 358 360 381 400 413 417 427 482 485 506 535 539 545 552 582 606 613 624 638 654 658 694 709 713
N 763
 0 3 16 18 34 50 72 79 92 110 138 142 143 175 183 190 227 235 239 252 282 293 304 359 386 423 443 490 561 658 659 682 685 690 698 744
N 764
 58 116 156 163 185 222 231 236 277 278 287 341 346 371 394 396 429 432 451 471 493 502 506 529 547 548 550 568 596 601 660 665 729 737 743 749
N 765
 23 30 38 46 47 50 51 55 86 87 121 146 163 168 185 192 212 213 238 245 258 292 323 360 380 390 399 463 485 549 575 614 659 680 709 721
N 766
 27 29 45 59 66 101 111 123 135 149 178 197 214 224 250 304 324 334 337 365 399 430 446 458 478 479 481 488 501 537 563 573 628 708 720 738
N 767
 2 28 71 91 102 104 114 145 153 160 195 213 214 238 262 276 286 325 356 382 396 413 431 433 443 460 523 530 576 584 592 606 618 624 625 744
N 768
 4 36 71 94 97 134 141 209 214 218 229 254 310 312 346 365 385 399 413 432 436 459 464 500 543 555 603 608 625 693 698 708 727 742 749 750
N 769
 39 46 68 89 108 162 177 203 240 256 268 282 300 308 335 345 361 406 411 448 450 495 501 514 532 533 549 581 592 626 651 654 655 668 681 753
N 770
 2 34 80 85 102 125 135 148 159 177 218 231 316 359 393 401 403 417 434 574 577 579 586 591 601 610 618 622 640 641 644 665 698 714 742 746
N 771
 55 66 89 100 106 136 152 157 160 163 222 227 228 237 270 284 305 330 336 382 387 396 423 432 444 453 532 574 597 642 643 707 712 737 740 751
N 772
 11 12 29 83 100 123 166 177 200 248 271 299 301 333 344 347 364 390 408 424 450 463 488 511 528 566 567 574 581 632 635 662 678 684 719 742
N 773
 14 35 40 56 77 86 107 119 139 159 242 288 300 305 346 348 371 381 398 399 405 460 467 479 489 504 537 592 624 633 652 660 688 700 719 736
N 774
 33 46 63 69 80 84 91 99 104 136 152 175 215 269 273 287 297 313 364 384 414 423 473 503 511 533 537 543 569 583 596 619 635 659 669 711
N 775
 5 41 74 84 86 90 142 186 218 229 232 282 301 311 317 337 377 408 413 419 428 434 452 457 469 500 501 503 544 554 603 617 636 656 744 749
N 776
 24 46 113 135 150 161 179 193 241 250 278 284 295 324 361 384 420 426 427 436 447 493 527 533 561 568 617 627 631 634 647 680 688 694 700 754
N 777
 12 20 58 101 110 129 182 192 253 285 288 296 301 320 331 335 349 355 378 390 414 457 488 502 516 525 529 532 557 560 568 616 637 677 679 754
N 778
 9 16 24 105 108 135 168 241 257 262 267 273 305 343 403 411 421 439 442 464 502 504 516 531 533 542 558 578 621 623 665 674 703 707 746 754
N 779
 23 32 80 107 114 157 161 237 249 273 311 352 357 369 377 380 415 416 423 435 438 443 467 496 504 506 520 536 573 585 586 613 658 667 713 729
N 780
 55 81 94 120 121 122 130 149 157 172 199 236 243 244 245 259 268 283 303 329 420 429 446 451 466 525 541 546 557 614 618 669 677 690 692 702
N 781
 0 11 15 27 37 58 73 97 101 127 228 237 239 248 257 290 335 337 357 358 359 385 395 475 487 489 500 509 520 529 632 643 658 665 699 726
N 782
 12 13 54 78 141 169 183 193 234 301 314 323 331 340 347 371 373 375 402 424 455 476 477 485 508 513 517 529 530 548 589 616 653 665 716 743
N 783
 29 36 46 49 136 147 175 179 193 204 228 233 256 292 299 311 346 382 391 407 420 453 462 500 538 567 605 606 615 626 639 641 688 689 706 714
N 784
 35 43 44 61 66 72 89 94 105 121 132 137 144 155 229 266 337 338 370 406 408 418 468 500 521 532 549 556 604 611 631 641 702 730 734 736
N 785
 8 19 42 57 84 100 119 177 220 277 287 289 314 321 352 383 395 424 430 444 477 496 501 521 542 589 600 634 671 672 677 683 687 695 708 730
N 786
 12 42 120 140 141 146 148 155 162 163 167 181 186 198 230 248 282 310 324 367 457 484 486 513 536 564 610 626 633 672 687 689 700 725 731 745
N 787
 20 108 236 240 260 262 271 273 283 296 299 300 304 306 354 400 401 425 460 466 474 481 484 496 507 532 558 621 636 654 656 673 706 708 720 729
N 788
 36 73 77 109 110 145 185 188 191 208 218 227 245 286 289 312 317 336 378 379 403 413 419 430 446 452 454 490 505 511 556 572 578 584 592 693
N 789
 4 13 31 61 74 75 88 122 126 128 137 161 165 185 188 231 279 311 322 361 363 366 385 411 443 456 514 541 591 593 604 610 647 689 717 724
N 790
 6 26 38 42 59 74 126 155 179 205 219 254 293 314 394 444 451 475 485 486 523 531 547 554 561 577 596 634 648 679 683 684 690 698 706 713
N 791
 13 19 32 38 59 68 167 181 212 215 225 232 244 256 272 347 368 374 410 429 442 463 466 481 498 533 585 592 600 609 618 650 669 670 694 754
N 792
 6 52 61 64 104 165 176 189 198 204 216 241 255 267 270 275 322 325 359 366 422 434 447 453 454 488 519 575 608 614 615 629 666 679 690 752
N 793
 26 40 51 65 82 90 98 114 139 196 208 257 262 263 297 330 343 353 386 403 438 442 452 462 473 477 497 507 590 645 667 698 737 739 741 752
N 794
 1 22 39 46 50 53 57 60 61 62 101 104 118 139 162 238 264 266 292 309 324 366 389 430 437 456 501 580 639 656 680 696 700 719 741 746
N 795
 9 47 68 88 92 159 162 163 205 239 248 273 284 308 336 362 398 400 432 470 499 505 507 520 528 535 572 588 589 600 610 632 665 678 726 752
N 796
 39 54 66 68 94 121 129 162 180 219 259 298 323 327 384 392 405 410 418 426 436 443 466 481 492 497 522 555 588 641 685 689 705 722 731 755
N 797
 18 22 72 88 94 105 106 123 146 151 159 241 253 265 291 295 296 300 389 415 423 424 434 456 485 516 526 544 545 550 561 569 667 673 729 736
N 798
 37 59 67 77 116 172 177 205 210 230 247 252 254 315 317 328 339 344 349 355 374 395 406 429 435 488 536 564 566 632 673 674 688 697 706 735
N 799
 10 69 105 151 157 201 222 232 296 307 309 311 324 341 364 365 374 387 407 453 481 505 506 508 525 562 577 586 609 624 626 640 650 653 740 751
N 800
 6 23 27 28 52 97 127 170 179 180 199 208 274 298 311 327 339 372 393 396 408 484 510 517 535 536 576 588 619 677 689 709 720 734 744 754
N 801
 4 23 42 47 55 114 132 143 175 194 208 228 285 320 340 363 405 444 464 483 523 533 535 588 590 602 622 657 670 676 686 715 716 722 732 752
N 802
 16 30 34 42 45 79 91 93 198 225 234 273 303 308 318 347 351 372 386 431 441 467 472 512 514 525 544 567 621 635 661 666 688 692 700 723
N 803
 2 9 42 123 131 162 190 243 245 257 269 277 279 293 304 316 339 359 360 373 378 385 397 452 464 503 512 566 607 634 637 687 693 731 750 751
N 804
 2 15 19 42 57 73 80 130 139 178 195 196 218 242 264 352 361 365 366 375 431 455 462 494 510 528 545 552 558 571 610 640 641 652 730 734
N 805
 67 87 106 118 147 168 189 190 200 228 238 309 311 316 333 386 401 417 420 427 428 437 449 487 489 535 583 592 599 619 636 667 709 721 738 742
N 806
 6 45 47 147 168 175 181 202 213 215 296 308 375 384 401 417 428 431 465 475 480 496 502 511 525 528 546 579 608 610 656 700 701 735 742 748
N 807
 15 97 109 129 181 201 242 257 301 307 315 344 346 348 351 353 357 421 425 427 455 461 487 506 522 524 532 536 537 543 582 590 625 648 649 700
N 808
 54 118 121 126 133 139 157 163 165 176 192 232 244 252 274 283 289 327 329 343 358 375 436 454 495 522 526 539 557 559 573 599 660 686 697 708
N 809
 2 38 64 69 85 105 142 153 167 195 245 272 298 299 321 322 324 335 386 427 438 444 445 450 462 464 479 589 595 602 613 653 670 739 743 745
N 810
 5 31 78 125 160 172 215 217 219 237 329 341 360 363 381 383 424 426 430 443 451 535 544 551 611 612 615 619 622 629 640 671 687 710 721 730
N 811
 49 74 114 128 141 168 172 175 178 188 189 200 246 282 317 325 334 347 355 369 410 415 416 447 462 480 547 620 647 650 651 674 691 701 725 744
N 812
 55 56 64 73 137 181 216 230 261 280 303 323 422 432 442 462 464 470 474 478 505 511 518 521 553 562 610 612 613 652 696 700 710 719 733 746
N 813
 35 76 97 98 102 110 123 166 180 207 239 265 277 300 308 313 324 330 338 343 367 385 394 424 479 482 498 506 541 553 567 571 580 624 701 753
N 814
 35 45 51 57 93 126 176 188 200 250 282 342 343 370 373 393 472 498 509 519 540 544 548 556 575 576 613 614 637 667 675 677 702 703 725 740
N 815
 2 7 13 41 82 118 120 128 131 199 222 238 240 272 284 321 344 349 350 360 386 415 416 420 431 442 488 496 525 570 652 658 659 675 738 742
N 816
 86 89 94 103 110 131 171 175 189 191 233 266 297 318 325 374 394 418 423 434 450 456 474 503 547 600 603 606 626 640 645 654 670 703 736 749
N 817
 18 35 59 108 126 142 144 149 158 176 179 210 226 262 292 330 336 338 349 371 383 412 514 517 563 568 604 611 626 663 671 680 681 683 692 718
N 818
 15 17 27 29 36 61 85 148 160 170 186 233 310 319 336 356 372 386 413 457 497 530 555 558 602 606 628 647 648 651 656 672 682 697 705 709
N 819
 9 25 48 73 85 87 95 111 121 160 189 212 226 232 277 297 328 333 346 369 383 385 402 447 449 465 469 482 506 513 589 605 617 640 648 741
N 820
 5 20 40 61 137 181 211 212 216 223 273 284 342 378 384 408 427 429 439 442 491 495 504 514 531 564 573 584 587 623 652 657 665 666 706 726
N 821
 21 69 91 132 142 153 184 202 211 218 256 283 306 333 343 349 409 440 449 466 469 494 527 529 554 582 592 597 614 657 662 669 689 701 706 727
N 822
 4 48 49 62 63 71 103 123 124 131 151 176 179 193 220 263 355 378 468 477 490 526 528 543 558 582 597 625 643 657 666 667 688 705 725 743
N 823
 3 36 66 121 137 150 155 169 203 227 249 251 265 286 289 320 329 365 389 393 398 406 423 459 486 508 531 604 614 616 634 635 658 678 721 749
N 824
 6 39 50 65 91 116 167 201 217 234 239 246 279 283 293 325 343 345 346 355 366 398 415 434 456 508 517 522 557 559 563 620 633 685 724 748
N 825
 4 13 48 57 73 123 129 154 162 164 242 298 319 322 391 395 414 435 448 453 498 515 528 534 567 604 605 639 646 650 664 677 687 704 708 750
N 826
 25 30 91 100 102 133 154 156 223 228 246 247 255 284 314 335 365 376 385 398 415 454 459 531 563 580 581 640 675 681 694 695 735 736 740 750
N 827
 46 65 75 113 118 119 127 129 130 137 154 206 209 217 297 311 322 343 361 374 387 442 454 496 510 533 574 605 615 628 690 701 716 720 752 755
N 828
 53 70 73 91 110 115 116 225 302 315 321 349 401 409 444 449 459 491 496 517 535 550 572 574 612 622 630 644 662 671 690 716 718 735 745 754
N 829
 52 61 86 98 99 100 107 150 155 162 185 231 238 248 290 309 328 335 349 397 402 437 446 462 475 483 503 507 529 614 634 662 689 698 705 734
N 830
 1 55 86 129 168 243 246 247 267 286 295 297 318 336 375 399 405 408 420 455 457 528 529 539 545 575 582 599 603 633 634 647 660 672 747 751
N 831
 23 28 31 43 44 50 72 79 146 158 172 175 191 281 372 392 397 410 420 480 485 515 537 553 571 577 605 677 678 679 692 705 707 717 721 747
N 832
 12 54 72 102 105 106 126 127 155 184 189 196 204 220 222 236 252 256 263 277 280 338 352 362 379 472 476 479 524 584 643 679 681 697 714 718
N 833
 31 39 69 70 76 109 112 177 207 210 312 329 350 357 384 395 408 427 431 440 497 498 499 543 561 566 568 586 596 597 598 612 624 637 646 712
N 834
 5 14 38 56 99 113 122 150 156 171 183 194 197 257 276 316 320 360 367 393 397 432 437 476 481 489 498 529 544 564 569 576 637 699 726 747
N 835
 63 64 90 133 195 201 219 237 271 318 335 344 364 377 412 413 443 475 490 511 530 534 550 602 603 604 607 614 615 616 658 693 699 709 730 750
N 836
 6 25 32 43 55 59 60 65 79 93 111 120 128 135 166 192 224 258 307 314 321 334 337 347 409 451 549 567 594 607 615 628 641 684 689 707
N 837
 68 81 86 98 106 140 145 161 202 231 235 244 257 265 269 294 331 352 363 375 376 421 438 442 451 520 560 600 601 603 687 695 712 739 745 752
N 838
 4 41 92 93 102 150 168 172 190 198 218 234 242 258 278 296 321 322 377 382 415 483 491 493 512 540 541 593 602 638 642 644 650 664 679 698
N 839
 27 28 63 76 85 96 99 129 130 134 150 154 156 170 188 197 272 288 309 333 358 425 440 441 510 517 525 542 607 623 628 661 709 722 734 737
N 840
 35 59 71 86 92 106 115 138 145 198 260 334 337 346 366 383 478 482 483 509 524 525 531 562 590 604 606 646 659 667 671 687 691 693 730 738
N 841
 11 28 70 83 109 128 159 199 225 235 250 268 273 316 336 358 369 388 426 470 503 512 545 558 564 570 576 578 595 597 618 630 650 710 732 735
N 842
 17 43 77 78 83 103 139 148 173 191 228 236 244 251 265 276 282 297 325 329 353 389 416 429 433 437 515 617 618 633 647 687 692 738 740 755
N 843
 13 31 33 83 89 104 114 125 161 179 260 266 275 319 356 360 371 375 397 409 415 450 466 468 498 551 563 567 585 622 645 685 689 704 712 733
N 844
 30 32 44 59 60 80 95 118 140 172 184 226 244 304 313 321 331 342 351 377 390 399 401 403 411 434 440 475 492 510 532 540 569 570 571 712
N 845
 14 41 49 51 133 137 143 149 152 214 224 263 310 357 369 374 392 403 421 457 461 463 487 494 557 561 574 576 595 608 627 649 659 691 733 751
N 846
 21 29 82 95 174 188 204 225 227 229 235 292 294 333 337 340 369 417 462 476 477 493 495 510 538 551 559 589 595 609 613 627 675 689 707 728
N 847
 9 19 21 43 57 83 136 158 172 184 186 187 196 219 224 237 266 306 312 329 333 348 358 484 494 504 526 555 578 587 593 646 719 722 735 739
N 848
 5 8 33 48 74 144 149 151 195 201 203 224 226 245 258 310 375 409 419 460 470 506 557 600 616 618 622 630 637 641 657 709 718 720 724 751
N 849
 3 5 9 17 22 40 165 174 184 250 253 267 278 317 339 347 353 369 391 402 406 425 426 427 492 493 537 547 575 581 584 642 646 661 683 692
N 850
 76 120 130 183 195 212 220 249 260 269 285 310 316 333 341 368 388 404 408 462 514 521 538 559 573 607 642 652 656 666 669 698 705 722 739 753
N 851
 7 10 27 30 42 69 83 119 124 159 218 250 262 289 291 296 352 409 426 450 461 472 510 554 555 563 608 630 632 638 667 672 678 700 704 748
N 852
 10 30 35 41 44 58 111 124 137 148 156 173 242 261 267 281 284 320 363 366 367 393 397 420 444 453 533 542 548 559 591 595 598 603 676 698
N 853
 5 17 72 111 164 172 179 180 191 197 206 211 312 329 335 383 391 394 398 415 427 432 482 484 496 504 549 586 601 613 648 667 669 709 737 754
N 854
 65 75 80 149 151 153 155 163 171 180 206 207 209 218 256 271 334 381 386 425 430 433 460 484 492 499 539 549 560 566 573 602 624 681 712 713
N 855
 21 83 133 142 178 183 188 190 199 216 217 239 248 252 266 275 291 303 306 373 398 414 435 436 451 503 527 528 568 599 652 677 680 702 731 732
N 856
 25 66 68 77 129 164 179 201 218 235 250 263 268 280 313 333 367 393 412 419 436 460 463 492 501 527 552 559 641 656 692 699 708 714 719 730
N 857
 31 71 78 98 105 123 213 225 244 249 257 272 289 326 380 389 412 415 418 437 454 471 491 494 520 550 562 588 593 597 603 630 666 672 724 741
N 858
 6 15 77 82 98 104 106 111 160 187 230 250 274 311 353 355 364 382 383 437 476 488 507 532 563 582 601 609 616 638 653 675 679 687 707 724
N 859
 6 13 26 66 82 204 235 240 245 246 263 288 307 324 329 378 383 401 440 450 454 456 459 466 478 484 487 488 508 564 570 587 617 671 703 717
N 860
 25 35 54 91 106 119 131 156 177 218 220 243 261 272 333 368 369 374 392 408 424 428 444 461 510 522 535 589 604 631 663 668 680 716 735 753
N 861
 46 47 64 87 92 95 96 101 146 167 172 244 282 299 304 338 339 356 362 385 396 409 418 443 461 470 496 518 615 632 659 668 670 685 740 745
N 862
 28 62 125 148 150 155 199 201 211 228 240 267 282 308 311 327 380 429 441 472 508 532 534 539 555 556 576 577 579 590 606 639 649 671 711 744
N 863
 18 107 159 169 211 266 306 313 343 365 381 398 399 414 432 456 473 501 505 524 531 532 538 602 617 618 623 625 629 639 712 717 745 747 754 755
N 864
 13 49 55 60 65 96 104 126 187 195 207 229 233 262 313 326 330 392 455 478 499 508 515 525 535 562 566 583 619 637 643 654 668 669 684 718
N 865
 3 52 53 57 62 63 65 80 86 164 165 190 193 217 266 316 354 418 435 444 445 469 493 499 535 581 603 642 695 703 713 720 738 739 747 751
N 866
 10 12 18 24 34 75 106 191 209 213 228 247 250 304 331 345 346 350 405 408 438 450 451 462 495 513 555 575 579 584 613 645 709 718 720 727
N 867
 10 36 47 62 95 197 199 209 263 271 274 303 309 321 328 333 360 373 380 389 399 419 421 428 474 482 511 524 545 563 573 593 620 624 638 733
N 868
 12 61 75 80 82 106 143 145 159 177 190 194 200 203 216 263 266 297 326 330 377 472 483 511 519 529 533 540 584 605 614 616 640 641 708 742
N 869
 2 64 108 119 126 146 151 158 159 166 193 198 206 223 231 271 312 349 352 372 373 420 421 475 480 488 491 502 543 551 567 707 725 730 734 745
N 870
 5 10 11 16 24 30 71 117 125 129 132 221 223 232 312 368 372 376 399 458 461 469 481 530 546 560 581 608 619 633 638 650 676 724 740 750
N 871
 13 25 64 68 80 86 88 140 173 195 209 239 254 314 319 328 364 392 421 457 461 466 476 477 508 516 537 541 551 583 605 606 607 619 620 634
N 872
 39 52 58 74 105 113 117 124 133 188 194 206 273 280 285 295 303 327 334 343 364 380 426 435 460 464 477 484 578 580 591 635 646 663 706 724
N 873
 1 2 28 48 68 84 110 132 135 158 190 222 226 244 254 286 312 354 361 364 393 402 409 433 440 471 500 511 512 518 546 548 574 591 627 697
N 874
 36 37 50 87 90 143 194 232 255 273 286 290 329 358 367 386 390 406 411 424 430 445 468 470 483 510 520 529 547 565 579 627 650 661 696 712
N 875
 21 23 45 85 138 154 170 210 213 215 274 304 327 329 330 335 338 362 368 402 405 429 435 511 533 571 575 609 628 629 630 668 708 715 719 728
N 876
 12 36 66 100 104 116 173 214 223 247 255 272 277 280 311 313 326 327 344 357 420 440 444 486 497 517 532 548 603 639 645 689 697 709 732 741
N 877
 15 18 43 49 53 54 74 97 102 127 297 299 312 315 325 344 359 369 381 406 409 442 447 475 476 513 559 572 642 655 699 702 723 725 728 755
N 878
 1 8 15 25 36 46 48 54 56 151 154 156 160 166 197 216 227 249 274 288 289 297 336 426 457 471 499 509 583 588 651 662 663 685 738 752
N 879
 7 8 22 30 33 39 81 104 141 191 213 230 245 270 278 316 370 398 402 414 420 423 438 442 447 449 524 542 556 572 637 640 660 716 746 751
N 880
 31 62 75 79 97 99 132 136 145 146 170 197 250 258 279 330 340 357 396 401 404 407 438 463 506 512 543 557 597 623 627 628 646 651 725 745
N 881
 4 7 18 24 34 51 59 166 196 206 211 220 256 260 263 272 278 292 310 316 331 382 394 407 435 476 477 482 486 521 568 587 630 640 655 718
N 882
 5 16 48 71 104 107 112 117 135 148 152 173 187 188 193 247 259 264 282 307 446 460 513 529 551 587 668 674 676 677 680 714 723 736 747 754
N 883
 67 102 104 146 150 160 162 189 193 194 205 265 280 282 295 301 318 335 361 373 374 445 446 459 463 464 491 495 514 526 555 586 590 621 631 746
N 884
 7 36 40 47 68 75 160 173 219 233 269 270 283 296 300 316 346 372 375 402 436 460 469 477 487 529 570 601 615 633 677 681 699 730 740 744
N 885
 17 19 20 67 86 91 96 114 133 154 175 195 219 233 286 313 327 342 351 413 425 426 467 481 516 526 533 562 629 637 647 648 662 687 728 742
N 886
 26 44 71 93 138 168 182 199 202 211 223 228 230 260 284 318 373 389 395 416 444 446 460 468 510 518 526 578 586 592 648 665 680 693 734 738
N 887
 8 17 73 96 98 113 153 157 165 174 216 261 264 290 321 340 379 389 430 435 439 444 455 507 522 524 530 540 576 596 636 650 688 710 735 753
N 888
 0 35 89 107 111 121 128 157 164 176 180 218 258 265 296 328 340 344 349 396 413 414 431 448 499 507 527 536 605 611 612 621 624 635 683 723
N 889
 97 101 108 122 132 133 182 219 222 229 231 245 253 348 355 374 404 415 424 435 448 450 483 489 521 522 530 562 572 613 682 688 696 708 709 726
N 890
 1 19 50 55 104 115 121 134 150 152 154 264 270 272 273 278 305 314 318 368 382 394 447 453 478 479 495 537 569 581 585 586 645 656 699 752
N 891
 38 40 51 71 73 99 101 102 106 118 222 240 298 315 322 327 329 349 350 356 444 457 460 468 484 510 554 579 604 613 627 636 637 672 682 711
N 892
 20 25 29 38 89 106 134 135 164 168 210 220 228 230 261 278 300 318 327 352 353 358 376 401 409 411 413 471 494 562 600 625 643 733 741 755
N 893
 22 90 100 120 138 139 144 248 264 269 301 309 320 347 395 396 407 470 477 485 488 490 514 546 553 561 565 584 591 599 619 644 673 677 721 741
N 894
 16 53 94 97 120 136 184 232 262 264 279 316 335 349 383 385 422 437 478 480 481 498 535 537 539 543 554 563 569 590 595 623 666 715 726 749
N 895
 0 13 15 28 108 176 195 208 230 267 286 287 303 322 343 357 374 377 382 429 438 450 492 499 509 522 527 572 617 630 644 648 672 673 699 710
N 896
 43 72 76 131 167 219 228 235 245 249 285 306 353 359 367 369 376 410 467 472 498 504 511 512 514 519 526 531 536 542 543 546 581 617 621 673
N 897
 14 51 54 71 80 98 117 142 169 182 191 193 211 214 229 230 259 321 362 368 430 464 480 539 553 562 564 586 596 598 617 632 635 654 714 751
N 898
 38 137 141 146 177 197 262 269 282 297 305 306 345 349 350 374 378 379 380 404 405 427 431 441 492 526 531 537 560 577 611 618 621 623 710 755
N 899
 0 13 90 100 127 144 151 174 178 197 213 217 266 300 306 325 343 346 353 386 389 390 461 467 470 488 499 506 521 535 551 624 691 702 708 723
N 900
 2 36 101 132 176 191 200 206 248 288 292 293 313 355 412 434 437 446 457 467 493 520 531 538 553 556 574 581 621 643 675 680 690 696 722 732
N 901
 7 21 33 38 41 52 57 75 109 124 128 144 145 146 149 157 174 180 232 306 337 353 384 408 482 491 505 544 546 550 600 648 660 675 729 754
N 902
 10 19 24 46 53 78 79 141 155 163 181 212 229 230 287 302 324 351 384 430 461 473 476 540 556 566 595 601 620 622 660 678 701 711 712 734
N 903
 14 31 61 69 96 99 155 201 204 212 217 226 258 260 309 312 314 354 358 376 381 388 404 427 440 511 552 589 618 639 654 666 686 702 717 739
N 904
 47 56 72 74 79 93 132 147 156 158 180 198 206 221 241 244 249 256 268 294 304 336 387 428 446 461 480 494 495 536 548 576 663 673 698 732
N 905
 0 3 5 6 25 38 47 97 99 109 117 119 141 144 147 236 263 268 274 309 314 320 365 375 392 425 466 497 527 543 546 592 600 606 616 752
N 906
 1 36 46 51 122 135 137 158 177 189 212 249 273 285 289 345 379 448 452 479 490 524 552 563 565 567 576 608 614 643 645 659 679 732 736 741
N 907
 41 47 62 88 95 119 186 203 229 254 271 278 289 292 359 368 376 391 418 419 454 460 465 470 475 507 518 537 572 583 616 639 668 672 691 751
N 908
 5 26 31 67 71 96 125 146 147 149 151 211 213 260 278 308 350 379 382 387 394 423 455 461 466 471 477 513 521 565 579 619 696 703 709 734
N 909
 24 26 34 87 93 209 232 238 240 246 280 309 310 361 362 363 393 420 428 453 454 461 470 472 491 551 574 599 602 605 662 664 679 704 711 723
N 910
 31 36 57 77 82 115 118 162 166 182 206 208 209 228 248 306 339 383 384 398 399 415 418 435 478 494 517 578 593 604 649 657 668 711 731 743
N 911
 41 71 88 136 144 149 150 152 189 208 210 227 233 293 319 345 396 405 406 414 441 442 448 468 489 493 495 515 526 540 555 582 583 689 697 743
N 912
 52 53 60 66 76 89 105 113 143 161 162 164 186 194 242 260 274 294 315 322 343 361 375 389 468 471 512 516 537 540 647 660 664 696 723 746
N 913
 22 47 90 107 110 111 122 162 196 198 205 210 287 328 329 347 389 406 414 430 441 469 471 475 536 561 575 629 635 645 653 674 696 700 715 730
N 914
 13 47 72 74 99 107 116 145 150 154 157 188 194 258 267 281 292 315 317 325 394 400 428 449 493 494 528 559 606 612 641 673 683 712 717 744
N 915
 119 124 161 169 195 196 217 234 237 258 259 283 289 363 365 376 398 400 425 429 447 470 502 509 512 522 550 574 582 584 586 627 651 667 675 688
N 916
 4 5 39 93 103 174 206 211 221 233 261 280 303 322 333 344 446 449 455 458 473 475 515 523 528 570 590 605 633 635 642 694 695 698 722 740
N 917
 10 20 31 60 76 86 101 113 118 131 143 171 202 204 232 236 266 275 342 368 425 430 449 476 500 534 593 623 629 637 656 676 701 712 722 741
N 918
 1 28 79 99 122 132 151 175 178 200 285 315 317 339 340 357 365 381 397 429 457 485 497 504 529 530 545 549 563 574 577 583 686 699 714 747
N 919
 63 75 88 99 142 152 155 156 169 184 187 198 222 233 235 240 265 268 332 370 416 431 439 484 539 550 577 600 646 676 695 712 729 741 746 748
N 920
 41 51 57 62 67 69 72 184 191 263 270 287 290 315 318 320 342 343 428 452 455 457 499 545 596 598 601 611 631 641 676 681 693 718 735 743
N 921
 30 63 76 78 104 108 121 134 150 157 196 210 220 314 346 361 372 373 393 396 410 424 462 492 532 537 552 557 558 566 567 596 615 645 649 746
N 922
 8 29 37 66 67 82 98 108 150 158 159 191 234 241 243 274 292 301 341 392 421 438 454 511 512 526 562 571 582 600 648 649 672 701 709 724
N 923
 39 100 125 200 203 242 243 247 267 274 275 276 286 327 373 404 408 416 427 453 475 486 491 493 512 524 538 582 623 635 660 670 675 693 702 705
N 924
 32 37 68 76 85 91 92 126 135 178 189 207 256 293 300 312 316 343 391 400 406 408 461 496 516 518 547 594 596 620 626 646 661 668 693 732
N 925
 4 6 26 87 107 115 119 133 187 251 282 291 315 320 331 332 335 339 345 381 437 438 464 528 547 563 573 626 638 687 715 718 723 724 742 743
N 926
 10 17 22 23 32 35 47 69 76 105 112 160 197 276 283 300 327 345 371 402 419 440 445 450 464 473 475 527 528 547 588 665 698 702 707 729
N 927
 17 23 32 59 62 122 127 141 182 222 223 227 234 247 256 271 272 277 279 281 312 349 351 355 358 408 436 456 494 507 552 572 588 636 708 716
N 928
 26 35 58 89 109 154 155 164 207 234 242 260 267 294 311 366 378 388 404 419 430 447 472 501 540 541 544 561 573 598 614 656 665 676 711 725
N 929
 6 7 37 61 101 112 116 134 141 175 181 203 204 240 248 264 273 278 294 355 399 457 486 497 519 568 580 612 645 648 692 713 720 725 734 747
N 930
 32 34 36 50 67 85 122 152 221 223 224 238 263 264 277 284 298 306 308 316 318 328 362 422 430 447 453 458 470 512 521 525 594 595 675 710
N 931
 8 23 24 42 82 117 129 155 220 236 252 276 293 334 417 429 473 488 491 502 511 522 531 573 579 607 664 672 692 706 715 740 744 746 748 750
N 932
 24 41 52 70 81 119 138 186 198 241 274 281 285 294 316 317 331 367 393 395 396 402 403 419 438 500 544 547 559 605 631 649 660 689 730 742
N 933
 50 71 93 96 100 122 149 157 158 163 244 246 247 252 255 263 299 315 331 340 401 411 436 471 476 486 523 539 558 598 632 643 664 672 693 712
N 934
 20 32 111 142 153 167 227 239 258 259 279 319 322 362 381 424 462 472 490 501 502 515 520 528 542 567 589 599 617 630 649 678 683 710 732 746
N 935
 18 25 44 50 106 110 122 123 128 129 148 166 223 229 232 250 256 271 280 306 328 366 367 465 509 511 513 519 582 592 613 651 664 698 733 740
N 936
 3 8 12 25 36 77 78 119 145 170 173 220 268 314 335 347 411 416 428 438 466 488 570 605 664 665 672 682 691 713 716 717 722 737 745 755
N 937
 4 5 7 67 84 108 127 158 195 249 271 291 303 305 330 332 338 342 378 387 418 488 501 513 543 558 564 592 594 602 623 626 700 720 726 748
N 938
 16 50 64 96 106 122 136 182 185 205 214 245 271 332 334 336 342 354 373 382 404 430 438 476 519 537 561 571 611 656 668 690 693 704 708 753
N 939
 42 57 100 116 144 170 202 248 276 285 286 302 323 344 345 364 372 392 400 430 536 538 548 554 569 578 584 604 614 623 628 636 658 669 692 739
N 940
 8 21 27 57 79 80 116 164 177 193 201 207 217 276 281 286 294 319 356 375 379 391 393 473 487 541 576 597 602 650 660 663 672 703 721 747
N 941
 33 59 67 74 76 79 81 155 157 172 186 188 228 255 282 309 331 332 353 368 370 386 404 503 506 523 537 573 590 608 609 630 640 642 653 708
N 942
 3 8 24 61 64 75 79 86 115 121 178 182 188 198 210 214 217 239 250 254 257 345 398 501 502 508 515 546 597 636 644 669 695 702 722 727
N 943
 14 19 20 34 43 88 105 140 159 164 206 207 215 225 250 268 332 334 357 380 397 405 417 461 483 486 492 507 532 534 636 638 711 738 745 752
N 944
 19 24 29 50 64 85 99 116 143 151 175 235 237 239 270 286 287 288 314 319 364 434 437 438 445 456 460 473 483 489 495 557 592 659 700 743
N 945
 10 18 59 79 81 83 91 95 96 118 124 148 157 166 173 185 201 203 205 211 226 283 289 320 326 361 421 464 521 540 546 566 579 635 669 680
N 946
 12 43 59 61 77 91 99 113 118 208 225 245 287 291 313 323 329 334 353 365 428 432 464 524 531 573 575 616 622 639 647 652 691 718 722 728
N 947
 45 51 69 73 85 90 123 138 143 156 162 166 215 226 237 243 276 290 303 372 375 380 390 478 490 533 534 540 545 549 603 607 612 631 647 749
N 948
 34 74 102 115 119 120 143 154 179 200 270 273 295 308 320 345 362 401 408 409 410 420 432 451 498 525 563 601 612 627 639 645 676 691 715 731
N 949
 16 36 57 62 90 110 118 126 143 154 156 158 177 256 350 364 380 382 412 419 453 490 542 588 593 594 595 607 623 643 648 655 665 704 718 739
N 950
 3 8 34 67 81 100 111 130 166 168 172 244 273 291 328 335 349 359 370 396 434 478 550 551 555 558 564 591 602 627 646 665 685 690 706 717
N 951
 3 18 30 70 128 141 181 182 214 215 216 222 275 277 324 327 369 373 391 445 486 521 532 635 637 647 649 651 665 678 686 688 701 717 735 751
N 952
 6 12 28 39 57 90 124 125 138 164 170 189 224 230 232 235 263 274 299 305 336 358 402 415 437 459 543 556 560 568 570 615 674 690 715 726
N 953
 9 20 28 33 40 62 67 70 79 97 121 153 173 179 219 238 329 345 388 421 422 485 514 515 566 572 609 622 664 671 708 710 711 724 726 730
N 954
 24 75 82 84 98 142 166 193 212 221 254 259 266 268 309 330 341 381 399 418 425 459 477 480 488 516 538 556 583 593 636 686 714 721 739 746
N 955
 7 14 26 41 45 133 147 178 202 205 222 241 306 308 319 348 362 386 428 433 444 447 458 487 520 526 562 592 595 649 654 688 694 700 728 735
N 956
 19 25 52 55 63 113 126 142 166 210 213 228 262 269 317 337 363 382 390 416 455 466 479 506 508 519 528 596 606 610 647 652 661 664 689 732
N 957
 70 108 129 143 163 174 198 206 225 226 228 229 230 269 299 323 336 342 419 453 465 510 516 535 589 620 624 636 640 654 657 681 705 728 729 739
N 958
 7 24 28 45 127 167 190 194 202 208 209 211 217 218 234 260 263 269 330 360 367 414 438 445 463 465 508 545 568 572 599 601 681 688 714 749
N 959
 3 42 62 98 111 127 152 167 173 186 267 270 281 291 328 339 341 369 372 379 384 392 410 453 469 472 524 555 604 622 641 663 674 684 752 753
N 960
 12 86 109 120 131 139 160 176 212 217 240 243 252 253 290 310 383 384 459 497 500 518 520 544 546 570 589 603 631 676 691 711 716 719 731 751
N 961
 30 89 109 132 176 195 219 221 228 244 260 301 303 310 320 381 395 402 416 425 436 443 449 451 472 479 484 485 498 518 540 559 565 632 714 722
N 962
 0 7 22 29 49 55 125 182 183 184 222 250 252 253 300 331 332 333 338 352 356 370 407 423 471 487 568 586 596 626 651 668 675 697 716 736
N 963
 11 17 79 82 105 120 124 134 147 165 174 191 206 216 298 300 303 392 399 413 449 481 483 512 521 543 548 603 604 625 637 645 650 676 727 749
N 964
 20 34 54 85 140 144 158 190 202 208 242 244 268 284 300 326 349 380 398 410 413 437 464 513 559 560 596 598 618 627 638 659 695 706 709 716
N 965
 9 48 52 61 78 96 101 133 138 180 184 185 195 202 221 253 271 313 315 340 346 353 383 432 435 468 513 545 553 568 573 588 607 664 690 697
N 966
 21 49 55 66 97 114 120 129 164 198 276 341 346 351 378 395 399 440 474 486 500 510 516 525 556 584 593 594 601 605 637 655 663 693 703 740
N 967
 11 18 32 35 94 108 110 118 127 140 155 184 254 260 288 313 314 332 342 344 377 383 412 418 501 536 542 560 565 567 590 644 663 706 735 738
N 968
 16 54 100 131 143 149 173 182 192 203 209 223 274 294 296 336 351 359 366 420 421 478 485 510 515 525 526 533 544 624 659 666 674 705 709 728
N 969
 5 22 57 121 137 149 156 157 184 192 231 263 266 287 360 361 380 381 444 448 454 458 518 527 553 579 598 610 625 637 646 673 691 718 730 755
N 970
 6 18 22 25 32 43 64 109 171 185 231 259 288 298 302 307 331 333 371 391 396 444 451 474 483 490 500 552 565 569 579 606 649 666 731 746
N 971
 16 21 39 56 69 74 107 110 165 171 203 204 205 282 294 366 367 369 380 404 417 433 460 470 500 520 543 549 559 587 601 612 653 656 700 721
N 972
 12 30 43 74 84 85 90 150 187 194 197 211 278 279 286 320 330 422 436 439 445 466 468 475 478 493 568 571 651 656 660 664 681 682 689 723
N 973
 35 43 52 56 67 74 107 109 167 189 191 249 285 299 318 323 348 352 425 426 441 447 471 473 474 484 509 526 587 592 625 651 666 671 695 730
N 974
 21 37 83 87 93 150 169 231 251 297 317 342 385 403 443 455 459 514 518 565 576 580 585 590 620 623 624 653 672 692 714 720 734 741 743 745
N 975
 0 7 51 66 113 139 145 191 233 244 253 261 301 302 348 351 440 443 451 487 493 512 527 536 541 555 583 613 619 680 692 729 737 753 754 755
N 976
 5 104 117 120 149 181 184 192 206 230 239 288 304 323 326 328 344 371 386 390 432 433 468 473 478 547 579 580 609 615 627 631 670 671 684 701
N 977
 12 127 130 145 152 189 192 206 238 241 267 302 322 336 354 366 371 372 373 382 409 433 465 523 553 578 612 617 629 641 646 658 682 699 713 717
N 978
 0 21 58 135 146 153 168 170 181 194 204 207 225 262 295 311 326 350 373 376 395 411 425 454 455 479 507 526 548 549 554 580 617 670 731 754
N 979
 2 24 67 94 134 147 151 158 170 176 212 232 240 247 255 267 308 326 354 373 394 418 435 436 442 472 500 571 591 652 667 696 697 706 721 740
N 980
 4 17 60 78 100 103 113 117 153 175 182 226 236 298 304 345 355 366 385 390 394 399 406 412 432 481 482 499 536 581 663 683 703 706 732 749
N 981
 7 13 25 80 100 119 138 141 150 167 174 220 250 264 296 308 321 332 346 373 390 395 396 431 439 447 449 459 471 487 537 550 575 676 730 739
N 982
 20 25 72 102 132 153 165 167 168 181 243 256 272 283 350 351 397 416 418 442 449 465 481 483 491 540 555 596 606 647 699 711 729 747 748 755
N 983
 14 53 78 91 96 135 159 162 232 240 248 266 272 275 285 286 321 347 376 385 390 402 407 409 439 480 492 505 529 555 594 604 667 669 697 713
N 984
 10 15 53 101 104 110 129 141 157 166 207 308 310 339 346 350 439 448 453 458 489 497 502 508 519 527 586 602 608 620 629 645 650 662 710 738
N 985
 0 1 24 29 42 77 121 126 130 134 155 169 194 198 210 213 216 252 286 331 388 405 408 411 412 477 480 551 559 577 628 633 644 650 682 703
N 986
 34 58 93 145 148 181 184 185 202 222 223 231 239 240 279 283 291 314 336 358 414 415 416 454 505 509 548 550 566 581 586 608 631 653 658 668
N 987
 50 70 103 106 112 179 183 235 237 253 259 265 271 290 307 308 391 398 418 426 429 459 462 514 554 588 614 618 620 629 680 694 703 707 710 751
N 988
 6 15 37 38 55 120 126 175 216 221 257 285 313 321 339 354 379 391 403 422 426 480 518 538 545 551 578 584 661 684 704 713 725 731 744 752
N 989
 2 9 35 65 73 76 105 125 165 236 242 253 265 272 281 296 336 356 381 411 413 463 467 491 536 541 563 564 599 601 607 619 662 699 719 723
N 990
 22 64 89 111 138 143 162 208 226 227 247 285 337 349 351 376 437 454 477 502 509 527 530 543 547 608 614 632 641 651 660 684 686 737 752 755
N 991
 21 43 64 80 152 161 163 170 189 221 240 275 276 279 280 285 288 293 323 342 358 431 436 489 491 522 576 585 602 626 636 648 692 693 699 713
N 992
 13 22 34 60 72 81 84 132 144 216 233 247 293 298 304 313 318 341 359 374 382 430 439 445 515 531 537 553 593 642 644 674 680 724 741 748
N 993
 22 33 121 138 203 207 215 225 226 227 236 252 254 269 303 306 388 400 425 434 461 479 489 496 513 553 582 620 623 624 679 687 720 725 738 747
N 994
 31 41 48 76 99 140 159 190 199 202 246 270 293 296 308 317 337 352 354 358 372 412 413 499 503 544 554 583 588 615 618 625 655 684 691 730
N 995
 28 39 40 45 66 89 128 172 178 185 194 205 207 219 231 237 238 295 327 351 363 366 415 438 441 442 471 548 597 626 629 678 701 704 713 753
N 996
 1 8 21 31 54 58 66 78 104 107 108 117 130 154 159 186 225 229 264 304 341 361 368 370 410 412 432 502 515 516 524 564 583 710 740 753
N 997
 65 72 110 144 147 158 166 176 181 213 240 266 272 278 281 366 371 389 407 445 461 495 502 523 556 608 611 615 618 633 637 682 690 696 714 719
N 998
 11 56 67 84 102 115 123 145 150 204 267 288 302 307 326 344 345 353 362 417 437 439 464 480 495 521 558 573 594 631 685 708 715 728 749 750
N 999
 9 11 19 39 44 58 90 91 107 127 128 133 165 170 175 218 219 240 247 251 259 271 281 348 350 368 376 435 459 566 631 643 667 679 685 715
N 1000
 22 56 112 120 129 136 154 185 193 196 224 258 325 330 353 369 376 384 416 440 450 451 482 518 549 560 569 570 612 656 662 664 670 674 732 753
N 1001
 9 26 51 52 79 106 110 121 132 152 178 202 234 248 283 299 305 326 335 354 366 370 397 403 434 460 472 511 524 552 609 614 635 731 750 755
N 1002
 49 60 125 134 136 144 162 171 196 199 221 239 251 321 343 354 359 367 422 441 442 465 466 476 489 521 563 582 600 609 630 634 664 678 692 728
N 1003
 15 16 21 22 62 69 83 127 136 185 192 207 218 255 260 270 289 359 379 443 457 469 481 487 504 529 553 565 572 608 611 630 633 639 645 743
N 1004
 49 63 70 88 95 129 141 151 171 202 245 249 285 312 341 368 382 406 416 430 450 456 482 509 547 552 671 674 679 690 702 720 727 737 739 741
N 1005
 26 77 101 159 172 189 233 255 258 283 299 333 334 338 349 371 387 443 449 492 530 561 571 587 589 660 666 669 684 689 695 696 708 713 726 731
N 1006
 25 37 49 88 122 163 205 247 253 259 279 288 319 322 325 355 362 377 379 398 403 414 416 463 469 497 549 574 613 655 670 671 729 736 742 746
N 1007
 40 89 103 104 113 118 166 207 214 218 315 336 351 355 368 372 407 412 434 439 447 479 491 529 592 596 637 638 645 668 679 683 712 724 732 733
N 1008
 1 3 10 17 80 85 200 210 213 225 258 280 282 302 314 351 385 386 390 424 436 451 486 495 502 516 533 578 591 598 616 629 689 698 717 752
N 1009
 3 4 15 26 34 75 85 93 109 139 159 165 188 197 203 225 242 265 300 337 375 377 417 433 445 483 504 532 534 568 580 604 614 617 718 738
N 1010
 10 44 67 75 104 130 178 223 242 280 287 292 294 338 347 388 397 431 467 478 494 513 545 548 562 564 575 578 585 613 636 640 646 647 694 695
N 1011
 38 43 59 88 116 121 173 180 195 246 320 356 403 410 411 419 448 449 456 460 474 497 505 515 517 557 563 581 584 596 616 621 622 641 693 695
N 1012
 36 51 58 86 159 160 171 179 194 200 223 231 293 308 318 334 388 395 405 412 475 480 496 502 506 562 599 609 656 669 700 714 724 733 737 754
N 1013
 26 27 45 59 108 144 173 174 178 207 239 274 338 351 359 410 422 429 474 481 503 523 526 539 544 573 576 580 612 640 648 660 685 691 733 742
N 1014
 48 80 82 83 91 105 139 180 225 239 281 323 330 343 382 410 468 489 493 498 511 525 597 602 603 624 652 654 655 670 673 687 702 728 729 738
N 1015
 57 89 103 116 132 173 183 192 219 220 233 271 276 299 334 348 376 391 421 468 503 519 520 523 593 619 628 642 664 689 721 723 727 732 741 742
N 1016
 9 33 102 137 153 187 207 209 215 231 237 244 256 283 309 323 339 343 350 360 368 382 393 402 421 491 519 590 637 682 707 711 716 732 736 745
N 1017
 15 27 47 73 122 174 193 201 289 309 319 336 353 357 380 406 434 456 479 505 539 548 561 567 575 581 611 617 619 638 678 681 694 709 745 747
N 1018
 1 20 37 64 70 87 118 147 161 172 209 224 253 259 285 327 337 356 363 382 394 407 432 568 600 609 622 640 651 654 660 679 693 706 717 727
N 1019
 3 28 44 55 58 114 118 127 185 187 191 202 217 223 245 272 295 355 377 381 411 426 453 471 511 519 534 535 547 549 563 597 602 627 628 699
N 1020
 13 20 31 32 35 37 49 57 88 125 126 134 205 237 241 253 279 287 332 339 347 389 396 404 472 476 480 493 605 652 653 669 676 681 683 687
N 1021
 11 17 77 78 97 107 144 181 216 221 268 273 287 302 311 331 336 343 367 414 419 449 467 477 506 513 520 542 581 641 656 667 673 693 733 738
N 1022
 4 15 60 89 99 122 191 225 229 237 247 260 264 292 300 334 352 362 397 411 416 418 483 492 546 559 623 639 641 649 659 694 729 730 740 753
N 1023
 3 27 38 61 74 83 96 97 123 155 159 188 231 245 246 256 277 328 365 371 425 441 459 480 491 508 524 542 565 574 591 617 650 657 662 684
N 1024
 23 68 71 108 111 133 136 153 167 170 177 202 208 278 323 340 350 385 387 423 425 431 436 498 542 565 588 616 623 638 655 677 682 734 744 749
N 1025
 19 29 37 62 93 111 113 132 147 206 215 224 231 245 269 293 295 298 302 303 324 330 439 474 510 523 552 553 556 573 609 690 691 722 725 726
N 1026
 8 21 45 49 50 57 105 112 136 153 174 183 217 255 261 266 282 291 293 319 346 356 368 369 376 414 486 492 506 522 580 597 674 678 682 735
N 1027
 8 44 84 97 98 122 127 160 221 225 242 255 261 267 277 296 303 310 343 351 439 487 492 499 513 520 526 543 549 565 571 616 655 683 723 748
N 1028
 18 24 32 33 59 62 131 180 204 205 259 330 360 396 397 411 428 429 441 501 512 514 536 547 551 569 583 585 600 604 626 648 670 691 707 737
N 1029
 15 20 32 33 88 123 146 204 231 264 266 268 281 290 292 305 312 323 324 350 371 423 452 485 501 543 547 587 590 633 650 653 704 707 717 726
N 1030
 73 103 147 158 161 171 183 197 199 217 251 317 319 333 335 387 388 412 413 421 465 475 519 524 555 568 638 651 662 671 684 702 704 710 715 723
N 1031
 2 7 32 84 107 124 127 155 173 205 209 210 212 214 217 226 231 264 275 288 291 292 370 426 434 437 443 446 484 545 610 618 663 680 697 753
N 1032
 1 4 62 98 112 114 138 144 164 182 213 215 236 257 264 308 371 376 392 429 435 448 519 525 528 540 576 629 633 643 647 664 692 725 739 748
N 1033
 0 82 84 94 99 124 148 169 177 200 212 221 275 304 327 340 349 363 379 392 404 424 456 465 509 550 616 627 658 669 676 698 707 714 738 743
N 1034
 26 29 44 53 76 95 102 112 153 184 193 214 217 262 266 276 280 284 294 307 389 393 412 462 469 501 514 521 533 546 565 577 608 675 735 740
N 1035
 26 75 90 102 116 163 167 177 196 204 212 220 237 288 296 310 320 325 398 415 419 443 472 473 506 518 535 628 640 658 661 678 699 703 715 729
N 1036
 7 25 42 46 51 175 180 183 194 244 298 340 398 405 416 445 474 507 519 551 558 579 598 626 632 634 638 650 665 667 672 689 697 728 743 752
N 1037
 40 42 56 60 89 137 154 160 178 233 252 258 273 290 295 308 309 409 436 455 463 476 492 515 519 521 601 624 630 642 667 693 695 698 707 749
N 1038
 6 8 33 35 70 106 124 128 174 194 234 261 262 274 283 341 352 374 386 419 422 446 456 527 531 538 549 553 565 569 570 574 579 649 679 747
N 1039
 4 40 112 114 148 176 178 254 273 277 279 280 282 360 370 410 431 441 447 456 495 497 506 522 534 552 571 590 597 634 653 658 662 701 716 726
N 1040
 30 37 85 98 165 170 171 186 194 204 251 276 292 299 328 333 335 355 369 406 411 452 493 505 536 568 574 577 589 599 620 632 674 726 729 746
N 1041
 1 41 60 63 90 103 124 133 187 236 239 243 247 249 275 277 369 377 379 399 488 503 513 516 518 534 542 574 584 631 668 677 685 696 697 730
N 1042
 10 17 27 44 56 67 88 95 103 151 242 285 289 356 394 400 405 411 442 450 452 454 494 541 577 585 591 625 641 644 648 683 724 742 748 750
N 1043
 1 5 8 9 23 33 42 43 64 84 105 113 137 141 155 191 212 268 293 300 313 331 349 352 392 422 432 542 580 658 677 691 700 710 716 732
N 1044
 14 38 65 70 78 91 115 117 123 145 152 325 340 354 370 378 388 449 485 490 497 517 522 579 589 594 615 632 642 643 648 653 687 688 703 718
N 1045
 12 44 72 77 95 102 126 139 169 182 195 201 224 226 257 278 332 338 342 347 357 383 426 436 451 458 473 485 516 530 542 561 586 621 652 702
N 1046
 0 27 46 51 53 78 96 128 176 211 226 241 321 348 398 436 441 473 504 508 533 539 542 551 583 585 591 598 625 631 647 673 681 710 739 744
N 1047
 12 15 40 43 68 70 90 139 189 198 200 208 224 260 285 287 310 311 323 328 329 345 346 365 409 412 500 634 636 656 663 671 675 683 704 722
N 1048
 31 66 74 78 84 88 113 134 135 148 152 164 190 202 210 212 215 263 307 358 365 408 415 464 467 494 498 523 544 647 666 680 692 706 742 747
N 1049
 6 29 58 77 146 152 154 221 275 276 343 353 358 362 366 373 385 388 407 427 451 452 485 490 525 571 580 601 602 619 648 663 686 722 727 731
N 1050
 11 54 55 71 109 135 171 198 220 235 258 264 294 304 325 326 329 338 347 375 407 414 468 555 560 593 595 600 607 622 661 676 707 708 720 722
N 1051
 14 18 20 32 93 95 118 119 140 183 191 199 223 249 257 302 316 377 382 384 389 410 448 483 530 533 543 559 567 575 591 655 688 718 721 728
N 1052
 19 23 95 120 125 173 183 205 234 236 246 260 267 269 272 280 355 381 384 398 443 458 490 504 505 519 535 615 632 636 709 726 731 736 750 753
N 1053
 3 11 39 41 51 84 102 129 165 177 199 211 214 223 283 304 314 326 336 337 360 366 431 437 461 462 467 513 520 608 625 626 657 678 681 737
N 1054
 41 97 106 118 132 146 202 211 214 235 291 298 317 371 378 401 421 422 428 466 472 496 504 510 514 517 524 600 611 622 635 661 694 721 744 753
N 1055
 8 23 31 50 58 92 117 125 129 134 145 157 203 213 243 255 284 357 371 400 445 453 529 534 589 597 611 635 639 654 663 675 688 719 734 735
N 1056
 30 47 69 134 171 194 213 215 242 258 286 316 319 321 327 331 334 348 361 396 421 457 466 482 509 513 546 570 582 628 635 659 699 701 724 741
N 1057
 16 54 56 63 136 153 168 169 175 190 196 208 232 325 358 364 390 427 447 456 459 514 515 529 533 541 544 558 596 622 640 665 684 685 713 750
N 1058
 9 32 40 60 78 88 92 123 142 149 166 176 193 277 298 335 338 345 411 440 447 456 477 485 504 520 534 555 558 575 579 618 650 678 749 755
N 1059
 11 28 37 48 68 103 112 120 140 153 163 172 190 222 247 254 283 320 352 362 365 387 417 441 443 473 474 493 517 545 546 559 560 661 682 722
N 1060
 143 167 174 180 191 195 206 279 283 291 293 297 363 372 390 406 422 423 452 455 459 467 486 528 545 598 599 647 657 667 672 679 710 731 746 754
N 1061
 11 24 58 70 85 99 121 145 152 161 168 182 244 247 253 290 294 305 319 339 397 424 439 457 465 485 517 543 588 597 654 684 710 734 745 754
N 1062
 21 29 105 112 115 116 139 172 186 196 219 226 249 256 288 327 337 379 404 428 440 451 459 492 531 537 580 584 591 594 607 610 647 686 717 749
N 1063
 2 12 31 57 93 107 108 122 202 242 264 272 298 347 350 356 401 402 415 420 439 445 548 551 558 591 593 666 691 703 714 717 729 735 742 752
N 1064
 16 28 48 70 92 141 238 246 248 270 271 280 291 303 318 329 364 415 416 433 448 469 502 524 536 539 558 570 571 582 591 603 611 684 700 734
N 1065
 9 33 40 77 85 124 131 169 237 293 295 302 347 388 420 434 452 475 503 507 527 533 574 577 595 598 624 625 660 697 705 706 711 719 737 747
N 1066
 10 30 58 91 95 99 115 140 153 181 219 236 249 251 282 287 294 299 316 337 351 414 463 474 476 482 503 554 629 634 646 659 711 716 719 733
N 1067
 16 23 39 45 69 72 73 94 116 127 171 195 210 233 234 241 282 301 304 339 340 426 440 473 484 554 570 578 620 632 653 666 669 704 714 728
N 1068
 34 43 76 98 114 137 169 201 218 229 232 274 294 368 414 458 459 467 489 520 545 557 571 591 593 594 602 624 633 665 672 677 719 732 733 741
N 1069
 26 52 53 60 75 76 86 99 126 134 144 166 180 277 293 348 354 357 378 385 406 412 422 442 448 462 498 509 544 565 569 612 622 644 677 741
N 1070
 15 45 80 110 132 133 213 216 228 230 237 270 286 313 340 347 387 441 481 504 536 556 599 603 614 654 656 690 713 715 716 719 720 723 724 737
N 1071
 41 71 77 179 180 216 221 229 251 253 265 312 347 377 384 407 424 452 464 477 499 526 550 553 556 562 590 615 625 634 638 655 679 695 706 745
N 1072
 11 41 58 132 135 137 158 211 218 226 234 238 246 309 319 320 332 374 395 454 455 457 459 490 502 519 523 544 594 611 631 643 658 664 719 731
N 1073
 21 28 49 74 88 89 91 94 161 183 190 196 299 305 365 371 385 388 397 419 503 564 577 585 633 652 667 669 672 677 694 696 701 719 736 738
N 1074
 19 44 49 66 76 87 115 151 168 203 227 231 245 289 300 310 357 368 372 386 391 403 415 416 422 461 478 480 498 541 569 587 642 681 696 733
N 1075
 5 59 82 130 141 160 172 196 202 214 273 277 278 334 359 391 397 410 448 481 494 505 518 531 550 555 568 569 613 619 636 655 691 692 701 717
N 1076
 2 30 42 46 90 143 170 182 199 230 234 274 289 341 359 391 431 438 451 479 484 530 552 570 587 596 605 612 625 658 674 685 698 712 735 748
N 1077
 2 7 14 69 109 165 177 208 214 255 258 265 281 297 370 378 387 413 429 455 472 503 523 529 534 561 604 606 634 647 675 690 696 715 741 744
N 1078
 14 15 22 24 32 51 167 171 192 234 239 298 342 353 361 364 380 396 405 406 409 414 432 434 450 469 534 548 609 616 620 668 697 717 728 750
N 1079
 65 113 123 130 154 175 188 227 259 345 354 380 384 415 418 456 470 484 490 500 510 545 555 583 587 594 595 608 625 649 651 663 682 701 714 715
N 1080
 0 9 13 72 92 103 189 209 243 296 302 334 377 378 393 417 486 490 492 497 499 500 508 550 561 604 616 645 655 668 697 699 704 736 745 748
N 1081
 6 14 27 61 92 100 101 110 117 119 186 195 209 220 250 292 334 394 395 397 414 428 441 442 471 487 496 552 606 608 609 610 661 685 731 736
N 1082
 31 36 43 92 106 145 163 187 196 205 242 243 261 263 290 314 317 341 370 403 404 416 428 444 449 468 480 486 488 489 497 564 585 589 608 691
N 1083
 0 27 30 53 56 68 130 143 147 151 185 200 300 339 361 364 365 423 453 454 455 470 481 539 541 552 627 639 650 657 658 678 685 706 712 737
N 1084
 8 52 63 77 116 139 140 156 157 161 193 216 222 251 257 258 308 312 359 377 378 380 392 406 466 499 502 527 538 549 553 554 556 563 622 727
N 1085
 12 35 50 71 156 172 174 226 236 246 307 365 375 391 404 463 474 482 515 538 541 554 560 565 594 597 623 634 642 645 666 682 695 720 733 748
N 1086
 40 47 66 74 75 101 132 147 206 252 261 314 324 348 374 375 393 401 438 443 446 447 448 453 456 467 539 563 580 590 600 608 631 634 658 683
N 1087
 0 1 4 9 12 18 23 26 38 64 92 105 108 115 144 159 181 192 210 244 251 254 255 270 292 319 353 380 407 417 489 585 621 673 710 752
N 1088
 7 44 62 76 82 88 100 144 150 159 186 218 238 249 259 275 296 362 451 483 510 530 575 595 601 620 628 641 650 674 683 684 690 702 712 751
N 1089
 13 46 65 95 148 154 179 187 234 255 269 307 340 345 349 380 386 390 418 428 471 486 489 501 505 520 540 560 573 600 621 644 698 704 730 754
N 1090
 0 21 40 59 68 87 95 119 126 127 160 165 178 184 216 223 229 246 258 290 317 352 360 371 450 458 464 539 562 569 577 603 642 696 729 744
N 1091
 17 33 42 73 79 98 101 120 122 130 142 222 233 255 299 305 331 359 364 394 430 432 458 487 517 552 566 622 626 678 697 698 711 728 751 755
N 1092
 40 44 53 69 115 131 219 275 287 289 354 355 376 388 406 469 471 485 486 507 508 517 530 540 554 557 593 606 654 682 686 691 729 742 750 755
N 1093
 18 36 53 54 77 84 85 98 103 162 196 221 246 278 344 365 400 402 403 445 447 488 502 515 528 541 578 593 598 605 645 649 681 686 727 754
N 1094
 2 75 128 133 158 167 183 186 189 259 268 289 326 332 333 341 387 404 405 437 441 489 508 525 528 587 593 596 597 646 660 663 673 703 730 744
N 1095
 4 18 50 58 96 117 124 140 141 143 148 169 201 241 319 326 387 413 433 460 465 473 517 534 537 538 545 547 580 581 615 619 627 646 670 694
N 1096
 2 42 63 70 71 81 114 116 134 142 186 225 254 260 265 286 290 306 339 345 377 475 484 503 517 551 578 589 631 656 661 683 685 686 687 753
N 1097
 52 81 101 103 106 119 126 148 179 187 201 234 255 268 269 290 306 322 363 366 382 435 463 487 559 576 621 633 652 653 657 711 712 720 721 747
N 1098
 29 32 38 73 89 100 104 114 161 229 270 281 290 291 297 356 367 388 395 425 454 455 484 495 502 509 534 561 596 625 653 674 708 716 722 735
N 1099
 20 58 62 89 120 126 142 168 192 203 206 211 226 257 302 396 403 420 482 496 540 548 588 594 598 607 621 633 655 662 671 701 715 718 735 738
N 1100
 3 70 133 137 158 163 172 213 247 294 310 322 354 401 402 421 426 431 440 467 470 473 490 498 561 572 583 584 590 621 630 685 693 702 737 753
N 1101
 4 10 14 29 51 74 76 79 88 94 107 117 134 157 181 188 200 229 245 263 304 342 417 435 448 460 567 587 595 606 658 669 713 716 740 747
N 1102
 1 35 47 61 68 69 77 136 156 173 183 289 291 293 299 316 321 324 356 364 391 424 427 439 440 461 476 525 534 600 679 715 723 725 744 748
N 1103
 3 19 34 39 53 92 94 110 127 153 207 251 272 340 348 356 357 360 374 387 399 407 424 479 487 508 531 570 575 630 651 655 675 688 689 754
N 1104
 34 39 65 91 92 100 115 116 142 240 245 254 261 272 279 298 334 359 376 381 388 394 406 429 439 460 473 500 521 532 613 619 632 637 649 676
N 1105
 10 25 26 45 65 80 108 113 158 160 171 183 186 209 229 272 275 317 367 411 481 485 515 520 530 532 576 582 592 646 651 653 686 690 729 744
N 1106
 8 51 65 87 125 134 142 192 212 234 277 290 305 311 313 361 369 395 433 444 450 483 485 505 551 561 569 629 654 670 681 722 732 733 735 749
N 1107
 26 58 75 98 102 144 215 231 234 243 248 252 283 311 320 335 360 384 390 391 424 427 433 458 463 479 512 517 538 561 586 587 697 727 739 744
N 1108
 16 30 40 47 91 92 96 122 207 235 257 269 303 307 364 379 394 399 407 427 434 490 496 497 501 506 551 554 558 577 624 637 653 662 675 718
N 1109
 18 38 56 161 166 182 190 209 222 248 296 301 309 339 351 387 389 407 418 463 520 550 552 557 562 566 586 604 624 629 630 640 694 720 732 743
N 1110
 113 119 136 137 148 158 161 187 192 204 208 233 235 238 277 279 295 312 329 352 367 390 402 423 424 426 447 458 467 578 618 634 702 704 713 755
N 1111
 3 14 17 48 64 84 90 117 133 146 149 220 240 270 272 276 279 281 301 305 357 373 394 419 425 467 494 507 512 517 609 611 612 635 670 750
N 1112
 9 52 105 111 112 119 131 173 187 257 262 302 325 330 332 364 388 404 412 418 461 474 491 492 551 557 561 586 597 601 628 653 725 728 733 739
N 1113
 17 81 112 133 148 185 204 222 227 230 261 266 281 297 317 363 380 400 419 477 486 490 501 554 585 601 633 634 642 646 648 657 662 704 715 724
N 1114
 6 14 37 51 69 122 141 191 218 242 268 295 302 323 328 362 380 408 409 444 455 475 480 524 527 581 593 608 613 625 639 655 668 686 719 728
N 1115
 5 7 19 68 71 87 92 94 151 163 187 193 208 227 235 301 355 358 378 401 402 425 431 437 465 474 499 529 530 584 594 636 643 652 663 670
N 1116
 68 82 102 117 124 135 160 164 169 183 214 220 227 328 344 354 396 401 417 419 449 455 538 539 547 551 566 616 622 623 663 709 724 725 741 752
N 1117
 6 46 53 86 114 115 117 124 126 137 139 140 214 233 243 256 263 268 283 305 338 376 383 427 445 447 496 498 537 566 567 579 582 635 668 726
N 1118
 6 19 49 82 111 140 184 186 187 193 215 242 254 279 292 337 340 430 446 468 471 478 522 546 547 557 576 582 633 653 668 717 727 733 750 755
N 1119
 10 60 71 79 90 93 123 160 195 197 221 284 298 328 402 426 431 446 477 495 496 509 512 530 533 549 567 569 581 593 596 632 642 675 690 703
N 1120
 23 49 69 72 94 152 160 241 290 294 301 339 342 377 394 403 457 462 474 483 518 524 528 550 552 579 588 610 611 675 686 688 700 705 747 750
N 1121
 14 31 87 113 120 149 157 170 180 211 219 221 241 275 286 306 331 351 358 397 408 409 423 450 460 462 479 493 579 594 607 613 649 654 657 753
N 1122
 0 18 21 29 48 97 107 128 144 236 243 261 268 322 353 362 370 388 393 400 404 417 436 490 508 516 558 575 605 620 665 666 698 701 730 743
N 1123
 22 43 78 81 104 136 156 166 171 203 222 348 350 354 364 448 491 505 509 513 518 521 532 575 591 597 616 634 635 662 682 723 743 748 751 754
N 1124
 1 45 56 83 121 145 151 165 174 186 249 256 261 280 330 356 369 395 424 433 452 459 465 489 540 546 550 568 570 590 644 703 712 718 725 742
N 1125
 11 24 53 81 83 86 90 125 156 192 224 262 268 283 336 377 420 436 440 444 452 474 480 481 541 542 575 617 642 648 663 668 716 721 740 746
N 1126
 31 45 48 82 84 93 107 124 130 167 170 205 262 274 284 294 401 407 409 452 505 528 551 556 576 592 594 607 628 635 639 655 680 706 710 723
N 1127
 4 13 46 70 109 131 134 135 142 161 221 224 240 267 269 287 297 312 319 356 435 503 507 516 521 569 570 571 577 585 629 673 702 732 734 752
N 1128
 28 33 53 59 65 72 88 169 185 199 216 301 310 314 332 339 371 407 449 452 463 465 494 495 516 532 549 620 661 672 684 698 725 726 727 736
N 1129
 20 36 44 81 85 93 120 139 162 213 245 261 307 317 357 368 370 381 385 407 410 418 442 564 565 603 615 632 658 674 683 705 720 729 733 748
N 1130
 16 52 55 87 148 158 188 196 197 198 217 238 250 276 293 315 323 337 383 429 493 503 518 523 554 556 572 586 600 601 621 626 644 676 686 737
N 1131
 25 27 78 83 110 114 147 159 164 169 177 182 184 200 201 246 252 265 274 284 302 318 397 423 438 452 467 523 565 609 613 631 670 680 694 711
N 1132
 26 35 49 61 68 84 92 96 103 111 114 131 194 218 334 361 417 441 469 479 496 497 501 525 566 585 611 630 636 638 678 694 696 703 726 752
N 1133
 11 60 63 95 118 153 162 163 176 223 303 327 332 333 338 370 393 398 405 420 421 433 480 492 503 514 523 588 609 613 652 659 661 679 695 729
N 1134
 13 16 24 27 66 115 142 143 149 207 224 256 262 287 334 347 348 379 458 536 541 556 581 587 612 617 618 644 651 666 674 705 709 713 723 740
N 1135
 23 35 52 65 75 80 109 118 208 216 244 254 259 280 310 338 368 374 382 390 401 414 458 462 514 541 560 612 619 623 651 672 687 716 718 748
N 1136
 11 35 51 98 109 113 136 147 153 154 165 187 210 211 217 229 254 279 324 354 370 376 379 413 427 494 571 642 643 644 646 654 684 686 738 743
N 1137
 96 109 115 116 145 147 149 176 190 198 232 235 315 335 351 377 378 387 411 440 442 481 485 495 561 566 569 584 587 595 599 654 674 721 722 754
N 1138
 25 28 55 69 79 91 94 118 136 200 241 278 305 332 383 419 441 468 479 482 484 494 495 500 572 580 590 640 661 663 671 676 686 746 750 754
N 1139
 25 47 74 92 111 130 179 180 185 188 204 227 233 251 261 292 427 433 468 471 475 477 534 565 573 605 607 627 643 657 676 681 704 714 733 734
N 1140
 13 24 27 39 63 64 86 117 135 149 187 188 201 227 228 271 292 298 304 339 370 386 389 396 403 422 438 469 482 553 564 578 583 620 654 658
N 1141
 29 41 100 138 147 151 156 164 205 215 220 235 255 262 267 324 346 360 369 372 386 387 392 394 408 409 414 422 576 610 638 644 666 685 705 736
N 1142
 48 55 63 81 83 99 120 132 139 184 205 388 400 405 431 442 465 480 482 493 510 521 527 554 555 557 559 570 591 610 615 630 687 713 731 736
N 1143
 1 45 55 72 96 164 168 214 223 230 232 251 259 311 324 338 342 379 391 405 440 465 515 557 563 564 584 602 610 616 621 645 705 724 726 736
N 1144
 4 18 22 56 63 64 130 171 190 196 207 223 229 235 276 277 322 363 364 367 373 403 422 446 463 467 487 494 515 523 547 552 614 638 675 691
N 1145
 60 84 115 212 227 245 253 275 302 305 329 374 375 397 446 463 476 493 504 509 513 514 519 534 535 560 572 618 632 643 662 682 686 688 694 749
N 1146
 30 33 65 101 111 161 192 194 197 242 253 261 296 320 321 322 399 400 426 458 469 473 487 498 526 566 589 598 662 673 677 683 690 706 719 743
N 1147
 1 9 86 103 129 169 177 198 199 200 248 265 290 315 318 327 333 357 385 387 429 452 453 466 469 479 497 505 517 631 633 687 712 720 739 750
N 1148
 0 4 6 37 68 71 87 114 123 136 163 174 248 264 285 298 305 374 394 401 422 445 519 544 546 558 572 574 597 627 634 678 692 708 715 743
N 1149
 23 54 70 93 103 125 155 164 166 192 199 205 238 239 248 320 326 337 344 356 371 392 439 441 490 494 544 548 580 589 591 681 682 705 727 736
N 1150
 5 48 101 117 138 151 162 208 256 265 306 311 314 338 362 399 400 405 420 421 467 498 507 509 548 557 577 584 595 643 652 661 673 711 737 750
N 1151
 2 5 16 33 42 94 102 139 173 201 221 224 246 255 266 270 288 312 315 325 353 412 448 450 465 509 511 538 628 629 660 665 680 705 719 720
N 1152
 10 23 34 54 56 61 62 76 105 123 128 228 284 289 300 318 337 348 369 410 450 456 497 523 533 557 571 572 588 621 630 668 677 686 691 755
N 1153
 50 53 77 86 111 156 171 175 176 185 189 208 270 285 291 293 303 317 350 360 446 449 455 513 564 586 594 616 619 644 650 681 695 723 731 745
N 1154
 58 59 69 92 93 112 133 138 170 176 179 205 241 273 277 284 287 291 307 363 457 465 466 506 518 527 539 557 562 587 599 601 606 633 670 711
N 1155
 8 103 109 123 124 141 145 186 210 219 233 253 257 264 265 276 295 299 309 311 342 350 379 432 439 457 492 507 528 562 595 599 639 667 669 728
N 1156
 41 81 85 124 140 174 200 216 219 238 241 243 271 281 284 288 294 297 308 312 328 363 449 458 478 511 514 522 556 568 595 605 635 660 689 721
N 1157
 12 20 73 83 115 125 126 128 210 235 246 259 260 269 286 315 358 385 395 402 410 417 445 474 524 526 557 602 605 631 657 677 695 736 746 747
N 1158
 46 49 55 92 97 140 251 269 278 318 323 328 344 350 351 352 378 383 471 491 508 592 595 598 611 622 653 659 661 667 706 707 718 725 749 753
N 1159
 20 27 41 79 96 112 142 152 169 175 197 200 250 251 300 325 332 349 360 377 446 483 489 495 527 542 615 628 694 696 700 703 705 707 726 735
N 1160
 27 39 57 61 78 135 182 236 239 254 335 340 363 372 400 438 450 483 508 511 512 534 560 578 587 601 602 603 631 632 638 649 666 721 733 751
N 1161
 37 64 149 201 211 251 266 279 301 322 352 361 366 395 410 428 470 484 491 524 535 544 546 560 562 564 583 586 588 618 661 663 679 697 745 748
N 1162
 23 33 52 56 66 83 112 117 236 237 269 297 309 310 323 381 384 390 426 432 437 459 475 482 516 518 536 572 575 585 598 638 647 688 738 743
N 1163
 14 40 121 148 152 181 203 215 216 220 270 271 302 315 320 321 330 338 355 400 439 466 470 488 504 516 522 525 586 599 610 629 643 649 654 727
N 1164
 19 29 32 44 48 73 79 87 131 181 193 251 255 270 324 325 341 357 376 383 434 493 521 558 559 562 577 599 619 639 645 673 678 688 696 741
N 1165
 37 87 105 113 130 138 178 230 236 237 247 251 254 264 276 299 324 352 417 434 448 454 469 470 510 512 538 546 549 559 615 651 731 743 746 748
N 1166
 3 14 19 21 47 54 73 81 82 115 146 152 154 185 224 227 246 249 290 323 327 350 354 400 444 476 530 566 590 625 639 645 661 713 715 741
N 1167
 33 41 48 82 95 98 128 156 157 163 179 200 262 284 296 328 378 389 441 471 488 497 542 548 560 570 572 598 604 610 638 662 671 726 727 747
N 1168
 22 45 63 75 83 116 134 136 161 168 176 193 209 214 225 250 251 254 260 341 365 383 413 416 468 491 515 564 574 614 626 678 694 705 707 712
N 1169
 12 17 46 50 65 146 164 167 174 180 181 183 199 237 248 298 303 344 363 366 393 428 435 451 469 500 522 573 588 603 620 670 686 699 717 736
N 1170
 7 16 44 45 54 82 139 174 178 187 261 281 294 308 347 361 423 431 464 489 494 501 525 545 560 571 575 577 579 595 617 655 666 700 705 707
N 1171
 19 29 37 40 42 43 53 72 81 135 178 234 306 313 342 362 383 386 392 403 405 422 437 448 474 482 498 538 550 581 585 628 657 664 704 740
N 1172
 47 61 179 212 255 258 262 273 274 282 288 315 342 384 408 421 465 478 531 535 538 540 579 580 584 592 609 619 643 644 651 662 684 687 722 731
N 1173
 48 72 76 81 104 137 140 199 220 227 230 246 263 280 301 330 331 348 424 453 454 458 464 478 489 496 530 535 553 563 585 588 606 627 709 751
N 1174
 11 55 95 139 147 154 183 185 197 202 224 231 233 249 316 356 374 398 427 433 463 470 474 500 538 539 545 552 553 611 612 639 671 715 717 737
N 1175
 2 16 17 52 78 87 143 147 195 236 239 260 285 290 300 321 325 332 355 412 452 500 536 558 559 581 592 621 623 659 681 682 685 694 696 727
N 1176
 1 18 20 34 38 81 89 116 148 165 184 212 225 226 276 286 330 365 399 410 421 454 507 531 556 624 641 657 692 701 704 714 724 739 750 753
N 1177
 2 28 34 57 60 73 80 146 171 172 177 190 224 275 278 297 301 305 310 313 318 326 338 400 435 439 472 488 504 526 550 567 650 684 690 742
N 1178
 11 13 21 34 77 127 130 131 153 161 169 173 184 203 206 232 235 296 346 372 392 419 425 435 446 550 572 649 655 657 670 676 685 694 702 707
N 1179
 16 27 40 56 95 112 117 194 264 265 319 322 331 344 357 367 370 392 395 453 462 472 476 535 540 548 642 673 674 677 687 700 701 725 749 752
N 1180
 3 19 68 83 186 204 220 226 244 257 267 291 299 316 324 375 381 404 405 472 476 499 522 583 587 607 610 627 630 665 675 685 704 711 727 745
N 1181
 37 87 101 110 125 128 133 134 138 143 189 241 256 271 284 311 325 341 345 358 386 409 422 423 452 492 495 507 520 556 591 610 617 667 737 747
N 1182
 14 56 67 94 95 131 238 247 281 295 310 315 326 341 354 389 417 443 460 463 484 486 499 504 512 605 623 627 630 640 646 664 679 683 707 708
N 1183
 15 33 66 112 146 160 175 215 237 241 275 278 284 305 306 309 316 345 348 384 473 486 499 505 527 606 621 629 637 641 660 669 714 734 746 749
N 1184
 23 38 62 110 114 161 190 199 223 228 252 253 307 340 342 412 432 445 483 506 514 516 527 530 542 576 593 607 617 626 628 673 692 721 723 738
N 1185
 17 37 43 46 52 78 108 138 165 177 199 204 243 253 258 287 307 313 318 353 367 413 425 433 553 566 574 582 585 599 614 626 644 655 680 699
N 1186
 0 7 15 31 64 66 80 106 114 125 138 150 157 209 238 243 275 304 367 373 385 420 433 517 519 541 543 564 598 606 607 620 659 671 693 703
N 1187
 26 28 45 60 103 111 112 129 131 137 168 169 213 224 243 249 252 322 333 360 362 397 400 451 457 505 542 547 554 582 599 626 652 680 705 718
N 1188
 3 7 22 84 97 103 114 130 150 167 170 178 182 191 207 225 239 248 252 261 281 297 307 323 332 348 372 381 440 443 481 523 587 599 744 755
N 1189
 0 1 17 44 59 61 74 90 98 108 168 174 196 230 288 295 326 348 359 389 403 407 418 433 434 470 478 577 594 602 609 628 657 699 739 751
N 1190
 128 156 162 189 192 198 203 208 289 292 301 302 318 326 340 341 344 350 375 387 417 510 522 532 537 560 562 567 573 580 609 669 701 734 742 745
N 1191
 42 83 96 100 108 140 183 188 203 210 238 253 265 287 317 368 461 468 482 504 509 518 574 583 592 636 661 664 676 695 696 714 717 724 734 742
N 1192
 29 39 46 54 56 81 107 163 170 180 190 192 197 212 214 224 269 295 302 306 307 321 324 363 428 504 531 539 549 582 589 659 683 692 710 721
N 1193
 9 38 89 90 94 102 128 173 178 197 250 280 307 404 429 456 464 478 479 501 502 505 541 555 578 580 583 603 604 622 664 665 695 727 728 755
N 1194
 14 22 27 32 67 85 112 140 141 149 170 180 232 241 341 374 393 404 430 443 446 468 541 554 594 625 639 656 659 682 704 720 737 744 748 751
N 1195
 36 48 94 121 123 150 152 192 210 213 217 221 222 230 240 265 268 274 313 326 337 392 393 406 423 433 487 503 590 596 600 608 621 636 652 710
N 1196
 10 50 70 109 125 151 165 171 179 182 196 201 209 243 270 301 367 378 379 538 549 565 567 569 570 589 612 671 673 693 699 703 723 740 745 751
